match_id,event_id,team_name,player_name,period,hull_area,controlled_value
3930166,87a790b7-17a6-4bbd-953f-a06c07edbad9,Portugal,Bruno Miguel Borges Fernandes,1,579.0427074957611,0.11765002662940678
3930166,d39b9730-b4c8-49c8-ad1e-8fc02513a1ac,Portugal,Nuno Mendes,1,859.367298817669,0.09507018876760139
3930166,6a20c7c8-b9ad-4791-8eeb-5c1adbe9fc60,Czech Republic,Robin Hranáč,1,512.8551890611677,0.05832627299875024
3930166,dc943ad4-20df-4ead-bff1-48bc363d2cd0,Czech Republic,Vladimír Coufal,1,1284.8563567937092,0.1082596369552949
3930166,5779233a-840e-47f8-937a-1df4d555fe21,Portugal,João Pedro Cavaco Cancelo,1,693.307978881036,0.0682469251809393
3930166,3d6f3fc7-339f-4665-8607-31eef48cf2f9,Czech Republic,Pavel Šulc,1,1076.168374366391,0.12943880477762765
3930166,e94fb8bd-6c98-47c1-a0ad-d2da5a99c764,Portugal,Bruno Miguel Borges Fernandes,1,227.86369784650879,0.050586805791797515
3930166,6a1a00b0-3c7a-487d-8ba3-2c6f1573120f,Czech Republic,Tomáš Souček,1,689.1872576465429,0.21373545663280583
3930166,061d7cd8-5f16-4527-a9db-2c652010a729,Czech Republic,Lukáš Provod,1,471.2442848267159,0.18079594265986382
3930166,ef97f277-a634-4d00-99c6-b046ab0925e3,Czech Republic,Vladimír Coufal,1,305.8180837700028,0.34678856108414907
3930166,fac41906-82f9-40ed-a27d-b04b3bd1f745,Czech Republic,Vladimír Coufal,1,257.7533496405989,0.419857466517918
3930166,1975c1bd-ad83-446a-9a36-37269d59f917,Czech Republic,Tomáš Souček,1,231.4863068019103,0.3792339244129627
3930166,f7a4cbf0-c895-4c90-9ee6-ff1f0dba8c97,Portugal,Nuno Mendes,1,1310.4910965027007,0.06072850769501635
3930166,ea9dba88-e962-410f-a49a-76291fdec612,Portugal,João Pedro Cavaco Cancelo,1,796.9829415434781,0.07097313998281637
3930166,494bc44a-413e-461e-90a7-60f3aab84deb,Portugal,Rúben Santos Gato Alves Dias,1,762.9079535107587,0.06685336781286921
3930166,080ad8c8-5ce8-4a8e-8558-bd6660e0dfe1,Portugal,Kléper Laveran Lima Ferreira,1,643.3696965058507,0.06980215933455547
3930166,d713e5ec-c9bd-4747-80a7-bb430a87f4dd,Portugal,Kléper Laveran Lima Ferreira,1,524.2233318059123,0.09940910114862427
3930166,1240daeb-a5ca-4386-be9c-dae636af6b21,Portugal,Rúben Santos Gato Alves Dias,1,618.0171444850713,0.08001824618655942
3930166,e29074fd-ef24-4a4e-a7ba-0b8f85800fd8,Portugal,Rúben Santos Gato Alves Dias,1,644.6660103521834,0.07964869694371932
3930166,364421e1-0b7b-45cd-93ec-7b002ed6b8d7,Portugal,José Diogo Dalot Teixeira,1,658.1453757310111,0.07790064129296266
3930166,b1e85595-d681-4b5f-9058-3f027ee604d3,Portugal,Rúben Santos Gato Alves Dias,1,827.6072328851283,0.06945447767928607
3930166,ac7dde5c-8405-4a1f-a64c-ce17b829143e,Portugal,Diogo Meireles Costa,1,641.6999835444354,0.07015417425768426
3930166,57b1fe34-eb7a-4826-8c7b-b6a05298858d,Portugal,Nuno Mendes,1,626.6338029118709,0.09266472653549548
3930166,d445779a-327f-4c46-9dbf-01e08108057e,Portugal,Kléper Laveran Lima Ferreira,1,633.5464174121435,0.09215944474723775
3930166,bd60f7b1-4999-4d88-bedd-41417b629212,Portugal,Rafael Alexandre Conceição Leão,1,551.7632078458012,0.12350315367906735
3930166,9c1d1a0e-6e18-4edb-9fdf-a0a8342b7fc4,Portugal,Bruno Miguel Borges Fernandes,1,682.9623850178298,0.14133159630927994
3930166,29b78e7c-9f0d-435e-8d32-03f8b2d5f245,Portugal,Bernardo Mota Veiga de Carvalho e Silva,1,425.33471978979935,0.19884599331618852
3930166,08a27b2c-5e09-4806-a0d9-e10975413bb2,Portugal,Bruno Miguel Borges Fernandes,1,587.512269055937,0.08699262832367079
3930166,b2240471-33b8-41b3-8869-e019984dc8c4,Portugal,José Diogo Dalot Teixeira,1,598.2527581363864,0.08272079763401267
3930166,d3c3d565-0aa5-4dcd-bf46-52d700ed484c,Portugal,Bruno Miguel Borges Fernandes,1,581.4086327528947,0.07868895716665918
3930166,1c36d90b-2b66-46d4-88a0-f770e5228262,Portugal,João Pedro Cavaco Cancelo,1,623.4341115214298,0.06979775096345307
3930166,59412465-665b-439f-80df-331f6fc35d6b,Portugal,Nuno Mendes,1,529.4658591888884,0.07795119404472775
3930166,6eebe7c4-1746-4444-ab38-27e9e50906f1,Portugal,João Pedro Cavaco Cancelo,1,387.7380331983104,0.0925580944917327
3930166,c7c09c04-5b60-4679-a937-755b95eda3d2,Portugal,Bruno Miguel Borges Fernandes,1,395.90653231614874,0.12277089289955831
3930166,f009d1a7-d172-486a-8636-4b85e3fd9b15,Czech Republic,Jindřich Staněk,1,1231.7554809255907,0.06249386763973328
3930166,0db710a1-ddbb-4e90-bed2-7a9d2dc8ee19,Portugal,Nuno Mendes,1,426.3575296238307,0.08248679082956947
3930166,d1ba6784-097a-4cfc-bf58-60e4c2b2baf2,Czech Republic,Lukáš Provod,1,142.91391717605117,0.09770705578191197
3930166,97046770-b843-4a10-82c1-d77150c1a5c8,Czech Republic,Patrik Schick,1,189.28407622732732,0.1344998729966742
3930166,22160d5f-ac31-4148-bf1f-a099af509729,Portugal,Diogo Meireles Costa,1,796.9109713070334,0.08114361190280758
3930166,4a3dbb07-d63e-423a-9f51-9699646431e5,Portugal,Rúben Santos Gato Alves Dias,1,689.1030184878023,0.053573930368573566
3930166,a97c557c-b9a1-4878-a15b-e011b99d3095,Portugal,Vitor Machado Ferreira,1,543.3328972518726,0.09236917607358362
3930166,7df7841c-5593-40f2-99fb-bb6ec296b2ed,Portugal,Kléper Laveran Lima Ferreira,1,474.60486549420517,0.07857202387067341
3930166,94e9a42c-18c5-4ff9-94ef-63d5d48697d6,Portugal,Vitor Machado Ferreira,1,584.3425208216051,0.10412411055495306
3930166,f8f1876c-cea2-4d78-88d6-39916dbf9893,Portugal,José Diogo Dalot Teixeira,1,557.1330686439585,0.07079295083560294
3930166,7034d423-8965-4164-998f-80e04f230cdd,Portugal,Cristiano Ronaldo dos Santos Aveiro,1,594.6337594173192,0.09268684427257162
3930166,64e8e639-1c5f-4cb6-ac3e-b38781f07d74,Portugal,Bernardo Mota Veiga de Carvalho e Silva,1,225.75952719846543,0.18981120233974655
3930166,6b70b176-c004-4ebb-bafe-aade5740bc5b,Portugal,José Diogo Dalot Teixeira,1,527.843127527763,0.23769522150382574
3930166,6a663c42-f966-4754-9b4d-aaf938c064f4,Portugal,Rúben Santos Gato Alves Dias,1,574.3508600959085,0.21908981497009344
3930166,0fd5f804-48bd-416c-9ce0-7b0000bdf385,Portugal,Kléper Laveran Lima Ferreira,1,568.803837506409,0.13707540369881577
3930166,68c187fb-0442-4cd4-9fbe-98d0d9c5b5bf,Portugal,Rúben Santos Gato Alves Dias,1,657.7408726813309,0.11349050273423963
3930166,a2a3b448-eb84-45e9-a267-d7a27dd4bc26,Portugal,Nuno Mendes,1,745.4221871134442,0.13947000904737597
3930166,0d28f30f-fa04-430e-a6d0-30c604a89947,Portugal,Rúben Santos Gato Alves Dias,1,589.6932903562536,0.07002744375998379
3930166,db8deed8-acca-4a68-85b4-4f5520e727c4,Portugal,Bruno Miguel Borges Fernandes,1,660.3687051938114,0.09766834331966645
3930166,4a154b08-1c8d-4e26-976a-6a544b7acdc2,Portugal,Nuno Mendes,1,544.5864930094361,0.0931481781704953
3930166,c06c3e9e-cecd-44c4-bcbb-1c19a816b873,Czech Republic,Jindřich Staněk,1,247.87486523778358,0.051809522742628955
3930166,aeb0adcd-7a1f-41ac-8dfb-dd21d0158918,Portugal,Nuno Mendes,1,80.37482339320479,0.11355960116227058
3930166,afeff704-221e-4e83-8324-4f2c71967d3b,Czech Republic,Lukáš Provod,1,393.86319876685445,0.056024346516707575
3930166,5121ac5f-700a-406b-9d89-3d35ad1bfb90,Czech Republic,Tomáš Souček,1,515.3387889852002,0.13416797139352404
3930166,08d4a44f-e506-45bc-8e0f-1f39b51e4452,Czech Republic,Pavel Šulc,1,459.99536661526054,0.11115502259822839
3930166,1b0f8447-768d-4966-8fd4-42e6bbe7839b,Czech Republic,David Doudera,1,534.6058179470743,0.12264366703335769
3930166,2370eeb6-e57d-41c5-8b69-f60222c5b58c,Czech Republic,Ladislav Krejčí,1,706.8202763630775,0.11974329987573132
3930166,10613e8d-fffb-4fba-8248-d02e2f4ba188,Czech Republic,Robin Hranáč,1,677.2139971765426,0.10743645249474747
3930166,36d3d8b2-0801-44c1-bab3-8b580f5b04bd,Czech Republic,Ladislav Krejčí,1,729.3427200571055,0.0953913823403019
3930166,5e69bf69-e00c-4023-8eab-b7ad2f9d7169,Czech Republic,Lukáš Provod,1,765.6861575502631,0.11053482876271331
3930166,c4d044fa-da01-45f6-b0ac-6b29626d788d,Czech Republic,Robin Hranáč,1,662.5061562088777,0.09707057522383992
3930166,ac1e5e84-aa0a-4734-8390-6f2f2fa2568b,Czech Republic,Tomáš Holeš,1,964.5459672550627,0.08070818348621094
3930166,27b8905e-30a7-4de7-b3ba-7718e606656a,Czech Republic,Ladislav Krejčí,1,953.0317361052976,0.07009424612232619
3930166,31472412-bebf-4167-944d-d554de7e3a46,Portugal,Rafael Alexandre Conceição Leão,1,1117.1497562587215,0.11570968586451458
3930166,42bcc2ba-dc50-4d2d-bf65-82d850714136,Portugal,Vitor Machado Ferreira,1,808.4233735104744,0.11407195129871188
3930166,9860cbba-ceee-446d-ba14-6bcb4b1b4433,Portugal,Rafael Alexandre Conceição Leão,1,394.8912308820334,0.2753986715692259
3930166,5a48deca-828c-4185-99ce-0b94ea138223,Czech Republic,Jan Kuchta,1,478.81604780190395,0.07783504039617004
3930166,b5e95a23-c7c1-4af3-961c-290b380c14eb,Portugal,Diogo Meireles Costa,1,308.36823468856664,0.05682295954326978
3930166,656d77ee-89a0-4b6c-a6a2-e42b2dca2c29,Portugal,Kléper Laveran Lima Ferreira,1,742.1873126745609,0.07108514800198017
3930166,f7cfda04-4bd4-44bd-901b-839a6ad8aa08,Portugal,Nuno Mendes,1,703.5865656142748,0.07855692655579675
3930166,9927df92-8728-4144-baf2-4b019730a0a2,Portugal,Kléper Laveran Lima Ferreira,1,682.188873406947,0.08663691107008245
3930166,65224d3d-a03f-4c6d-b9a2-db9724471bb7,Portugal,João Pedro Cavaco Cancelo,1,678.1548966024983,0.08743943593707723
3930166,41cf32ec-7f75-41f5-9a99-cb3265b5fc76,Portugal,Kléper Laveran Lima Ferreira,1,625.8878034976565,0.08635448333534809
3930166,72673447-daa3-4476-95cc-5d3c1be774ef,Portugal,Bruno Miguel Borges Fernandes,1,636.1008487353405,0.09992188586730803
3930166,2b30178b-4f5b-49f8-8b1e-2b0d36a5758b,Portugal,Kléper Laveran Lima Ferreira,1,610.5489665940933,0.08920131330039376
3930166,54f03d4a-0fed-4c70-93d4-b3b6eaf7434f,Portugal,Rúben Santos Gato Alves Dias,1,692.2180405109787,0.09262237685120629
3930166,3b576400-1dd0-4902-ad06-9042ad12cd43,Portugal,Bernardo Mota Veiga de Carvalho e Silva,1,703.2143413237436,0.0697480801447393
3930166,7b82851b-8bab-4056-ae4b-06b971e026d7,Portugal,Rúben Santos Gato Alves Dias,1,602.3204779041729,0.060139600114578834
3930166,2df40c0b-7265-4949-a61f-c71f803158a5,Portugal,Bruno Miguel Borges Fernandes,1,623.5030286507778,0.06679401244337003
3930166,292c0b55-cc3d-465d-aa07-f6593dae7816,Portugal,José Diogo Dalot Teixeira,1,571.8321259038311,0.07451593602345297
3930166,bf89daad-277b-40d4-9e73-e411c770c9bc,Portugal,Rúben Santos Gato Alves Dias,1,580.3977391947977,0.08499363903202142
3930166,4017e76a-ab02-45c4-9bfd-8849462a3b0e,Portugal,Bernardo Mota Veiga de Carvalho e Silva,1,510.3293509380444,0.10650438966485375
3930166,375b7019-858c-40fe-8a8d-db8cf0469f72,Portugal,Nuno Mendes,1,501.7323216645714,0.09340285438603847
3930166,3867272a-3151-491e-a715-c8d841cad17c,Portugal,Bernardo Mota Veiga de Carvalho e Silva,1,451.14080248327866,0.12633572587190164
3930166,bdb32880-0a32-4473-b6c1-202928b12bbf,Portugal,Nuno Mendes,1,478.93046751352654,0.11960254950447663
3930166,47285ef0-ae95-443a-b24e-0f3eda0dd30e,Portugal,Cristiano Ronaldo dos Santos Aveiro,1,517.9062406352768,0.1272913247552589
3930166,69c93c40-6c7c-4f84-9cc4-a4635bf88361,Portugal,João Pedro Cavaco Cancelo,1,511.25385743672103,0.12432403207874927
3930166,b5b73a76-d392-4c78-8393-81a8d4d22569,Portugal,Kléper Laveran Lima Ferreira,1,496.2602918705875,0.12928061377460304
3930166,33dc0857-c16d-45c9-b5c8-b889e2ceca9f,Portugal,Nuno Mendes,1,500.57840982850075,0.12980166634645585
3930166,ea6ac855-beb3-493a-960e-8864b1f12985,Portugal,Vitor Machado Ferreira,1,461.2851706380028,0.13983461023108815
3930166,816b259e-e2f6-4783-8e8e-7cef02c00fd2,Portugal,Nuno Mendes,1,600.9258163119291,0.10945087352140251
3930166,bf76b93a-af95-47bc-8c12-4ab025b62f69,Portugal,Kléper Laveran Lima Ferreira,1,581.1510437805964,0.1332864647525348
3930166,d6fec69b-b5c1-4818-8566-46b0f1187f10,Czech Republic,Tomáš Holeš,1,739.5400814269613,0.07775532992158951
3930166,694f3b8c-e88e-4d67-9691-f840a10026e2,Czech Republic,Jan Kuchta,1,563.4835739283077,0.07209119877954039
3930166,4b305bd6-e4dc-456e-93e1-819e841ac410,Czech Republic,Tomáš Souček,1,661.1642105449032,0.07772913069781365
3930166,69f2daa5-8b83-455f-8df9-c9874748af30,Portugal,Rúben Santos Gato Alves Dias,1,828.3605410575037,0.068905778610844
3930166,f82710cc-1850-447b-b704-f2b628f24653,Czech Republic,Robin Hranáč,1,257.15257530985843,0.059424546102861575
3930166,0dc3f851-0551-4e42-9303-e96de2d5fa4d,Portugal,Bruno Miguel Borges Fernandes,1,727.9302431004162,0.1720142231850199
3930166,5f207f63-0478-43ce-8467-89e041820308,Portugal,Vitor Machado Ferreira,1,656.0974387478755,0.16423678285801907
3930166,88022a72-384d-4263-966f-5fcfc2ef2858,Portugal,Cristiano Ronaldo dos Santos Aveiro,1,565.6843068164092,0.2212518916978799
3930166,92d16210-31b0-460b-9f8d-ac4b7d31b86b,Portugal,Rafael Alexandre Conceição Leão,1,229.51979359545888,0.4047742639360457
3930166,2bca03d2-0e89-4eb2-94aa-4d9a5a5f6c22,Portugal,Nuno Mendes,1,398.876846971474,0.3006902463087934
3930166,7df7bcb2-c637-4a0d-b76d-93f1ae9d7c53,Portugal,Bernardo Mota Veiga de Carvalho e Silva,1,384.0285309381545,0.39983688464475
3930166,de22f6cc-eb53-4cd1-ad53-313f0649ef55,Portugal,Rúben Santos Gato Alves Dias,1,488.6650171139477,0.2506936616563852
3930166,e5016fea-ce51-4ad4-af07-6e1152c2ada0,Portugal,Nuno Mendes,1,471.45091217693044,0.5779601300396369
3930166,0fa92c58-b525-42bd-8a2b-7e4316bb8713,Portugal,Bruno Miguel Borges Fernandes,1,609.61441171777,0.1858482870513418
3930166,23954e5c-c93b-4321-89a1-39f70736817d,Czech Republic,Robin Hranáč,1,1081.738687378694,0.06096237604183258
3930166,6ed3158c-a6e0-4e34-9f1e-460359584da3,Czech Republic,Jindřich Staněk,1,1058.5022736552942,0.04857325370885148
3930166,a19646d8-c5d7-4e3c-a706-5c062424f584,Portugal,João Pedro Cavaco Cancelo,1,1061.6032478797815,0.14831048143931252
3930166,815522c4-7c45-423a-8d45-8d1bc82828d6,Portugal,Bernardo Mota Veiga de Carvalho e Silva,1,672.9368614890182,0.21237718523452276
3930166,50cf30f8-fc94-407e-904d-62b6d588ee68,Portugal,Kléper Laveran Lima Ferreira,1,253.60165537256114,0.09556418722790457
3930166,c970758c-b9ea-4ed6-a14f-294c18516bea,Portugal,Nuno Mendes,1,683.262510076248,0.09539939905239132
3930166,3b2290f1-93e4-4561-bac1-543aedbc1856,Portugal,Bruno Miguel Borges Fernandes,1,731.4080281820793,0.12621268233717892
3930166,20d01293-181a-4258-926f-e1dbb09089b0,Portugal,Rafael Alexandre Conceição Leão,1,384.4396429876784,0.21840784321479492
3930166,321b24cd-2665-4610-b323-bdd3c81922c0,Portugal,Vitor Machado Ferreira,1,581.1223952751242,0.16487653014466896
3930166,5d0296bb-a882-4775-8e85-3e05f295c462,Portugal,Rúben Santos Gato Alves Dias,1,416.6662117425881,0.16322298796637177
3930166,2135a2c4-a8c8-466c-a7b5-d5b22c155063,Portugal,Bernardo Mota Veiga de Carvalho e Silva,1,403.8932352756857,0.22421581509157326
3930166,4d5f0755-51b7-4b84-9b38-1e1134eb86d9,Czech Republic,Patrik Schick,1,673.8821702530016,0.070440529898923
3930166,f532c920-02c1-4b7c-be64-9b66f6d57c6b,Czech Republic,Tomáš Souček,1,500.9071443166432,0.07585133585029917
3930166,2460a41d-d950-4cec-946c-d89443e8a2a8,Czech Republic,Jindřich Staněk,1,392.7683702155381,0.06096789836814931
3930166,7de30348-52b1-4ffe-81bf-c8e1c1adf081,Portugal,Rúben Santos Gato Alves Dias,1,420.90299966020297,0.09246916372994211
3930166,6b5f7d6d-b2aa-4085-a6e2-ffef40851b9d,Portugal,Vitor Machado Ferreira,1,445.36580111966225,0.11378034312843911
3930166,5f3bd576-a037-47e2-8de5-42f65f819a4d,Portugal,Nuno Mendes,1,462.7027397833896,0.16214211712116627
3930166,4f5c9fe0-73e5-45d9-a653-bdd7e255c81c,Portugal,Bruno Miguel Borges Fernandes,1,473.33068788832867,0.12271871806663384
3930166,69b34af4-8521-415e-b18a-dc9688ab4a78,Czech Republic,Ladislav Krejčí,1,530.5161533946441,0.05389910856003806
3930166,d1ff0a7c-fc9e-4eb9-9f97-7d3e3d08e186,Czech Republic,David Doudera,1,484.5576599989631,0.04929555844579219
3930166,64ebcc6f-59d3-4149-86d1-de54ef8a1b99,Czech Republic,Jindřich Staněk,1,657.4246937148156,0.051236114525166784
3930166,8f036775-3f3b-400a-9ca9-b5feb607331f,Portugal,José Diogo Dalot Teixeira,1,508.81951710817697,0.1119839722192891
3930166,8e153eda-b4ae-464e-852c-fab595e6f268,Portugal,Vitor Machado Ferreira,1,393.43631842950657,0.1563765754961174
3930166,197d947e-73da-4c09-9948-78e883459604,Portugal,João Pedro Cavaco Cancelo,1,451.15130725735435,0.14950398588607555
3930166,22f3a85c-f6f1-4e9f-b75f-011c8ed2ca0c,Portugal,Nuno Mendes,1,700.0657978757938,0.12037445271418461
3930166,d2c0a7ed-16f1-4f51-9b4a-e100d9db034e,Portugal,Cristiano Ronaldo dos Santos Aveiro,1,727.883742480775,0.12602020238541856
3930166,2e6a1161-c7c2-4b50-bbbd-e846e5614fac,Portugal,Nuno Mendes,1,639.0997494986078,0.13870458533844487
3930166,58a886dd-7931-475f-9731-1a6e872bdee5,Portugal,Rafael Alexandre Conceição Leão,1,616.3865198608455,0.1540051592068464
3930166,21153928-e300-4438-987a-bbfdc903163c,Portugal,Cristiano Ronaldo dos Santos Aveiro,1,659.1875191602433,0.17629808639381803
3930166,4cf47f82-dc9e-48f6-9183-8457f9f891a1,Portugal,João Pedro Cavaco Cancelo,1,610.3656169954864,0.16293574304105746
3930166,31cc9869-c566-4f5e-89b5-a6b1f3ef00ca,Portugal,Kléper Laveran Lima Ferreira,1,445.736954828795,0.13377461413683997
3930166,263846ad-5dfa-4d1a-b964-34e1a682615b,Portugal,Rúben Santos Gato Alves Dias,1,470.21403407412697,0.16619321006376256
3930166,fe309cf3-62b5-4d01-86c6-e6097cabdd64,Portugal,Vitor Machado Ferreira,1,541.6540265422052,0.17122498114913975
3930166,1c22c157-751f-4e06-ba8f-afb64ba544db,Portugal,Vitor Machado Ferreira,1,275.7325800562314,0.14964206325276805
3930166,51cc1335-bd1b-4323-b2ab-7e5d571960b4,Portugal,João Pedro Cavaco Cancelo,1,752.1050728724308,0.17622687700513112
3930166,035d4c0f-f9a5-4978-8297-54d733c2c7dc,Portugal,Nuno Mendes,1,625.1477509728297,0.14480231473973743
3930166,8846d493-d0a6-48c9-ac3d-d5f9fed54a67,Czech Republic,Robin Hranáč,1,993.5699241198062,0.0470269198277561
3930166,8bf14956-39a0-4b4f-99ab-f8010f6f26be,Czech Republic,Jindřich Staněk,1,756.9848161844911,0.06882933966145131
3930166,e8b54cc9-6178-4bb8-99ba-be1b70ecf26d,Portugal,João Pedro Cavaco Cancelo,1,730.9218569668012,0.07863007012651799
3930166,09f1f174-04c5-4d0c-aac3-7628c3f8abad,Portugal,Bruno Miguel Borges Fernandes,1,474.18467468407977,0.09450804380718417
3930166,636f2710-78c2-460e-a70b-bbcb6d8414c0,Portugal,Vitor Machado Ferreira,1,607.7409164066895,0.08924390605051852
3930166,f5f96d88-8258-42ce-b8b3-9c003eae3059,Portugal,João Pedro Cavaco Cancelo,1,803.593933213947,0.12521417202036417
3930166,f8f9031f-1431-4b48-aff2-07e652b47d2a,Portugal,Bernardo Mota Veiga de Carvalho e Silva,1,430.3743906464683,0.15657188549475706
3930166,40544c99-acd2-4c26-9197-ce502f0f377e,Portugal,Rafael Alexandre Conceição Leão,1,293.2730890835602,0.2800904622696692
3930166,ade055f1-9ec9-420d-8335-d9c3d8ba5efa,Portugal,João Pedro Cavaco Cancelo,1,446.4139847138384,0.2802691443497861
3930166,66ad324e-5593-41e1-98ac-bd1c02e5398e,Portugal,Kléper Laveran Lima Ferreira,1,555.7737378059479,0.21857415691427012
3930166,b7fdc6e0-6aea-476b-8400-1e0f5626a897,Portugal,Rúben Santos Gato Alves Dias,1,419.41862284403214,0.15814120485049907
3930166,3bb55c52-4bd7-47c3-84ca-ff0fd147369d,Portugal,Kléper Laveran Lima Ferreira,1,383.100526945034,0.13908489136859462
3930166,cf975453-ec18-41cb-a6ea-f83e030d97a1,Portugal,Nuno Mendes,1,552.3236149537404,0.1516855422899868
3930166,690a57a9-e1e4-48d8-bdc4-3e3ce747f23d,Portugal,João Pedro Cavaco Cancelo,1,415.4763761335752,0.20768597825599475
3930166,d49f956c-0af4-4de1-8d58-8805bbc96119,Portugal,Bernardo Mota Veiga de Carvalho e Silva,1,532.1112585639784,0.20876955706362837
3930166,3bd1e693-1362-4454-bf88-cfef5fd3182a,Portugal,Nuno Mendes,1,551.4461955340571,0.16194182304477095
3930166,d7aaafd2-d088-40bf-8ba0-99c0a6752c9b,Portugal,João Pedro Cavaco Cancelo,1,451.27876770728085,0.2447605953229035
3930166,ad8db2dc-774c-4025-9b0a-fee9a62eee49,Portugal,Vitor Machado Ferreira,1,328.31264304440083,0.19735406471365038
3930166,cc65fc73-8815-465d-ae8c-2d8b75c474cb,Portugal,Kléper Laveran Lima Ferreira,1,668.170212037003,0.21376394908584462
3930166,80b06589-1f3c-4846-a2bb-23d4d01b8452,Portugal,Nuno Mendes,1,574.4936516252171,0.19004894279241152
3930166,662a48e2-3c0b-496a-a0d2-209c100fb9d6,Portugal,João Pedro Cavaco Cancelo,1,548.3610893877576,0.22034086658666144
3930166,5ca2a855-45e0-4170-87f9-2c16682a77cd,Portugal,Nuno Mendes,1,396.9994529814916,0.24128167907809606
3930166,95b75d5e-83c0-470e-bcb0-e2d45292e189,Portugal,Bruno Miguel Borges Fernandes,1,478.04162234334893,0.24764318177630634
3930166,3cfd8f48-3bf5-419b-8a25-e1ca93d642ef,Portugal,Rúben Santos Gato Alves Dias,1,439.9301164106385,0.2857223957315339
3930166,c7ffb4f1-72e5-4066-a780-08fba4363e6c,Portugal,José Diogo Dalot Teixeira,1,458.34594024482476,0.27786574323921653
3930166,d6a5b3ac-98a2-4a66-857a-206db8cd4070,Portugal,Bruno Miguel Borges Fernandes,1,366.5177819424057,0.3252925439737817
3930166,a9c22040-d84b-4afd-b393-4cd2bc40bea7,Czech Republic,Jindřich Staněk,1,352.35451507278265,0.1449171457593371
3930166,06660113-d037-4075-9b59-b2add9eabd5a,Portugal,Rúben Santos Gato Alves Dias,1,394.5374664013316,0.09507350870724647
3930166,2965ccd9-f70c-4d23-88a8-90a61aabcb95,Czech Republic,Lukáš Provod,1,513.8756702768615,0.1055740191470072
3930166,2ab04d5f-6843-40c4-9049-155efca92753,Portugal,Cristiano Ronaldo dos Santos Aveiro,1,433.45633630643215,0.10336689138341115
3930166,5b2bdfcd-3523-4a5f-bb84-782416027c74,Portugal,João Pedro Cavaco Cancelo,1,537.3835816174062,0.21245837794929456
3930166,34dd1ba8-c693-413c-a762-11b172387199,Portugal,Kléper Laveran Lima Ferreira,1,593.8290360597533,0.20849963588238232
3930166,6b09b1b9-5dad-46ef-a0db-8eff4f12b4d1,Czech Republic,David Doudera,1,659.4583117863377,0.05942806701323853
3930166,eb3c313c-ee22-4578-8290-2964e96266be,Portugal,Vitor Machado Ferreira,1,142.17353035554328,0.10049498353337963
3930166,f985e498-8527-41be-b5a2-d59402fdc424,Portugal,Kléper Laveran Lima Ferreira,1,541.1481747158109,0.12348847974295801
3930166,5fbaf652-298a-4985-9612-00fb5c7e437b,Portugal,Nuno Mendes,1,535.8123042699369,0.12411371242709202
3930166,3df007ee-aa77-4961-9aa0-68a596ea82d3,Portugal,Kléper Laveran Lima Ferreira,1,642.161729193986,0.12519394207726214
3930166,28ea576c-2120-4723-8fca-d4425a74a8a8,Portugal,Rúben Santos Gato Alves Dias,1,709.4537947442232,0.062034712273714404
3930166,a7f913e3-8d27-4454-85a7-6991fa0bb714,Portugal,Rúben Santos Gato Alves Dias,1,905.9905984359951,0.056828761512070614
3930166,e862e52c-9c17-4d69-a835-b0a4998770e9,Portugal,Diogo Meireles Costa,1,869.7627037960717,0.07894107936976826
3930166,10cd9c3f-42c0-4e13-b61d-20505fe149ca,Portugal,Nuno Mendes,1,249.83708759386172,0.17996187047267956
3930166,bb656be3-a4d0-4190-963e-87ed7f8db73a,Portugal,Vitor Machado Ferreira,1,294.24641711231516,0.2944797486538853
3930166,9539df65-1a6c-44ae-af93-da181a9080a2,Portugal,José Diogo Dalot Teixeira,1,333.5002050488326,0.31509391178851076
3930166,463eb6cb-666e-46dd-8b8c-d3216c37c6d0,Portugal,Bruno Miguel Borges Fernandes,1,392.40927595263463,0.2861414363093481
3930166,bd394061-3655-4ba8-b546-74ea2b4bba62,Portugal,José Diogo Dalot Teixeira,1,378.7790226616268,0.26856676989642747
3930166,3e7d3443-bd3d-48b6-a54f-228e8132a69a,Portugal,Vitor Machado Ferreira,1,278.77836178400844,0.30643966974073167
3930166,84682d82-6479-413c-aec3-743cfaa03b51,Portugal,Bernardo Mota Veiga de Carvalho e Silva,1,301.69796505731216,0.31772019746895347
3930166,7460083f-0d11-4c16-86d0-f9432b8ec8cd,Portugal,José Diogo Dalot Teixeira,1,203.01273715722323,0.3439810604414532
3930166,db919813-44f9-45f5-a760-e7bd1896f5ee,Portugal,Rúben Santos Gato Alves Dias,1,481.3269578880031,0.07827179240869098
3930166,3bdb937b-45cf-41a7-834b-2c81db187cda,Portugal,Bruno Miguel Borges Fernandes,1,416.9944158951091,0.1354561302383104
3930166,509c01f8-f71f-4590-9d69-2e0232c24687,Portugal,Vitor Machado Ferreira,1,527.7393358131795,0.11380527686151994
3930166,bd5cf877-914b-4e95-8eda-eae2d10396e1,Portugal,João Pedro Cavaco Cancelo,1,497.8532213502023,0.1371467451448275
3930166,59083d78-10e2-48a1-8dfb-41794fb77221,Portugal,Bruno Miguel Borges Fernandes,1,489.13109328345155,0.14497132012025649
3930166,bab3d798-e242-4223-b2bb-355d89bd5099,Portugal,Kléper Laveran Lima Ferreira,1,562.3208183981244,0.1184415225365924
3930166,1ccb542a-fe82-44a3-8324-ac702f08e25b,Portugal,Nuno Mendes,1,904.0414678624217,0.1135689125097533
3930166,b856f21a-0768-4a58-aa21-c190fc3198b2,Portugal,João Pedro Cavaco Cancelo,1,524.0117686791971,0.10993659143892132
3930166,86dc5005-9462-4249-b816-1f0b4b81489c,Portugal,Rúben Santos Gato Alves Dias,1,465.3424829716825,0.12675924302636934
3930166,50808f80-c8fa-4f2f-b679-ee6dc7db2ef5,Portugal,Cristiano Ronaldo dos Santos Aveiro,1,481.3035721677923,0.09745876960906727
3930166,53ce26b0-f761-453f-addf-f23acf1791e8,Portugal,Bruno Miguel Borges Fernandes,1,454.5063780371314,0.13990726112584467
3930166,3daba48d-12df-4001-ab8b-ce8188406f38,Portugal,Bruno Miguel Borges Fernandes,1,549.1228033913936,0.08700567690454644
3930166,68fcbfbe-f4dd-49c7-9f05-c32f95baff3b,Portugal,José Diogo Dalot Teixeira,1,594.1415026505043,0.09533453143552818
3930166,76d2fc77-307d-48bc-bec5-9cede216d1d3,Portugal,Rúben Santos Gato Alves Dias,1,593.9189697408777,0.07097476060916674
3930166,16f8d073-ce5b-4559-b78d-5ca943184d48,Portugal,Kléper Laveran Lima Ferreira,1,526.1114751508843,0.10595369517711688
3930166,0e360f8c-8862-496a-9d3d-e7a674af20f8,Portugal,Nuno Mendes,1,540.8054539163215,0.1061972657313626
3930166,2b93ac10-17cc-492f-9c99-f7c9548ec72d,Portugal,Rúben Santos Gato Alves Dias,1,502.2716672853436,0.1454157642733651
3930166,586bf21c-cb45-42b6-92fc-6739ea770c3f,Portugal,Bruno Miguel Borges Fernandes,1,405.71029610345823,0.18536978151839023
3930166,76aae938-2b03-4f4b-8e85-ebfea804967d,Portugal,José Diogo Dalot Teixeira,1,407.12043682250993,0.20323654591333504
3930166,cf4230e1-0d9d-4f5d-832e-a1ff1ffea02b,Portugal,Rúben Santos Gato Alves Dias,1,496.3396442350937,0.1549623140275214
3930166,8fd36e20-e7c0-45cc-b906-d88656f990be,Portugal,Kléper Laveran Lima Ferreira,1,543.0378080695491,0.1221176971531615
3930166,cf8a417d-3bb6-412e-b30d-a15bc769b266,Portugal,Vitor Machado Ferreira,1,460.613938661765,0.15655562268151688
3930166,bbc18d4a-6904-4d95-943f-d5490fb8b041,Portugal,João Pedro Cavaco Cancelo,1,457.2322339503254,0.14567870239040384
3930166,3f2b9aba-3243-436a-9509-f593e91357f7,Portugal,Nuno Mendes,1,889.0067281623606,0.1287350234519041
3930166,ec1516f3-bbe8-49ac-be4e-818f9d746c98,Portugal,Rafael Alexandre Conceição Leão,1,917.5725885110455,0.10418638205244923
3930166,13a3e27c-0bca-43af-ae93-b1d9ab335f2e,Portugal,Rafael Alexandre Conceição Leão,1,288.176229211422,0.3396389372563746
3930166,d20b654a-89d6-451f-8d9c-3ff667ad2ab2,Portugal,Nuno Mendes,1,456.8612384050267,0.32019628155070795
3930166,8f0d7fd2-5115-4f5e-b5cd-33883b8c736c,Portugal,Vitor Machado Ferreira,1,470.26751676370844,0.33801810410658895
3930166,c9cc10bd-6582-4d18-891d-a80c1dea3af5,Portugal,Nuno Mendes,1,525.0379515351159,0.27666633784006783
3930166,38df470d-a356-415f-9665-fbe0baa46dbc,Portugal,Vitor Machado Ferreira,1,570.4282431585211,0.260449034047753
3930166,db85f942-e542-4dbb-959d-f64518406ac7,Portugal,Vitor Machado Ferreira,1,259.20760658086124,0.7291421547775881
3930166,3422371f-2ae4-4959-9fde-5e5ddb8aeaa5,Portugal,Vitor Machado Ferreira,1,133.49012081073607,1.2596169846204661
3930166,f096decc-1f6e-4654-b8d5-879c8af559e1,Czech Republic,David Doudera,1,435.52078903935603,0.07176615557057722
3930166,1cd521e0-f25e-4e9a-ac29-514e01726e25,Portugal,João Pedro Cavaco Cancelo,1,290.23352105416484,0.07467293566695976
3930166,6ac163fa-35fc-44ad-b34b-0f72538e0c50,Portugal,Rúben Santos Gato Alves Dias,1,641.6984112727562,0.07821378598800788
3930166,353a8517-3d6e-464f-952b-141fde1be53e,Czech Republic,Jan Kuchta,1,624.1715384014268,0.07451039030662614
3930166,c474aa74-5d43-40ce-82bf-452f43941641,Czech Republic,Patrik Schick,1,554.4763609682875,0.059902928617785504
3930166,c99a29f7-06cc-4132-b1c7-5afb51f731ef,Portugal,Kléper Laveran Lima Ferreira,1,349.6795749178712,0.17939035645712564
3930166,2d017f85-6481-470c-b30b-eef3a59afeb1,Portugal,Vitor Machado Ferreira,1,376.4665104988271,0.182732336123486
3930166,8cd12332-4ed5-4876-b052-887e64c51bc8,Portugal,Bruno Miguel Borges Fernandes,1,392.6220845220597,0.18537760789458846
3930166,b91f6d0d-da51-487a-84e9-402fc14afd43,Portugal,Bruno Miguel Borges Fernandes,1,346.7749879406739,0.35113989863738615
3930166,5d8f5056-dd40-4947-9a7e-73b665f7160e,Portugal,Kléper Laveran Lima Ferreira,1,467.4894648446916,0.29125259370153656
3930166,e3e8d09d-16eb-4fd8-8bec-a4fb5da16e26,Portugal,João Pedro Cavaco Cancelo,1,280.6792162351908,0.41392903632160416
3930166,a7dc2794-2131-4c61-90e1-c501deacc25f,Portugal,Rafael Alexandre Conceição Leão,1,538.8959214038856,0.3457839060665131
3930166,0035f3da-deef-4529-944a-3f7f0c9d0535,Portugal,João Pedro Cavaco Cancelo,1,540.969905431077,0.29638924901118485
3930166,07c61e92-3b03-444c-9290-fe8cbe1f87d1,Portugal,Rafael Alexandre Conceição Leão,1,557.8241401730636,0.2670533414285996
3930166,e56abf64-816c-4b1f-94f4-ce18fc6f91a8,Portugal,João Pedro Cavaco Cancelo,1,570.100439247477,0.23602676298078323
3930166,6d3bd19d-599c-4656-8c4e-ffdb405786c4,Portugal,Nuno Mendes,1,560.2938032857599,0.20781207241430488
3930166,c5c26e14-3ed9-41c0-8740-b29d017fefb8,Portugal,Bernardo Mota Veiga de Carvalho e Silva,1,290.62263176075214,0.5790661533038755
3930166,a350cc63-be80-4b4c-998c-bca8dc302695,Portugal,Vitor Machado Ferreira,1,242.4314985452198,0.4455020164445326
3930166,21a30b15-96f3-4bf0-bdf7-901a2021393c,Czech Republic,Pavel Šulc,1,360.9684076442893,0.05782306883812585
3930166,0f11dbac-7870-44a7-a2af-fce2e21b39f4,Czech Republic,Vladimír Coufal,1,309.0770462160383,0.07716371380450175
3930166,101bb86d-1fbc-4b5e-a816-5fbf881b4c92,Czech Republic,Patrik Schick,1,546.8088345093474,0.08259073998351144
3930166,4131ac71-9b21-48e7-be6a-59ac7561b840,Czech Republic,Vladimír Coufal,1,713.141368379643,0.07807199055137354
3930166,d4459eba-2b16-49c4-b138-e85aacd3610d,Portugal,Rúben Santos Gato Alves Dias,1,692.2120557333194,0.08861959479489726
3930166,c5c2f680-c42a-471d-8a98-5b594d9370d0,Portugal,João Pedro Cavaco Cancelo,1,579.5831989166708,0.09925396301469888
3930166,681dfc88-4dca-4394-80f5-59f633dd8aa4,Portugal,João Pedro Cavaco Cancelo,1,400.10580528029175,0.07124941501362742
3930166,00a2ee06-37a4-4208-b910-84c447407ae4,Portugal,Kléper Laveran Lima Ferreira,1,449.0578830381585,0.05615714465238694
3930166,6ce1cde8-c02c-4a00-83f0-99e720488419,Portugal,Nuno Mendes,1,574.7558241361893,0.062186313747171776
3930166,1d5e3684-84cd-4d5b-8f99-7b87b760ef41,Portugal,José Diogo Dalot Teixeira,1,561.2185253916157,0.04788863898189258
3930166,7eac4d9d-c47c-42cc-9db3-e46e264fd94f,Czech Republic,David Doudera,1,1068.105327411493,0.10934451741353199
3930166,c0eabceb-7843-44e2-aae0-20d44153a885,Czech Republic,Pavel Šulc,1,124.45771498690888,0.12646247765837648
3930166,605054d6-0b34-4bc3-8509-b4035a115a95,Czech Republic,Vladimír Coufal,1,848.5148932914437,0.18513509525494684
3930166,60e15837-ef26-47fb-9126-aa935d04f77c,Portugal,Bernardo Mota Veiga de Carvalho e Silva,1,233.2252860957636,0.051165446782442434
3930166,c0b2e377-823e-4a21-8682-331c0ddd162f,Czech Republic,Ladislav Krejčí,1,1234.8862417202868,0.08084298320649291
3930166,a01b9e53-bb6b-4ad2-9844-61e458400939,Czech Republic,Jindřich Staněk,1,1213.7846842784406,0.06848392773809192
3930166,49b93a0f-6fdb-41fe-b526-d2368ed7a464,Czech Republic,Lukáš Provod,1,664.6923161826611,0.06343079229406892
3930166,8670156b-6814-41e5-acdc-4b500673d176,Czech Republic,David Doudera,1,1050.695212467155,0.06507618410539083
3930166,c80bdce8-1dd0-4149-a776-354b1c78e0bb,Czech Republic,Lukáš Provod,1,923.7491437547573,0.05649216036429244
3930166,94c4178a-6c74-48f8-9634-763d682b7596,Czech Republic,Ladislav Krejčí,1,932.8128337838691,0.06943993428558809
3930166,f13b65eb-ba87-4cdd-9793-5410dfcbfc80,Czech Republic,Jindřich Staněk,1,966.666490814742,0.07750541053239954
3930166,0b5f8ce3-c00d-492a-8db3-d51cbe1385b5,Czech Republic,Jan Kuchta,1,1173.9383581959562,0.08393929022078543
3930166,9fb2d7b5-ab28-4b29-85f1-10a603688d9c,Czech Republic,David Doudera,1,321.91693830400186,0.12112783024849742
3930166,8af0387a-9f3e-4f0c-9e8d-4f2d945a4b45,Czech Republic,Tomáš Souček,1,527.8686976417553,0.11963823246094449
3930166,c8978b50-bda2-4307-8501-f533d3869058,Czech Republic,David Doudera,1,434.55632428260685,0.12667958967869325
3930166,b2f7c652-9ec6-4bfe-a460-51e764a3f5ff,Czech Republic,Ladislav Krejčí,1,491.613695321548,0.15221953075724035
3930166,c55ebc6f-56ff-4bb2-b0c9-4b5db6708b1e,Czech Republic,David Doudera,1,459.36308780952464,0.15257851245456072
3930166,70419717-7d27-4771-a33b-27b4b0d336df,Czech Republic,Ladislav Krejčí,1,689.758468068128,0.1146325590639774
3930166,2f18160b-51f8-4083-950a-63dc9b3988a1,Czech Republic,Tomáš Holeš,1,540.61228975662,0.1354000387132558
3930166,66c7430e-bdad-4788-830a-a4e0448bf47a,Czech Republic,Robin Hranáč,1,354.6130618038575,0.1153076590488434
3930166,599971da-de72-44b7-86be-fcbfe35d10aa,Czech Republic,Jan Kuchta,1,570.085619071513,0.111297815041999
3930166,628eed0c-6ad0-472b-b079-914a858a42e8,Portugal,Rúben Santos Gato Alves Dias,1,196.34671604226628,0.059630382808927525
3930166,463d9d2f-199f-4f60-a1df-218a6f7bde43,Portugal,Kléper Laveran Lima Ferreira,1,528.0329544516026,0.0650244395123826
3930166,556d9ca0-f0b7-48d9-a51a-b1b31c9d3fa5,Portugal,João Pedro Cavaco Cancelo,1,470.8097916862287,0.11541536361664875
3930166,e4f12d8c-85ea-4a18-8c4d-8c9f56fba0ab,Portugal,Bruno Miguel Borges Fernandes,1,453.13197772195576,0.12842120866676204
3930166,0e94f595-31e8-4288-b2d8-198954fac874,Portugal,João Pedro Cavaco Cancelo,1,465.2351758522297,0.14070593094786715
3930166,cddb9908-c8cc-4b19-99a3-ecc793c9bd3e,Portugal,Bruno Miguel Borges Fernandes,1,490.0071278192328,0.16012779689888262
3930166,2e3b54aa-69bb-40f3-9186-148b9ee81671,Portugal,João Pedro Cavaco Cancelo,1,405.97977509006995,0.1596713127832009
3930166,43cdc8f7-cace-495c-904b-c5b99b973b99,Portugal,Bruno Miguel Borges Fernandes,1,416.7606801268824,0.1560783469110662
3930166,57614f31-b90c-4c25-a059-be1cbd229b73,Portugal,Kléper Laveran Lima Ferreira,1,419.98679965195845,0.11258768184531642
3930166,ee638035-b967-4fb1-841a-ce34d1e673be,Portugal,Bruno Miguel Borges Fernandes,1,517.1409050524239,0.15289858176029966
3930166,0fb44e84-796e-4c1e-b78e-1b23175504b4,Portugal,Cristiano Ronaldo dos Santos Aveiro,1,487.43279582457023,0.13355659556795504
3930166,be63ceaa-346e-43d5-8602-2491a47fb551,Portugal,Bruno Miguel Borges Fernandes,1,392.39857635006473,0.17364143155154865
3930166,769218e2-7360-4ecf-b8b9-43cb3e4d9924,Czech Republic,David Doudera,1,136.86139815878954,0.06043898435999169
3930166,8699b72c-1831-45f2-a0d4-80560b019617,Portugal,Vitor Machado Ferreira,1,151.7550827911079,0.9117829157674295
3930166,57652f58-6787-44d1-8084-85b6b0a83792,Portugal,Rúben Santos Gato Alves Dias,1,343.93240581212456,0.09245484634268812
3930166,1d53ecdc-d8bb-4cf3-835d-2f31da4ada95,Portugal,Bernardo Mota Veiga de Carvalho e Silva,1,311.76696096769274,0.11281876764456066
3930166,da518b23-e79d-4229-9491-5aafcf050dbc,Portugal,Rúben Santos Gato Alves Dias,1,396.8148447621976,0.0956035664331801
3930166,4eaabac7-37c4-4260-9a9f-6e216ab68e24,Portugal,José Diogo Dalot Teixeira,1,639.5705203464562,0.11581524060086991
3930166,042f66d1-548d-4004-bd82-aa05788dbdee,Portugal,Rúben Santos Gato Alves Dias,1,684.7232614271692,0.08109717796201582
3930166,b20ca13c-24e7-411d-bacd-31b1a7ce5a42,Portugal,Kléper Laveran Lima Ferreira,1,641.907309339275,0.08572750097085542
3930166,51b960d7-07f0-409c-8a88-98eecee13f2a,Portugal,Nuno Mendes,1,864.2484095899603,0.09002827921007653
3930166,fb191cc6-f2a0-47ab-a7ad-35154c9f7f24,Czech Republic,Vladimír Coufal,1,486.85701541179174,0.07046331264554023
3930166,e7c32a40-ff7e-4209-8672-58acb6e6eec8,Portugal,Bernardo Mota Veiga de Carvalho e Silva,1,569.4882491033798,0.20191643045017071
3930166,edd4afbe-717e-40f0-8ebc-222d653ddbb2,Portugal,Nuno Mendes,1,521.5768598415287,0.22082078136250055
3930166,69094dff-5d00-48f7-84c6-c8022d133d2d,Czech Republic,Jindřich Staněk,1,1080.1720967908586,0.06500963794700895
3930166,52ba9e78-dbb9-45e4-b39b-a0954056902a,Czech Republic,Ladislav Krejčí,1,1259.3348704639598,0.04226791251985394
3930166,c3a53328-cdd4-4656-a3e5-198e011ccf1c,Czech Republic,Jindřich Staněk,1,1387.1958295029308,0.06952374836973009
3930166,40e67a9d-c28b-48ea-9ac9-aac86cc70703,Portugal,João Pedro Cavaco Cancelo,1,220.07541214356098,0.04530640380346061
3930166,24af619e-8f66-44dc-bc1e-ef2ea3e77c56,Portugal,Kléper Laveran Lima Ferreira,1,180.13492039321818,0.06001189934881531
3930166,f72f6787-e70c-4369-9ed4-4da53f4daade,Portugal,Diogo Meireles Costa,1,316.2215517020916,0.0565738320334176
3930166,4cce50cb-d8b3-4427-89e1-3aec1228fb7c,Portugal,José Diogo Dalot Teixeira,1,835.7057844285122,0.06836438847862153
3930166,3a53cabf-2eba-4d4d-8aac-8ca1b428fb45,Portugal,Nuno Mendes,1,563.9244520787308,0.0973364671019734
3930166,8aa4745d-8618-4b95-9487-774a7d9adf1c,Portugal,Rúben Santos Gato Alves Dias,1,511.4275459077054,0.10186039908848193
3930166,16516956-3fc8-491d-bdc6-944a9d24e43f,Portugal,Bruno Miguel Borges Fernandes,1,449.7764247120468,0.1210386576254271
3930166,e6d313d3-e249-4df8-9a64-e18dc2da4e72,Portugal,Nuno Mendes,1,541.3200524046019,0.11367334326304881
3930166,c5211ea7-b184-4ee9-8184-353a65edc982,Czech Republic,Jan Kuchta,1,797.8632509951199,0.09200928735791343
3930166,baa77a8f-d7b5-4bf7-8ae0-3fe9346acc76,Portugal,Bruno Miguel Borges Fernandes,1,308.22664860376165,0.14600611018918386
3930166,4d1bd19f-e290-4b95-864e-a752cbb45079,Portugal,Rafael Alexandre Conceição Leão,1,173.26336680985736,0.1854110623183206
3930166,7daed06e-8ab6-4332-adb6-5b8c0a5bd2d7,Portugal,Vitor Machado Ferreira,1,222.63103371819395,0.2744981178805448
3930166,a53549ab-082c-4c83-bd20-d2cfdc5e156b,Czech Republic,Vladimír Coufal,1,261.0053088744088,0.07204061288731425
3930166,2fbc0aa3-fffc-4315-8cee-77a38efbed48,Czech Republic,Lukáš Provod,1,425.43156893633625,0.07078460810107115
3930166,d90b538e-2ccb-45cb-8a04-488deb614bbf,Portugal,João Pedro Cavaco Cancelo,1,533.6069422611591,0.15744380956989948
3930166,31da59cb-a689-4d9f-9af8-6266311e1ce2,Portugal,Kléper Laveran Lima Ferreira,1,544.9547429132745,0.21261006228030377
3930166,4ea1e2f5-b12f-4e52-b8b8-2f764409723b,Portugal,Bruno Miguel Borges Fernandes,1,527.6065093420959,0.2505195325580494
3930166,6d90ae0f-86c4-4c5a-92ce-84ad22185762,Czech Republic,Jindřich Staněk,1,1109.647374099591,0.07200554936880214
3930166,67071e33-7149-4122-878e-7087e0325d49,Portugal,Rúben Santos Gato Alves Dias,1,959.6299056416956,0.1943312748738406
3930166,a6809a0b-cafd-4858-84f7-6011183e7399,Portugal,Bruno Miguel Borges Fernandes,1,726.5225466479736,0.15507659191801465
3930166,ab61d3fb-9463-4c9a-b559-50a8516ff985,Portugal,Rúben Santos Gato Alves Dias,1,534.7122497556629,0.1740762584550572
3930166,74647e1a-e5d9-45d0-8888-42b3880f7e23,Portugal,Bruno Miguel Borges Fernandes,1,692.8410367913557,0.12656426069083107
3930166,964533fe-0f15-478a-ad6d-59ed301f7687,Portugal,Rúben Santos Gato Alves Dias,1,731.9047272849045,0.08351427925418367
3930166,574d48aa-3307-4bc9-ad31-4741a695b1af,Czech Republic,Ladislav Krejčí,1,912.1806628058426,0.06645610847675106
3930166,161c2a3e-27d6-4c58-aa3f-35080484740f,Portugal,Cristiano Ronaldo dos Santos Aveiro,1,556.7509676366257,0.13149042625188767
3930166,d7e2a832-929d-453b-9e14-12ac3a0a6f3b,Portugal,Bruno Miguel Borges Fernandes,1,606.4021059233073,0.13883535716587905
3930166,02de592a-0f08-4bd5-89b6-2ec9d0803fc1,Portugal,Cristiano Ronaldo dos Santos Aveiro,1,558.1681899455306,0.2118075138925306
3930166,7096fe9b-1bba-433c-8359-94408c6ccef2,Portugal,Bernardo Mota Veiga de Carvalho e Silva,1,253.87293049556177,1.0347320972410967
3930166,d5adf813-e106-440e-ace7-487280b280f1,Portugal,Vitor Machado Ferreira,1,233.9790570020211,0.6594631125493147
3930166,e110384c-039e-4465-bbaf-3cf82683f98a,Portugal,Bruno Miguel Borges Fernandes,1,375.8915062981699,0.15741786615832365
3930166,34ef9d06-3ec9-4f93-9847-984a6f14478c,Portugal,Bruno Miguel Borges Fernandes,1,533.3843349836379,0.30058504384514406
3930166,f400130f-6acf-4a55-b5a1-77a4dbffd1f7,Portugal,Kléper Laveran Lima Ferreira,1,296.42074482517216,0.10956031635011354
3930166,27e8880d-fb69-4bb5-9cbf-00c5088b285a,Portugal,Bruno Miguel Borges Fernandes,1,441.58148542844515,0.1311871582761239
3930166,d2a9b968-a004-4010-9b6a-582d0736a2ee,Portugal,Rúben Santos Gato Alves Dias,1,471.61538529668996,0.12062800359452774
3930166,4cdd5c75-ee13-4908-9b94-acc86b005682,Portugal,Vitor Machado Ferreira,1,462.082627066385,0.1354622097470598
3930166,3f013f0d-0ee6-4e5c-8298-c5e710f920ff,Portugal,Rafael Alexandre Conceição Leão,1,445.0844300422551,0.15150882541884086
3930166,0cb3ef85-3da8-4909-89cf-a42d0262476f,Portugal,Vitor Machado Ferreira,1,380.5906881689301,0.14057078134389284
3930166,89f21d4c-9176-4071-a635-d4526391fcc6,Portugal,Rúben Santos Gato Alves Dias,1,340.33443649301677,0.15705096721212042
3930166,4de65c08-85b1-4100-bba3-9d5794b791c2,Portugal,Bruno Miguel Borges Fernandes,1,397.4786985297942,0.17224799741345304
3930166,6df18809-5fdc-4d1a-a342-ab94010becd5,Portugal,Kléper Laveran Lima Ferreira,1,455.4904548513762,0.1450307237198064
3930166,86fbdfe3-5cb7-4c6c-9d5d-68df1a870803,Portugal,João Pedro Cavaco Cancelo,1,384.45703383133576,0.16728128223102656
3930166,51014384-1ef3-4298-837e-d0abc63c5ab9,Portugal,Nuno Mendes,1,591.4495345987744,0.13259178164320826
3930166,3e8a197e-9472-4b4b-afce-60b854a36bcf,Portugal,Vitor Machado Ferreira,1,595.0419949312102,0.24937955649782503
3930166,be682436-f062-492a-aeab-7789254d731b,Portugal,Rafael Alexandre Conceição Leão,1,227.69933756024938,0.4394610440994863
3930166,720f2fe3-5b64-4782-9fdb-9de02a8377e4,Portugal,Bruno Miguel Borges Fernandes,1,561.7256499951147,0.07293016669463334
3930166,223d222c-ac4e-47b1-a75b-32b9c194a6be,Portugal,Kléper Laveran Lima Ferreira,1,666.311552121965,0.08383044094354548
3930166,85f0de57-04a4-478a-81fc-362026548bc0,Portugal,Vitor Machado Ferreira,1,494.70812931202835,0.12098905651975711
3930166,9a0755f8-0360-4343-a8ce-39e812da051b,Portugal,Bruno Miguel Borges Fernandes,1,510.4992097116932,0.1198784322451279
3930166,f258cca8-76dc-43ce-b165-0124703356ba,Portugal,Bernardo Mota Veiga de Carvalho e Silva,1,785.023064787659,0.10306304360415688
3930166,33a370ce-20e2-4eff-8b02-41af1781cb4d,Portugal,Vitor Machado Ferreira,1,569.9541991223173,0.12923165625797386
3930166,a0994427-d086-4490-aa4e-fb48898cb336,Portugal,Bruno Miguel Borges Fernandes,1,605.3635028434101,0.168171383817022
3930166,dd50f9c5-3e85-43d3-8383-8bbd5621b754,Portugal,Cristiano Ronaldo dos Santos Aveiro,1,399.0134292099392,0.11468195225916214
3930166,e2b01a2e-50c6-44fb-b6a7-d1cba7b73adb,Portugal,Vitor Machado Ferreira,1,353.78188617186703,0.17882666373964498
3930166,474fdece-ce38-4cf8-936d-4ad93d79553a,Portugal,Rúben Santos Gato Alves Dias,1,318.9521570891282,0.13624815474691335
3930166,8b8d5cfa-1898-44c9-ad7e-f067a3294aec,Portugal,Bruno Miguel Borges Fernandes,1,342.0470576686132,0.1867741463178748
3930166,a0a7bae8-882b-4a1e-886f-281eb25fd45a,Portugal,Rúben Santos Gato Alves Dias,1,390.6923405183887,0.13298243881032007
3930166,ec6ee652-0ff1-4148-80a4-07baca54604e,Portugal,Vitor Machado Ferreira,1,456.22216825009366,0.1508655326644489
3930166,382c62e2-e001-485d-8a7c-46244b4214b0,Portugal,Bruno Miguel Borges Fernandes,1,483.6478846342598,0.23156324012061813
3930166,507f1eda-63a7-4cb2-b8e8-f70267b2b716,Portugal,Kléper Laveran Lima Ferreira,1,480.55672566746176,0.1667190411838405
3930166,c9f9203d-cae0-44c1-928a-197253a27082,Portugal,Nuno Mendes,1,875.7679443953245,0.17072412349466518
3930166,1da05346-fb93-4c63-8ebe-c4d404c019e4,Portugal,João Pedro Cavaco Cancelo,1,794.5176571896192,0.11799440502048358
3930166,6f1f37f0-58a1-4086-999a-67134b3776e2,Czech Republic,Tomáš Holeš,1,216.94586184870235,0.038396521214791104
3930166,31b5fa33-a4b5-4b6f-9c0a-1cd37da0c2c3,Portugal,João Pedro Cavaco Cancelo,1,236.23935235940294,0.3347350856114705
3930166,f155f085-a47c-4c76-92c9-453aeb453166,Portugal,Rafael Alexandre Conceição Leão,1,210.2634642298277,0.274593226905281
3930166,ee7d4e58-8179-492e-b823-50930eb015f9,Portugal,João Pedro Cavaco Cancelo,1,697.7398844753438,0.12838959789381327
3930166,240b2fec-6479-46e8-b8bd-d7f66315b5ea,Portugal,Kléper Laveran Lima Ferreira,1,574.7037387132252,0.12371823966996473
3930166,df238b5f-1301-499e-99b6-a821a4213739,Portugal,Vitor Machado Ferreira,1,494.0006951274888,0.08535466635447866
3930166,d1c7a21b-6809-46b9-a459-36e3766e6fc6,Portugal,Bernardo Mota Veiga de Carvalho e Silva,1,576.5080731758791,0.08810275609452642
3930166,3432614c-d6d2-4469-8ce2-3e0b426a7a5d,Portugal,Vitor Machado Ferreira,1,584.8189375602904,0.09361609817244779
3930166,25d4ef98-5f0a-4f12-8e26-1e47b8f7ad50,Portugal,João Pedro Cavaco Cancelo,1,455.281664346167,0.1094130601452054
3930166,2f2cd205-92ed-40d9-a2a5-a4ca9680c457,Portugal,Bruno Miguel Borges Fernandes,1,389.71412051369566,0.11365295175754705
3930166,4e8b56e9-5e8c-4242-80d4-20ebe9e8e799,Czech Republic,Pavel Šulc,1,932.134267883442,0.09010442432581986
3930166,f45ee1b0-4f7f-42df-8642-782095fb7eec,Czech Republic,Tomáš Holeš,1,787.4937101310318,0.10729081731253472
3930166,cc76ff29-93f9-4379-a41c-7c76fdf49170,Czech Republic,Tomáš Holeš,1,650.2555355222383,0.10521168188096094
3930166,4199013d-0f40-4d4e-a3b6-54f13f1d022a,Czech Republic,Pavel Šulc,1,459.06371775459337,0.12437701399959937
3930166,eb306db8-f3be-4257-b0e1-297bc14f65a1,Czech Republic,Lukáš Provod,1,436.9825489215902,0.09875687339215705
3930166,43e21928-3410-44d8-8e5c-c7bc0b5cc133,Czech Republic,Pavel Šulc,1,332.32704047894697,0.14204458787280932
3930166,46083d8b-80d8-4cf6-958b-2d425d1aedec,Czech Republic,Lukáš Provod,1,344.0229590356194,0.1885583447891862
3930166,235ae452-6e0a-422b-b708-4221cbd9fc55,Czech Republic,Tomáš Holeš,1,472.7727895635558,0.25608810244683755
3930166,ee364bdc-bc2e-4d55-8511-1990b44b47fd,Czech Republic,Vladimír Coufal,1,488.53605281646134,0.26925944346112174
3930166,92d4b0ab-86c9-46eb-a54d-fa11999f7de3,Portugal,Bernardo Mota Veiga de Carvalho e Silva,1,381.08332064868944,0.06310986481822584
3930166,033763e1-09e4-4d4a-844d-533ca872d87a,Portugal,João Pedro Cavaco Cancelo,1,585.026879616943,0.07168543907729015
3930166,afa567df-26f8-4bbc-9cff-06e9b2fbbd4f,Czech Republic,Robin Hranáč,1,492.5056868379652,0.09646627467919883
3930166,59e79c7d-4bc6-4d0b-9889-1ea9e5cbbed5,Czech Republic,Tomáš Souček,1,668.6430177345021,0.10763507865673116
3930166,5ee17023-c8be-4df6-8ef3-5280055ef56f,Czech Republic,Pavel Šulc,1,197.1121328792284,0.1032264899144198
3930166,419261ff-b1ca-43ae-8bc5-5000e60aecbe,Czech Republic,Patrik Schick,1,154.3885654573024,0.10701455863511403
3930166,99b8a0d9-758d-4018-aa35-debda1f4f18a,Czech Republic,Jan Kuchta,1,283.8874660876155,0.15311377635660658
3930166,50d0e463-b13e-406d-aab0-3bcb8057e92d,Czech Republic,Vladimír Coufal,1,244.6841394627195,0.21937751627345048
3930166,dcd91ea7-982b-41af-b7c7-722268eeff59,Portugal,Bruno Miguel Borges Fernandes,1,279.246537638567,0.05594344214401986
3930166,7fdeee42-5812-46aa-8ab1-9e4d28917bfb,Portugal,Cristiano Ronaldo dos Santos Aveiro,1,218.36088051292882,0.22238251280073526
3930166,c3a6d26c-56e3-4f18-b624-cdc1c609e102,Portugal,Vitor Machado Ferreira,1,363.5688335449367,0.23838816595150825
3930166,5422e171-0557-4e6d-b301-9e9ca8dd5b6b,Portugal,José Diogo Dalot Teixeira,1,619.9596759100793,0.2232674940440066
3930166,e1342370-f5e9-4212-a632-85691c8180ce,Portugal,Vitor Machado Ferreira,1,623.9520208656434,0.23798917806026182
3930166,14742f9e-1cb9-4f0d-a0e5-fb164100f386,Portugal,Kléper Laveran Lima Ferreira,1,669.0101909434113,0.20225930516827442
3930166,9eb3248c-9cc7-4a13-8032-96507d4a53c5,Portugal,Bernardo Mota Veiga de Carvalho e Silva,1,704.9693381896167,0.2032558721208392
3930166,3026ca64-b4c0-4d99-b4ac-3f66a00c4bc2,Portugal,Nuno Mendes,1,688.3111162448437,0.07498209273484463
3930166,fcad3275-a6e9-49b2-afd6-05ca25c79370,Portugal,Kléper Laveran Lima Ferreira,1,570.1344150978753,0.0864215239819351
3930166,fd8517ea-a790-45fb-97b2-60fd4790a840,Portugal,Vitor Machado Ferreira,1,498.8776880624656,0.10701373255274266
3930166,7eb5a2c6-2a52-416d-ba90-9a04e0f7f8b9,Portugal,Bruno Miguel Borges Fernandes,1,484.5337274664188,0.11577269974765014
3930166,7d62c3d2-4d74-47f2-abcb-1a6818d72bd6,Portugal,Bruno Miguel Borges Fernandes,1,463.0040337579731,0.10934624971163721
3930166,fdc3e163-cd1e-4c77-96e3-d05dcaa10f84,Portugal,Nuno Mendes,1,410.6582707568491,0.12033348647930711
3930166,ba7b23f1-d316-41ee-b593-672213d8d1af,Portugal,Bruno Miguel Borges Fernandes,1,321.09695384444933,0.14402003805401417
3930166,070c557d-6488-43b8-aeef-e32f3c34659e,Portugal,Rúben Santos Gato Alves Dias,1,468.8699462442893,0.1244581436793742
3930166,de29bac0-7957-45f2-941e-e9d707c0e240,Portugal,Bruno Miguel Borges Fernandes,1,517.1696157167028,0.13102565671106892
3930166,9d81dfd6-5ee6-4c30-be58-972eb50f01d9,Portugal,Nuno Mendes,1,702.5242770375621,0.18457998720200852
3930166,bfb3fa89-90f6-4a80-b581-a88ce618893d,Portugal,Vitor Machado Ferreira,1,479.53717661189904,0.28067835765934934
3930166,55ca7c06-cd7f-40cf-ab79-88a393b901cc,Czech Republic,Robin Hranáč,1,658.4219611273712,0.07991761193710635
3930166,004d5ecb-f53f-4c34-80c0-23a5f02db146,Czech Republic,Lukáš Provod,1,802.7482034464874,0.06255318880076993
3930166,db9e8b56-964b-492e-8097-f0e9d7e74c92,Portugal,Kléper Laveran Lima Ferreira,1,100.01899108106358,0.1774930567960618
3930166,a3c6943d-e3da-4bc4-bb8d-cfdfb54d6471,Portugal,Rúben Santos Gato Alves Dias,1,686.9602565430972,0.14639593228564995
3930166,f2905d71-9b6f-4608-acde-4c550874773a,Czech Republic,Lukáš Provod,1,565.7407376659698,0.07705215161558358
3930166,1a3144ec-4d7f-44b8-9cb9-843ed5cfecf8,Czech Republic,David Doudera,1,772.1638584241647,0.049305346579507886
3930166,9ce0bbbe-fbb4-40f7-a090-3d6070933e6a,Czech Republic,Jindřich Staněk,1,906.7668586364289,0.06035476820548303
3930166,9b285665-c3ac-4967-a1dd-c5b12277f920,Portugal,João Pedro Cavaco Cancelo,1,554.4587263418509,0.15146553405852606
3930166,051d7517-a7be-481d-b241-2016032603f4,Portugal,Cristiano Ronaldo dos Santos Aveiro,1,522.8339995741705,0.15022692244066255
3930166,d7521319-3ffe-42aa-b97d-a2b48633a681,Portugal,Rafael Alexandre Conceição Leão,1,452.1466660895042,0.1395214252771415
3930166,ddd0e02d-59ba-4e19-8b42-4c49500dff6c,Portugal,Vitor Machado Ferreira,1,341.1806543836092,0.18000646670977158
3930166,be7b0a09-3e8c-44da-bd53-7fdc2e5fb2bb,Portugal,José Diogo Dalot Teixeira,1,367.69858005520257,0.13856756797742864
3930166,28cd8cca-3d94-4a2b-a958-b92f03c2a4e0,Portugal,Rúben Santos Gato Alves Dias,1,554.9199328974598,0.10505394731662271
3930166,1786b3dc-bc34-4ef7-9627-981cb82bf250,Portugal,João Pedro Cavaco Cancelo,1,518.0570211417498,0.14112046557847524
3930166,82fe9da0-d711-4e4e-a37b-4c1d6ec70cab,Portugal,Kléper Laveran Lima Ferreira,1,508.30904113010104,0.13897163275836508
3930166,53e268bc-cd87-46ef-b98d-55fe65348b4d,Portugal,Nuno Mendes,1,617.490983379147,0.14769714943179713
3930166,4197c4e2-6d13-4064-be9d-766c2b5d0fc3,Portugal,Vitor Machado Ferreira,1,556.7248561905321,0.15572253986140303
3930166,a5b16c3e-7851-4ad8-84a6-349a4678be82,Portugal,Cristiano Ronaldo dos Santos Aveiro,1,536.2162203786751,0.13400029478700398
3930166,0fcc6f51-1e2f-48a7-9f72-a50c2283e4eb,Portugal,Nuno Mendes,1,464.78277812163094,0.14939116052748697
3930166,621b5b4b-85b2-435b-bfa2-65e29bbfd9c0,Portugal,Rúben Santos Gato Alves Dias,1,451.4699504584289,0.1458206549002338
3930166,293f03d7-3d5a-4920-a636-b225f87b9ff2,Portugal,Bernardo Mota Veiga de Carvalho e Silva,1,441.83411887833137,0.21638767308535192
3930166,9a8442fa-ea65-4d87-9531-7c17ae0a7ed5,Portugal,José Diogo Dalot Teixeira,1,395.8043011935336,0.2869022796365149
3930166,fe24a3c5-42f5-457d-b44a-253d6299f77a,Portugal,Vitor Machado Ferreira,1,337.51801822264844,0.30148452065790504
3930166,9155bc94-271f-4937-83f3-2ee0e9d0f36d,Portugal,Nuno Mendes,1,479.917558222566,0.20841576657192437
3930166,98442be0-be64-43df-8522-b2463bf956ff,Czech Republic,Jindřich Staněk,1,366.6541294382839,0.11061333593632612
3930166,f439ce57-359b-4004-a92a-d5df295e2ed4,Czech Republic,Tomáš Souček,1,506.64662148111677,0.12821525563824115
3930166,5f0a9c0f-5d17-4f25-b5d4-a4ca54c8a972,Portugal,João Pedro Cavaco Cancelo,1,766.3110427462159,0.07418824675226918
3930166,e24ae59b-c12e-4243-9aba-ceb08444964d,Portugal,Bruno Miguel Borges Fernandes,1,597.9521729063823,0.06362071408322477
3930166,9065fb4a-864e-49e6-8f9f-f757cc143909,Portugal,João Pedro Cavaco Cancelo,1,542.8733954014477,0.06799838760902117
3930166,ff1a718f-0f31-4ac4-a5cf-446d19fbccf1,Portugal,Rafael Alexandre Conceição Leão,1,189.29697518000913,0.3788756080789212
3930166,280e4596-b10e-469e-a2bd-51844dd107f9,Portugal,Bernardo Mota Veiga de Carvalho e Silva,1,217.87549910923883,0.8743058488511193
3930166,dff74ef3-6f52-49e6-a077-a250330a3234,Portugal,Bruno Miguel Borges Fernandes,1,263.7549281563555,0.6904640362484362
3930166,be4d8c61-b386-4301-805f-eebfbc71b2f0,Portugal,Kléper Laveran Lima Ferreira,1,339.1807969473556,0.23376492138660504
3930166,9bfdfe78-41b3-4f55-b658-aa7bee9babbb,Portugal,João Pedro Cavaco Cancelo,1,354.0016630830852,0.21445463670080972
3930166,ea45e26e-1d79-4d35-b013-0e93bbf02273,Portugal,Rúben Santos Gato Alves Dias,1,330.6102587710045,0.27829997774048093
3930166,bd6b94e7-7571-4904-9cae-76dcc7290d87,Czech Republic,Jan Kuchta,1,692.591263444041,0.0603339872976347
3930166,13d1843d-b4fe-48b6-9970-c72c03d4907b,Czech Republic,Patrik Schick,1,681.985688783724,0.04922820504445173
3930166,b62b8150-59bf-477b-a221-6cf88f8355dc,Czech Republic,Lukáš Provod,1,660.409298669527,0.053833350690683
3930166,a587b90b-6a51-4ad5-a7aa-d7a1c1ab6362,Czech Republic,Tomáš Souček,1,725.5623644680596,0.05650842863767608
3930166,3a298086-f6ad-450e-b247-d28f61f2e819,Portugal,Kléper Laveran Lima Ferreira,1,717.4792614789226,0.10257777852252879
3930166,f82b5e12-0761-4e9b-8916-4083e6101864,Portugal,Rúben Santos Gato Alves Dias,1,533.7590906976549,0.09605182638215147
3930166,ae158ede-1204-4b8f-84bb-f72a5208a85a,Portugal,Bruno Miguel Borges Fernandes,1,431.33585661740165,0.11657913842425999
3930166,aeb3977f-f3b7-495e-9606-145c31223c38,Portugal,Rafael Alexandre Conceição Leão,1,350.468241867944,0.23386516228133522
3930166,be04ac93-90d3-48a3-9337-e652ae2b5d56,Czech Republic,Lukáš Provod,1,452.45335151881505,0.05456483738662635
3930166,f8cd011a-dc9c-4651-9e1e-9c214424998f,Czech Republic,Lukáš Provod,2,521.5108313727695,0.1234042344225092
3930166,9495ee65-27c9-4f86-b97f-9f68801d71a8,Czech Republic,Ladislav Krejčí,2,731.0371276166338,0.11060877599342789
3930166,cbb932ea-7c49-416e-a5d0-fc44cf752679,Czech Republic,Tomáš Holeš,2,726.9794074159951,0.11923696395966212
3930166,474afa96-befc-4554-836c-9cf91ad94b5c,Portugal,Nuno Mendes,2,856.3542894153488,0.06823370680419819
3930166,919da44e-606a-466c-8b5b-976105f857e2,Portugal,Bruno Miguel Borges Fernandes,2,759.0547506765976,0.06588137063393897
3930166,c0e86dfe-f248-410e-b26f-8034949ae947,Czech Republic,Vladimír Coufal,2,428.65140008404,0.1476862952143407
3930166,7f8fbe78-4bb1-40e2-9b10-216e036a384a,Czech Republic,Lukáš Provod,2,340.31788580228874,0.15685287576491452
3930166,754bb2c7-b8b0-48f4-8ec3-d4371e355ec6,Czech Republic,Tomáš Souček,2,623.9815532232421,0.1368891690900358
3930166,b60161af-cdda-4254-abeb-66aa5ef1c7a8,Czech Republic,Tomáš Holeš,2,601.5888346345229,0.12492518057921422
3930166,035eca5b-07f5-465d-a6cf-2a8ffd49d7da,Portugal,João Pedro Cavaco Cancelo,2,798.186159155553,0.06299414352280439
3930166,0436a545-9551-41a7-9467-b2816f80332c,Portugal,Diogo Meireles Costa,2,862.3681563923562,0.06160349823838838
3930166,11b84ef3-42d7-4cd1-9bc1-5c0ac1c330f8,Czech Republic,Lukáš Provod,2,816.6242558862249,0.21405401270841196
3930166,703387df-dc80-49a4-b9c8-59140c05351b,Czech Republic,Pavel Šulc,2,695.5590293951292,0.15310657752590012
3930166,aa5bb311-d08f-45b3-b242-84effd93955e,Czech Republic,Jan Kuchta,2,542.6696920393687,0.1318108122495325
3930166,29171aa1-a957-41a2-b663-a96e61129957,Portugal,Nuno Mendes,2,253.3940534712126,0.07451605641203271
3930166,2625d798-0d01-485e-a8af-7b738f2366f9,Portugal,Bernardo Mota Veiga de Carvalho e Silva,2,323.8031070845443,0.16308162747099353
3930166,ffb2df9d-3edb-44b8-bfbe-eeb9d0470eab,Portugal,Bernardo Mota Veiga de Carvalho e Silva,2,258.51001937162664,0.26859926742296775
3930166,94247803-e9ac-467b-bb68-b9168b13a54a,Czech Republic,Patrik Schick,2,578.4093129516448,0.11311749075453907
3930166,b549bd99-c5c9-44bb-b446-af7a3806546f,Portugal,Kléper Laveran Lima Ferreira,2,701.6476187531339,0.0843834423017659
3930166,5853c062-143a-4186-a68d-5410cead323e,Portugal,Kléper Laveran Lima Ferreira,2,509.0501267939823,0.0839307824254448
3930166,189dfefc-20cd-4d91-a192-44a00a0eee53,Portugal,Rúben Santos Gato Alves Dias,2,682.992813350264,0.08346835310442237
3930166,012a310c-f6c5-4b45-aef8-2535d8934e60,Portugal,Vitor Machado Ferreira,2,697.8872149508212,0.09287598918787802
3930166,ee72fd5f-490d-438d-9cb8-2631e49f4dfa,Portugal,Rúben Santos Gato Alves Dias,2,855.3690066183517,0.08474308522851144
3930166,7d092faa-72ee-49c4-9fd0-1555bc342c09,Portugal,Nuno Mendes,2,647.596314586418,0.08301653739704823
3930166,9e0a4b5f-43c0-4de2-87bf-586164484865,Portugal,Kléper Laveran Lima Ferreira,2,713.1303137859969,0.08292631121815805
3930166,7d5e24c8-602d-4ed4-91ef-3902fb43250c,Portugal,Nuno Mendes,2,874.2898074137897,0.07112154471462331
3930166,9f5a963a-84b6-472b-ad8f-f77063c2b101,Czech Republic,Tomáš Souček,2,1066.4501100393284,0.11703684014840757
3930166,f02d64d2-41e1-455c-81e5-d8cfac5a64a7,Czech Republic,Patrik Schick,2,655.9525949360577,0.13442410182775275
3930166,5edf48d8-8c28-4203-9b10-7c59a7530cb3,Portugal,Bruno Miguel Borges Fernandes,2,151.30266596723385,0.21942516824436833
3930166,53c7ad7c-dea1-4c07-9d2a-e4fddc55784c,Portugal,Bernardo Mota Veiga de Carvalho e Silva,2,89.0751377243086,0.23899776416397817
3930166,3a08425e-698c-487d-b42a-45c7219a079e,Portugal,Vitor Machado Ferreira,2,276.98968521754364,0.5882828231680686
3930166,e1663d91-48bc-4e85-bff1-85efe7a03087,Czech Republic,Jindřich Staněk,2,362.9901854280446,0.14478798937948492
3930166,cc825a7d-f3b5-4fcf-88d5-676863e7c7d1,Portugal,Kléper Laveran Lima Ferreira,2,375.47847013523136,0.09066309070724253
3930166,8d853e2a-a890-4c95-b656-1327c7c3a6fe,Portugal,Bruno Miguel Borges Fernandes,2,379.57317231363453,0.08873752019143363
3930166,6c96ca9d-e658-4488-9038-f41d4600bd30,Portugal,João Pedro Cavaco Cancelo,2,483.4886100553007,0.07416558327316039
3930166,6bb15f48-97ff-4dfd-9509-0f014720c9f0,Czech Republic,Tomáš Holeš,2,752.9310382708383,0.1032786284833711
3930166,08a63ef1-586d-48d0-ba89-686521e5a63d,Portugal,Nuno Mendes,2,893.9025687606006,0.05064246472347053
3930166,b53f9c59-a041-4280-8a1b-b0f9e9757156,Portugal,Kléper Laveran Lima Ferreira,2,1080.4061210030166,0.05435273325212123
3930166,5fc4c06f-6afc-4d51-82eb-a7e7c11def73,Portugal,Bernardo Mota Veiga de Carvalho e Silva,2,931.1127040306923,0.08118398305134286
3930166,476b73a5-ced6-4798-99a0-a400ca7834d1,Portugal,José Diogo Dalot Teixeira,2,493.2035802097201,0.10589521057902089
3930166,1e6a3102-58c9-4788-97e6-fc94d7f92fdf,Czech Republic,Jan Kuchta,2,244.62347474808973,0.06715415954251608
3930166,e5456a03-8495-48dc-a9fc-f0ae2ca563e2,Czech Republic,Patrik Schick,2,246.27066838102616,0.144474399883921
3930166,4c5a032f-aba9-413b-8504-70f64343a091,Czech Republic,David Doudera,2,380.348632439324,0.04675656084963978
3930166,6cf88e5f-7dc3-4e7b-a90c-7fe77f72aa11,Czech Republic,Tomáš Souček,2,299.69916249389007,0.04750796438702142
3930166,218f41e6-d0f2-4379-882e-5fc6f0bdde20,Czech Republic,Jindřich Staněk,2,343.82822391713796,0.04395437903850567
3930166,64c8fdc9-8260-4018-a582-f7e865bff4be,Portugal,Vitor Machado Ferreira,2,324.29216418267646,0.07822210604271793
3930166,a729b95b-bf5e-4a46-a9ff-a9cddafefcf8,Portugal,Nuno Mendes,2,497.7713502624267,0.0753239204717529
3930166,752748ea-2e71-412a-bcf4-e81137c793b9,Portugal,João Pedro Cavaco Cancelo,2,464.967612627624,0.0698749661876934
3930166,b642b5e7-45ef-41e4-8b95-0695af3da98a,Portugal,Bruno Miguel Borges Fernandes,2,330.1719509122808,0.06743960662553036
3930166,90e6f837-d211-4030-87e4-be4b90a71964,Portugal,Cristiano Ronaldo dos Santos Aveiro,2,468.1696079770106,0.129408983972924
3930166,7d42a3f7-38f1-484e-88cb-fcdf77a4bd13,Portugal,Rúben Santos Gato Alves Dias,2,454.10851308386816,0.14611097575147042
3930166,0cdb3d1a-0797-47b4-bdc1-1f19881fd3fb,Portugal,José Diogo Dalot Teixeira,2,541.278548912279,0.10179036322536317
3930166,628ea50b-5cd6-45cb-8476-671be3aa574a,Czech Republic,Patrik Schick,2,405.49553993490474,0.06108842737471453
3930166,ac106db1-4cf9-4314-a9c4-151af8fd37dc,Czech Republic,Ladislav Krejčí,2,727.2074673003881,0.08637619235313522
3930166,22e00035-7494-4893-8551-d61e33e6263e,Portugal,José Diogo Dalot Teixeira,2,413.25262555039933,0.08999591363414403
3930166,87508729-4fb8-46d0-9da2-23ef439d31d6,Portugal,Rúben Santos Gato Alves Dias,2,338.1219237381152,0.12831992556393765
3930166,762bcedd-38f9-406e-8e45-ab1dc142f281,Portugal,Vitor Machado Ferreira,2,312.5394746286493,0.15412267770948893
3930166,81e36a2f-feae-462b-b55b-7859467e5d7f,Portugal,Bruno Miguel Borges Fernandes,2,515.5599160229497,0.17470634910114763
3930166,eeba4bb0-242b-418d-8805-d603185d2666,Portugal,Rafael Alexandre Conceição Leão,2,549.2181899760642,0.09737730395302877
3930166,3cabf64c-17d3-467c-b31f-c2d2471c9d16,Portugal,Kléper Laveran Lima Ferreira,2,514.1077238645107,0.14648125928729516
3930166,5babec0d-1a42-4bc1-b551-19d911e97af0,Portugal,Bruno Miguel Borges Fernandes,2,628.9693764427973,0.13643828126028948
3930166,6739eea2-db4f-4db5-b6b2-d0ccfb7dd80d,Portugal,Rúben Santos Gato Alves Dias,2,480.0660961419909,0.11885416321246112
3930166,d2a37195-3b93-4f4a-b64d-85bde5cc0e22,Portugal,Kléper Laveran Lima Ferreira,2,490.18871014318114,0.15604149005122886
3930166,36779f5a-8a01-4812-a540-fdffe935e8a4,Portugal,Nuno Mendes,2,602.7404209573531,0.12976524622650806
3930166,f09cac8d-56cc-407a-977d-917e0d0b1700,Portugal,Kléper Laveran Lima Ferreira,2,646.5890830643235,0.12937742980957884
3930166,7110afda-1cb1-49b0-9cb4-4fbe00c22dfc,Portugal,Kléper Laveran Lima Ferreira,2,992.5127557105532,0.09458179775028239
3930166,27b4f2be-1785-40d1-9cc3-dbff271ba8bc,Portugal,Rúben Santos Gato Alves Dias,2,834.6360569024989,0.0765062209311884
3930166,2d3108c5-6cd6-4cfc-b8dd-3725ef29b94a,Portugal,Bernardo Mota Veiga de Carvalho e Silva,2,819.1414225259821,0.08010964580486706
3930166,59e05e2b-7edb-4fa2-9ca7-8947a5b044ee,Portugal,Rúben Santos Gato Alves Dias,2,866.4720070770629,0.08674287170418837
3930166,bcd82897-4bab-4ba9-a9f0-5b67afc79b2c,Portugal,Diogo Meireles Costa,2,807.7449531012134,0.07645745717039124
3930166,3f462106-2e54-441d-91c6-ad556baa514c,Portugal,Nuno Mendes,2,694.1783690877544,0.06245149794605332
3930166,1b685c7a-d132-4e62-8cfc-a5b0a74cc745,Portugal,Kléper Laveran Lima Ferreira,2,674.4733354329687,0.0956572029073951
3930166,a1fd331b-7e13-4ae5-a209-4e3d1a514a50,Portugal,Nuno Mendes,2,704.5484726667769,0.09766239138122916
3930166,ab35bc19-5c5c-46ea-8004-a62640a0f522,Portugal,Kléper Laveran Lima Ferreira,2,498.6284509715289,0.1158163266812858
3930166,016dcfde-cde6-43ea-bc11-3a741934a838,Portugal,Bernardo Mota Veiga de Carvalho e Silva,2,276.5860498267666,0.23177636077858788
3930166,43236f2c-b2a2-42fd-acfa-0b21f4352adf,Portugal,Vitor Machado Ferreira,2,317.80727280642265,0.23405592821239735
3930166,e8c5bd35-aad2-46f4-8319-11aebc8d6c95,Portugal,José Diogo Dalot Teixeira,2,293.6844023440005,0.2841324752133496
3930166,96483cc3-af18-4c19-ae5b-8d90bedf0870,Portugal,Rúben Santos Gato Alves Dias,2,480.10161346404783,0.24038696583424887
3930166,ae1b718d-c626-4441-8e4e-9bde8c7d3350,Portugal,Vitor Machado Ferreira,2,417.4720736656725,0.22448812066817259
3930166,baa3b00e-3829-44a6-b8a1-db6575b14244,Portugal,João Pedro Cavaco Cancelo,2,385.0669405226272,0.24455917033809643
3930166,788b7307-b146-449a-a45b-2c71fa4c7f07,Portugal,Bruno Miguel Borges Fernandes,2,298.8236060331391,0.2935392527320666
3930166,f65f34ed-f7cf-495d-9bf4-9f84691dbf0f,Portugal,João Pedro Cavaco Cancelo,2,174.27748842923393,0.6013962616507863
3930166,138173eb-caee-4dcf-8a63-a0daa1f8ea83,Czech Republic,David Doudera,2,135.5191046907265,0.07187297967087117
3930166,b1e95da2-3e18-4aa2-8f87-7d94583ba331,Portugal,Kléper Laveran Lima Ferreira,2,314.1287568419231,0.21378796104558928
3930166,213a8cb4-53b3-4543-ba03-185972c53cce,Portugal,Nuno Mendes,2,391.247095094258,0.23185510288089742
3930166,f6d9820e-55e7-4da8-8eb2-abad6cb69b00,Portugal,Kléper Laveran Lima Ferreira,2,425.23729184633675,0.22155142329435212
3930166,8d25844f-533f-4025-bb0a-2320f0cd0119,Portugal,Vitor Machado Ferreira,2,595.0567993460429,0.1204992511308843
3930166,e7a2edc3-9bc7-44bf-a839-01ec21c76135,Portugal,Rúben Santos Gato Alves Dias,2,642.721339908257,0.10351129917744957
3930166,c14640d7-22d1-40ad-b862-dbc519ca5a6b,Portugal,Rúben Santos Gato Alves Dias,2,700.9726146225605,0.0994129780334519
3930166,5bc65375-4b53-4fcf-8ead-2505e6ec4697,Portugal,Bernardo Mota Veiga de Carvalho e Silva,2,747.0240628632407,0.08607668930649472
3930166,b84b8d9b-7966-4a51-aa0a-47694f8f28f6,Portugal,Rúben Santos Gato Alves Dias,2,812.8535253903408,0.09255360443927566
3930166,5e9909a9-7a2e-44c7-83bf-ba82567ced8b,Portugal,Kléper Laveran Lima Ferreira,2,843.9648041764113,0.07173693013632781
3930166,831134f3-6e58-48b9-b68c-4ddf84ed60b8,Portugal,Vitor Machado Ferreira,2,526.8888773202102,0.12205113423571835
3930166,96158997-5c8a-4882-9fcd-7669c1a0a9bb,Portugal,Bernardo Mota Veiga de Carvalho e Silva,2,372.62750262721113,0.21971246019994783
3930166,537fdcf4-8bdb-496c-892f-3ab2317b36c0,Portugal,Vitor Machado Ferreira,2,300.90894545787035,0.3147801701795801
3930166,cea7dfb5-f576-4daa-aa8e-c6666bfa8064,Portugal,Bruno Miguel Borges Fernandes,2,198.65339143689977,0.32339475896687875
3930166,f67e429e-6aac-4bdf-8c79-3a1deafb4925,Czech Republic,Ladislav Krejčí,2,381.7793367905947,0.038820023361624614
3930166,5884c483-0ec3-447b-a2a9-a99ab92da63a,Portugal,Bruno Miguel Borges Fernandes,2,637.1443043012903,0.13968212125323543
3930166,271eac1a-ccd4-4422-9866-48330b2f2706,Portugal,Nuno Mendes,2,516.8869528306453,0.12007344266931369
3930166,4ca97367-a08c-4e65-b1fa-b9354ccc9464,Portugal,Nuno Mendes,2,580.0739571378451,0.10098873260652581
3930166,a44742fd-4007-4317-8177-7edd238e41d7,Portugal,João Pedro Cavaco Cancelo,2,528.9103074288324,0.10549252985905229
3930166,41d1d434-a333-468f-8e34-e2204e33d1e1,Portugal,Bernardo Mota Veiga de Carvalho e Silva,2,443.8959202505427,0.0694577764178208
3930166,be451b03-20c3-408f-b838-af2f7bfbca57,Portugal,José Diogo Dalot Teixeira,2,456.2875306758163,0.10397502171347424
3930166,4164f20b-a233-46eb-9856-b4b6b351f01b,Portugal,Rúben Santos Gato Alves Dias,2,537.8531365413744,0.17769302337733026
3930166,f97f83ba-23e3-4401-9ef4-3665cf6f1387,Portugal,Vitor Machado Ferreira,2,457.0702247943111,0.1825037445701687
3930166,21a2f01d-eccf-4a86-9f08-8b45c5675fd0,Portugal,João Pedro Cavaco Cancelo,2,437.391204040302,0.20337464516388198
3930166,e1ac8e05-bb29-46d3-9ebf-64617eb5d4cf,Portugal,Bernardo Mota Veiga de Carvalho e Silva,2,382.78152532040457,0.22502454191969473
3930166,3af26a60-2c0b-4f6b-ada9-c0fe13f378aa,Portugal,Vitor Machado Ferreira,2,202.2701642318544,0.5660316997522841
3930166,b03ed950-2b71-4e40-8dcf-cca61bb11b32,Portugal,Bruno Miguel Borges Fernandes,2,297.0277574049231,0.4771486445728361
3930166,5504a08a-2216-4531-858d-32a170f638d8,Portugal,João Pedro Cavaco Cancelo,2,340.8204947193934,0.36475032291953247
3930166,09442350-961e-4f91-9018-ca65381070d7,Portugal,Bruno Miguel Borges Fernandes,2,435.71741589914075,0.2713008491165871
3930166,803f2534-ce97-44b0-86dc-253ad44cd09c,Portugal,José Diogo Dalot Teixeira,2,311.75212078791446,0.22716499951829194
3930166,187ed81d-af87-47df-a7d9-1eec49efd1c9,Portugal,Cristiano Ronaldo dos Santos Aveiro,2,226.46962300839982,0.4717177706561959
3930166,c9421af1-19d8-442b-8272-32e47a295f08,Portugal,Rúben Santos Gato Alves Dias,2,551.1850807496013,0.11203091512601551
3930166,e20a09ca-0200-4cf3-9c47-1e9f33782951,Portugal,José Diogo Dalot Teixeira,2,485.12416128808337,0.10547239385061191
3930166,7ad65f54-9306-4acd-8c05-f3e7dcb859b6,Portugal,João Pedro Cavaco Cancelo,2,506.2426955118623,0.1387575950513236
3930166,57104409-643a-4d06-8913-cfec08de10e8,Czech Republic,Pavel Šulc,2,501.8556737214883,0.13017196597134273
3930166,3f0e57fa-c837-44a2-bd4f-7436f435fe62,Czech Republic,Vladimír Coufal,2,369.9382995811113,0.14333077056516447
3930166,47f33ad9-8a53-4c09-ae07-14279882a3f6,Czech Republic,Vladimír Coufal,2,313.82376932995857,0.22810331628087693
3930166,ad2b8ec3-8bb8-4bde-a3fc-9f12c7ee0ad9,Portugal,Gonçalo Bernardo Inácio,2,596.9798324175804,0.11800901943813916
3930166,ff72d660-90c5-4316-9b2b-54088b49655e,Portugal,Nuno Mendes,2,681.188162274231,0.11344118137181294
3930166,a33f9371-663e-49a4-a4f5-f331c6051f06,Portugal,Gonçalo Bernardo Inácio,2,626.8343794387608,0.10364150434877105
3930166,081f9ff4-e38a-4063-8bb2-e1c9a57fcab1,Portugal,Kléper Laveran Lima Ferreira,2,747.6538682731856,0.10189181438683977
3930166,de458a43-d26d-4572-b981-831fe62b46be,Portugal,Rúben Santos Gato Alves Dias,2,837.6792938579592,0.0967263038581232
3930166,606b44f2-2a7a-4e80-9679-7d9829c3051e,Portugal,Vitor Machado Ferreira,2,411.44302514687286,0.14741194407757388
3930166,de48733e-a585-447a-9c8d-270af5426272,Portugal,Kléper Laveran Lima Ferreira,2,455.3420880149688,0.16883603668451336
3930166,63d37cee-f9fc-4b07-8273-51449485d97b,Portugal,Nuno Mendes,2,324.94272609285986,0.07323173791869819
3930166,b29ecc34-ed21-4831-87e0-51b0a0a5556f,Portugal,Gonçalo Bernardo Inácio,2,529.1286323756514,0.07123572167503338
3930166,7ee607a1-dfdf-4363-8027-9d1f8cbe4a73,Portugal,Vitor Machado Ferreira,2,613.623100180204,0.11271120802271467
3930166,eea0eeca-0922-496a-8591-aec3d1d92dfb,Portugal,João Pedro Cavaco Cancelo,2,831.2065144275124,0.08985981084873632
3930166,100945b2-3a56-43d5-90e7-cf1adb8f90f0,Portugal,Bernardo Mota Veiga de Carvalho e Silva,2,717.7216438259287,0.12494500071591151
3930166,dae9f93c-7e83-4c29-b184-7b0ab12c2c45,Portugal,Rúben Santos Gato Alves Dias,2,705.1591219906225,0.14937000588823157
3930166,eab905ff-dcb8-4d5b-930e-1c5bc96c70fb,Portugal,Vitor Machado Ferreira,2,589.988990540965,0.1781946355230005
3930166,1c19ba39-7fad-488b-8dc3-814c930c4ae0,Portugal,Bruno Miguel Borges Fernandes,2,627.1118727642533,0.17901388352743638
3930166,0d9aed48-6e3d-42fd-b6d8-564e5af6f76e,Portugal,Vitor Machado Ferreira,2,698.545300225163,0.1703616154359485
3930166,30983c04-220a-466c-a98e-ead9419964b6,Portugal,Diogo José Teixeira da Silva,2,591.0870095603785,0.18163469513478128
3930166,1a865f42-d59e-4ad8-ac73-5cdca18324e5,Portugal,Kléper Laveran Lima Ferreira,2,791.5246313354415,0.20357726149064773
3930166,b1ac600f-3fd9-4763-a7ad-763bc933ffe6,Portugal,Diogo José Teixeira da Silva,2,765.1652015605516,0.20312442417513832
3930166,344ab98f-3459-41b6-b00f-54d5f1ea54c8,Portugal,Bruno Miguel Borges Fernandes,2,671.3978079275907,0.15614525366410298
3930166,8d951a44-8567-4393-b3fd-97c3e06910f5,Portugal,Rúben Santos Gato Alves Dias,2,398.8241782087569,0.2091672678838475
3930166,b08c4565-de8b-480f-a4cc-eb54c31cd1b7,Portugal,Vitor Machado Ferreira,2,391.8068337915546,0.24761970494846025
3930166,6aa737c3-023f-454f-a2d7-5fd7ab32c8e4,Portugal,Bruno Miguel Borges Fernandes,2,401.0010122000747,0.19848620604488038
3930166,a92ab557-1232-438f-a7c4-a95013699339,Portugal,Gonçalo Bernardo Inácio,2,439.72441656528815,0.4050423734755244
3930166,76f6f588-41eb-4a96-a336-f749d096439e,Portugal,Kléper Laveran Lima Ferreira,2,532.2351349575799,0.12863179409703868
3930166,dd4481eb-4f4e-444b-98c6-84f2410f53d5,Portugal,Diogo José Teixeira da Silva,2,556.0079608486315,0.12431855390866131
3930166,4908b279-1140-4489-9c11-8672580da09c,Czech Republic,Jindřich Staněk,2,370.43600873342876,0.11597314159954332
3930166,307d62f9-5dd9-4d09-9d85-3fa0c39cde0c,Portugal,Gonçalo Bernardo Inácio,2,59.41193972876688,0.056410957568441555
3930166,cf19622b-8c06-4add-a6b9-fb5a2f05eeb8,Czech Republic,Lukáš Provod,2,523.2170039217967,0.11808961677138727
3930166,d1cedca5-bcff-43a7-8e02-70678ce064fb,Czech Republic,Ondřej Lingr,2,289.13065331654394,0.14738309442973097
3930166,b66c4241-e2ee-41a6-8663-15fceee5e7c9,Portugal,Gonçalo Bernardo Inácio,2,420.6269783572853,0.05647469920828356
3930166,c597a4a8-3ba0-4448-8803-825786f4b1c4,Czech Republic,Vladimír Coufal,2,279.68069236888095,0.13379080303731847
3930166,80636749-8801-4705-b85a-b90a291e916f,Czech Republic,Vladimír Coufal,2,194.9309880127618,0.45642449846881383
3930166,c10643e7-f06a-4a4b-a110-a8434477a191,Portugal,Diogo José Teixeira da Silva,2,350.48340286751625,0.047445085196698676
3930166,7c585cf4-9032-4464-81b4-65691b3b95f9,Portugal,Cristiano Ronaldo dos Santos Aveiro,2,647.6105594426206,0.06747779578503789
3930166,54dd9a6d-30dc-418f-a805-58f9b361b530,Portugal,Gonçalo Bernardo Inácio,2,701.7250073224011,0.08431903834108025
3930166,53398acb-9448-48fa-ab8f-f95aa29562d6,Portugal,Bruno Miguel Borges Fernandes,2,616.3499814112021,0.113059641774921
3930166,56448455-cc9b-4abe-9b7e-83ce15a9d153,Portugal,Gonçalo Bernardo Inácio,2,552.8197524725525,0.1068733694347594
3930166,ab5f22d1-20b0-48a6-9935-817ebc48aa57,Portugal,Bruno Miguel Borges Fernandes,2,589.9663747061597,0.13024283713773904
3930166,41d2addd-1643-482a-a750-fc254ea66947,Portugal,Kléper Laveran Lima Ferreira,2,616.5408385991827,0.1111751766886683
3930166,5e56f179-01f1-473f-85ad-c733a748c035,Portugal,Kléper Laveran Lima Ferreira,2,487.5477001864591,0.13330601559387445
3930166,c09f0019-9089-4ca8-9335-a4f146610235,Portugal,Diogo José Teixeira da Silva,2,476.42616074921125,0.1486815029262187
3930166,086bcac7-ad63-4d2c-94ad-0cf4ee97c129,Portugal,Diogo José Teixeira da Silva,2,357.4623277095552,0.18882791965603787
3930166,ffa6b3a5-fffb-4e33-9fc3-335718ee28e6,Portugal,Nuno Mendes,2,221.91844433516542,0.14438984402050772
3930166,ebd747a1-d667-4e84-b9fe-3abc384fa908,Portugal,Gonçalo Bernardo Inácio,2,434.8490937589553,0.18531933722914506
3930166,0c23079a-6cfe-4f51-bcd7-0470284e0b0e,Portugal,Bruno Miguel Borges Fernandes,2,400.2514967507463,0.21413771785236443
3930166,0ffcf9d0-eae1-4ca2-a9a8-80b7a28f671f,Portugal,Gonçalo Bernardo Inácio,2,361.54304683230106,0.15924591600251548
3930166,6549367a-d530-43e8-9e0b-3ff688d10642,Portugal,Rúben Santos Gato Alves Dias,2,739.8668933049474,0.13950623403858115
3930166,26cd514a-96b7-4487-a24c-8a6eba63cc1a,Portugal,João Pedro Cavaco Cancelo,2,731.7699740304864,0.12148012276441836
3930166,116fb390-a815-41e2-b14a-f3350fbc0f30,Portugal,Vitor Machado Ferreira,2,458.0642636784748,0.20817217948697042
3930166,9293f7e3-cac3-4326-a6ea-b05602617a6b,Portugal,João Pedro Cavaco Cancelo,2,399.21934756869,0.17809318420256376
3930166,7e224dc4-490d-48e7-809c-47d25d71024b,Portugal,Bernardo Mota Veiga de Carvalho e Silva,2,233.9726086136994,0.30453811754907806
3930166,718afe7d-7b61-48b4-b44b-407e9110a1fc,Portugal,Vitor Machado Ferreira,2,845.2443486288104,0.13896314659443376
3930166,7956f0f6-f49c-4462-a464-bcda51060054,Portugal,João Pedro Cavaco Cancelo,2,747.1637708538026,0.1547934709266604
3930166,6e5a01d4-87a3-4c29-ba4d-d3da2d992762,Portugal,Vitor Machado Ferreira,2,642.3331849150607,0.18184791394316566
3930166,c87ce7cd-b52d-445e-8fe1-7b2641d67950,Portugal,Rúben Santos Gato Alves Dias,2,455.1626803767364,0.31279408487279076
3930166,62cb0509-540b-4717-99d5-067f7ae117d7,Portugal,Vitor Machado Ferreira,2,412.3653939252486,0.3113652114809646
3930166,e6cc5e8a-c7bf-4302-a140-0f81fa7483a0,Portugal,Bernardo Mota Veiga de Carvalho e Silva,2,204.6064971737324,0.6543087428152405
3930166,e8a7639f-b1be-4a58-bb5b-9441a3b2541f,Portugal,Vitor Machado Ferreira,2,182.80240251518856,0.6292906982814741
3930166,05c7ce99-36b2-407e-9918-36fc98d0a11d,Czech Republic,Robin Hranáč,2,737.2784904276906,0.09633720545258102
3930166,b392d4df-37d1-45dc-a58b-9625d49b9546,Czech Republic,Vladimír Coufal,2,795.6239277676353,0.09023295010992705
3930166,22668902-dd8a-454c-857c-abeca3c006b7,Portugal,Nuno Mendes,2,369.95753519558605,0.09141626537359288
3930166,15a9ed65-01a7-47f3-aabf-8cb35236e1b9,Portugal,Kléper Laveran Lima Ferreira,2,813.2871585939972,0.06499925911017156
3930166,713d0106-ea30-45c6-8e9f-b55bd5607ef0,Portugal,Kléper Laveran Lima Ferreira,2,1115.4683916309446,0.07124578834563591
3930166,99760484-583d-4585-bc68-43f12b00695a,Portugal,Diogo Meireles Costa,2,1273.1678606176974,0.06532421929913473
3930166,d62d7859-d390-4c5a-b33d-9c06be9d6e7e,Portugal,João Pedro Cavaco Cancelo,2,494.1883681606605,0.10817944282433217
3930166,c94d8277-ba73-4942-8b0b-e82350f67782,Portugal,Vitor Machado Ferreira,2,433.05969245813577,0.13600551943677058
3930166,776e50e6-abbd-4ca4-ae96-c7b9a3cc272c,Portugal,Nuno Mendes,2,436.6269328439256,0.18228603787100303
3930166,47c3207c-a1e2-4b79-a0c5-cb79fe7cbe9a,Portugal,Gonçalo Bernardo Inácio,2,500.53085042167163,0.15610670639043114
3930166,a69f8273-cc2e-4db9-952b-31aca6f5e6ee,Portugal,Kléper Laveran Lima Ferreira,2,583.4460327367692,0.16378403526221122
3930166,5bd197ff-bfb2-464b-af07-974679a951e7,Portugal,Vitor Machado Ferreira,2,651.1046184967739,0.2069100479300441
3930166,24603ee0-c512-46db-8f8a-afe5d0b01a30,Portugal,Cristiano Ronaldo dos Santos Aveiro,2,548.3622500251198,0.19642072566988164
3930166,211807ff-104b-45f1-a823-98c1ef798cab,Portugal,Vitor Machado Ferreira,2,607.4771515570665,0.1753873815585588
3930166,a35a9385-182d-4203-b538-d56645baba3d,Portugal,João Pedro Cavaco Cancelo,2,622.6475417563694,0.19188423811167019
3930166,b01bb749-3ae7-4e58-8a9b-b91e5f8015a1,Portugal,Vitor Machado Ferreira,2,738.9788676149983,0.17390256217578864
3930166,a8df982d-4896-4837-8477-78a61078a09e,Portugal,Rúben Santos Gato Alves Dias,2,834.8987559083913,0.135346587581431
3930166,ffe95842-362f-42d6-a266-2f4bd2d88db6,Portugal,Bernardo Mota Veiga de Carvalho e Silva,2,878.7623496948044,0.15532150446410842
3930166,1d6de3f6-8d1d-434a-bd47-7a7f4fe9c8d6,Portugal,Kléper Laveran Lima Ferreira,2,552.9963259392791,0.09298101520037062
3930166,b5888fef-b70f-41bd-bfaa-dd395ffbf191,Portugal,Bruno Miguel Borges Fernandes,2,723.7471441626706,0.15625493587064002
3930166,81e65cd6-c432-4c34-afe7-de9e29f40373,Czech Republic,Ladislav Krejčí,2,606.664536946457,0.0778683614229691
3930166,ec53b314-5695-471c-b912-8c1e761823a0,Czech Republic,Mojmír Chytil,2,849.7450216899592,0.06768992733038542
3930166,55a73073-6e88-4ed8-a36e-9a1c49472f9f,Portugal,Gonçalo Bernardo Inácio,2,749.6271236653276,0.11966383789532474
3930166,bd9306dd-a338-4fff-bb77-030652f1eee3,Portugal,Vitor Machado Ferreira,2,639.6608042891295,0.11422780121437548
3930166,c7a4dcf4-b5e1-43e4-ad35-66b83d629c64,Portugal,Diogo José Teixeira da Silva,2,222.13973578928815,0.15740607106049942
3930166,addaadbd-318e-4ff3-b885-e12059bbf943,Portugal,Bernardo Mota Veiga de Carvalho e Silva,2,432.79384569007766,0.17868677708433606
3930166,c359a9df-3f6e-4b8e-8fb1-f3db702a4836,Portugal,Gonçalo Bernardo Inácio,2,501.62028786152376,0.20573131119232718
3930166,7b0c66fa-ac28-44b4-bd82-aad6c3d7d4bc,Portugal,Nuno Mendes,2,513.4471814812489,0.19001430648563686
3930166,b8936be1-fb0d-42aa-9a48-3d93b4973772,Portugal,Gonçalo Bernardo Inácio,2,390.6878687878342,0.20326589752270163
3930166,c3574fa0-0047-4c20-bfbb-9d2a541fa53d,Portugal,Vitor Machado Ferreira,2,353.3914959324553,0.21447599485304153
3930166,1e3d0a1d-c934-462e-9f6f-ff8b56eb25e4,Portugal,Rúben Santos Gato Alves Dias,2,479.6175397436838,0.1926374038497086
3930166,a9864fb3-69ab-437c-bcdd-00ad4c3899d3,Portugal,Bernardo Mota Veiga de Carvalho e Silva,2,466.5709782371225,0.22966215583921445
3930166,e7fe9563-6437-4427-a44e-2a3bcf1c809f,Czech Republic,Ondřej Lingr,2,450.60257698251144,0.08083661687702173
3930166,e1b00951-5415-44c4-91cb-701152eb091b,Czech Republic,Lukáš Provod,2,714.3433981964596,0.06582157345737193
3930166,636ff098-cb91-451f-9736-1ba4e26da004,Czech Republic,Tomáš Holeš,2,739.5267312887242,0.09239670375699409
3930166,1f7b1581-783c-4051-aa09-b62d2b1144be,Czech Republic,Robin Hranáč,2,692.7512566511741,0.11599632896713179
3930166,89623979-12f7-4cf0-94ac-ddfa29149075,Czech Republic,Jindřich Staněk,2,187.25719004869393,0.026830864364630922
3930166,b623e425-99b9-4f3f-a4d3-757439baaddf,Czech Republic,Vladimír Coufal,2,564.7663414876132,0.10035855073963865
3930166,e9785088-df2c-4c9a-96df-745cce8bb92c,Czech Republic,Lukáš Provod,2,237.69278208100232,0.13137838562035656
3930166,a1649dd0-f25d-4bed-a1e2-7cfc7576cdfa,Czech Republic,Tomáš Souček,2,285.2216056832821,0.15620814705774305
3930166,2392ded8-9483-4208-b217-4df5e958bae8,Czech Republic,David Doudera,2,612.0388008042328,0.13178905417605608
3930166,a44716a5-34de-4d59-b1fa-49e9c9452325,Portugal,Vitor Machado Ferreira,2,744.7088641873121,0.07045315488834866
3930166,6be9ed1c-8f9d-4700-b0bd-5649e6ac22cb,Portugal,Diogo José Teixeira da Silva,2,250.0670616074401,0.12125871112599255
3930166,562ac182-55c6-447e-a3f3-ba5a6f3b5b18,Czech Republic,David Doudera,2,836.9339678697102,0.06096772878799077
3930166,e9be1028-1f2f-4ff5-937e-83d760837fc1,Czech Republic,Ondřej Lingr,2,424.9809233934576,0.0927392649377338
3930166,25dfd1c1-1125-4c62-a01e-9f50e1bc3b47,Czech Republic,Lukáš Provod,2,577.8505414309916,0.08907997695355893
3930166,414b0907-9546-4073-b265-8afd2df8bc41,Czech Republic,Vladimír Coufal,2,821.5600068319219,0.0789089818897118
3930166,213255e6-42dc-4f74-934d-0b089460eff9,Portugal,Kléper Laveran Lima Ferreira,2,506.5240601371665,0.039919338181239175
3930166,9eb24809-c65a-4b83-b71b-b1b6546d7528,Portugal,Vitor Machado Ferreira,2,696.4653412804712,0.07913870734190905
3930166,1be0e78c-eb75-489b-b54c-1e32f613f28a,Czech Republic,Jindřich Staněk,2,515.8066388090044,0.12023360746712358
3930166,af25a01e-d807-4559-8ed9-9c984e565ad1,Portugal,Gonçalo Bernardo Inácio,2,613.6601794456425,0.07644795118751944
3930166,0270794c-b94a-4f3b-8671-9e0d999801b2,Czech Republic,Vladimír Coufal,2,580.9987347327319,0.16030348900398428
3930166,db55f43d-1347-4e33-aa11-f66afc9befad,Czech Republic,Vladimír Coufal,2,174.77389287213552,0.3200768290833927
3930166,0d02bc7b-5275-4f68-bcf6-64ae38ae4ac9,Czech Republic,Lukáš Provod,2,392.46823055099645,0.3122941936271374
3930166,028878bc-7655-410c-94a1-3012d09cd712,Portugal,Bernardo Mota Veiga de Carvalho e Silva,2,543.3777005871325,0.05937980784871999
3930166,6ded1c37-b158-423a-83e6-c20d2b28fce1,Portugal,Nuno Mendes,2,641.1273948491189,0.05809689624091104
3930166,0f8e7974-cd6a-4e34-ac9d-9d9692fc63da,Portugal,Vitor Machado Ferreira,2,627.9903359612501,0.06378149426657975
3930166,900664ae-8d0d-4553-bfdd-ff045f06fce3,Portugal,Nuno Mendes,2,487.4046711274365,0.060047140029592806
3930166,65c26363-2b1e-4885-a171-f422fefb3ffc,Portugal,Vitor Machado Ferreira,2,483.64416265654285,0.053070397386420685
3930166,939ddf1f-19a7-4f73-a820-700f9224b46f,Portugal,Nuno Mendes,2,707.6513486926874,0.05705900419249455
3930166,dc0fa7dc-4d2b-49c6-bab9-e7cc6eeb073b,Portugal,Diogo José Teixeira da Silva,2,703.276484634108,0.05103046010104873
3930166,b8448554-d7fb-4ddb-ba04-f00cb7fb11c5,Czech Republic,Ladislav Krejčí,2,349.6250644867854,0.11389104559759393
3930166,2fe84aa4-76c9-4ec0-90a3-950cd6d0d539,Portugal,Vitor Machado Ferreira,2,498.0584032444258,0.08065057019618803
3930166,0c0f02ea-ecf0-418e-af4c-08e9817bbec3,Portugal,Diogo Meireles Costa,2,659.0216517946137,0.07752586568547959
3930166,97b7606d-be21-44ea-b009-3a93089f2fd0,Portugal,Rúben Santos Gato Alves Dias,2,589.3332558150843,0.09226820867003316
3930166,0470946d-ba3e-42db-a961-9767e85faea1,Portugal,Vitor Machado Ferreira,2,428.7155348610366,0.12620332686429558
3930166,5b5fe723-56da-4b95-9700-131269aba609,Portugal,Bernardo Mota Veiga de Carvalho e Silva,2,732.8036757996761,0.1665890797222788
3930166,9428377d-e6df-4281-add9-61c857179556,Portugal,Vitor Machado Ferreira,2,527.1446456798063,0.19338470123612028
3930166,dbe3c0f0-b686-4114-89ff-62655373e023,Portugal,Kléper Laveran Lima Ferreira,2,535.3662766350118,0.17889134566835113
3930166,1cdad52d-1b07-4ae5-8168-56e98cdd5749,Portugal,Nuno Mendes,2,434.50968767876213,0.16010049458896244
3930166,d93a14a0-71c9-4ddc-a655-d94f006338b7,Portugal,Bruno Miguel Borges Fernandes,2,465.5871309805407,0.19162002250634458
3930166,899ecbfa-636c-415f-818d-b5f161784e8b,Portugal,Cristiano Ronaldo dos Santos Aveiro,2,509.09486305209003,0.17433758776263142
3930166,964b9e24-a94e-4497-a370-8463299cc083,Portugal,Bruno Miguel Borges Fernandes,2,168.0773340436651,1.3288246683232694
3930166,fb038d64-b91f-4ff0-9c28-1b087e47eb2a,Czech Republic,Ladislav Krejčí,2,223.6581810448389,0.0664543582776476
3930166,d6ca0149-df02-49de-8bb8-41a6f9368537,Portugal,Rúben Santos Gato Alves Dias,2,632.5885704429068,0.14092008828648944
3930166,7c6f732e-6c58-418a-8994-5b408ac837c5,Czech Republic,Ladislav Krejčí,2,289.12199304410126,0.07814797240955047
3930166,60f11368-44fc-4366-bbfa-31ef3a8f08e7,Portugal,Bruno Miguel Borges Fernandes,2,593.5390809243451,0.12329726503469086
3930166,ab16c874-c2b6-438f-a08d-0eb41287e4f5,Portugal,Vitor Machado Ferreira,2,579.3088387071409,0.13660526469220322
3930166,98f36120-9da0-44f9-8de5-409bffb6d913,Portugal,Nuno Mendes,2,722.5877583858212,0.1782660866007081
3930166,f7febbe9-fe34-4e2d-a72d-b91eecd96391,Portugal,Kléper Laveran Lima Ferreira,2,680.1380978548905,0.1855725937958179
3930166,08de047d-3e4e-4e17-92b6-fb3de6a0f312,Portugal,Vitor Machado Ferreira,2,741.2828133669809,0.16798703331430934
3930166,bdb2c6fc-37f5-4970-acbf-34c11a18241e,Portugal,Diogo José Teixeira da Silva,2,806.7026558240091,0.14688787163618997
3930166,356f7ee7-474f-4044-bac1-14e0d4539da6,Portugal,Kléper Laveran Lima Ferreira,2,474.4111946271265,0.15403304074108765
3930166,c3808ee2-f753-4bd1-9563-5d3bce0c8253,Portugal,Gonçalo Bernardo Inácio,2,538.1223600381775,0.172804245984332
3930166,9aa75c5e-bd0f-4b83-a2e5-eafbdd1846f5,Portugal,Bruno Miguel Borges Fernandes,2,237.57389692856736,0.3530978125796952
3930166,60b52796-be76-498c-8f10-74051ea461e3,Portugal,Bernardo Mota Veiga de Carvalho e Silva,2,184.43839350199207,0.5711602300119426
3930166,7e517d06-73ee-454a-a44d-3ba2dcc46cf1,Czech Republic,Ondřej Lingr,2,453.32383619753114,0.18560227458515227
3930166,671bb19b-dec6-4555-8402-9b94f1964855,Czech Republic,Antonín Barák,2,320.1117308616474,0.19810649867844743
3930166,06ba2901-c148-4e2f-8aa1-61cc71e9d6ac,Czech Republic,Mojmír Chytil,2,120.41247626512506,0.3206139273569199
3930166,44226456-f4f5-488f-93cf-3b93116f61cb,Portugal,Rúben Santos Gato Alves Dias,2,1053.3289517645894,0.059760273814366126
3930166,1933ed92-e12b-456e-83a0-309dcadc8f06,Portugal,Vitor Machado Ferreira,2,613.8385955578867,0.0875835668566817
3930166,4913678f-5b3b-4d65-b7ac-3339cd3fcca7,Portugal,Bruno Miguel Borges Fernandes,2,591.0399703591502,0.08904928638739913
3930166,7f7f8974-910a-444f-b2b1-1ff598aff6b2,Portugal,Vitor Machado Ferreira,2,398.9175605290999,0.13854697110195227
3930166,cd43868e-08ed-493f-bdbd-19ba22a3a966,Portugal,Bernardo Mota Veiga de Carvalho e Silva,2,555.7969308088349,0.15942394454814207
3930166,72b23db1-6b92-45fc-963e-6159a64a6a1b,Portugal,João Pedro Cavaco Cancelo,2,445.3301272979611,0.233993285795702
3930166,2edcaf0e-c530-4af7-84ee-dc7545bdb68f,Portugal,Rúben Santos Gato Alves Dias,2,385.70808662103883,0.28377256878047435
3930166,f489d50d-aa30-4b36-b613-fa1a87cafdf1,Portugal,Vitor Machado Ferreira,2,360.2418909181821,0.25288696979934483
3930166,6f03b532-5c24-41fb-92f3-37d3feafe9f6,Czech Republic,Ladislav Krejčí,2,272.9125249510716,0.06278533486231577
3930166,5f2c7ade-caa8-4c38-a6d9-730fbad2ed3e,Czech Republic,David Doudera,2,770.0655303026315,0.06868029294733004
3930166,74a30672-3fc6-4647-97a9-5e08f703e347,Czech Republic,Petr Ševčík,2,727.2077067652816,0.06908120701663031
3930166,70ed2e14-c999-43f0-b42d-ad6f86da8853,Czech Republic,Tomáš Souček,2,743.9960640706926,0.07490581699558825
3930166,1384bfad-5ddd-449f-9568-6402c9f53493,Czech Republic,Robin Hranáč,2,915.9871969662998,0.07954309539724295
3930166,ac81f6a8-d388-4069-98c5-7d5fd654e489,Portugal,Nuno Mendes,2,602.0019974343577,0.12309561756433833
3930166,42de1e58-9b25-43a6-adce-2bd82dbbbbc0,Portugal,Cristiano Ronaldo dos Santos Aveiro,2,766.4236190257216,0.11677425932221161
3930166,f31807cd-9826-484a-af56-3f07afe6b56f,Portugal,Nuno Mendes,2,430.49526592269814,0.11411468544703718
3930166,697e0f08-b992-4cdc-b125-d84e04a3dbe5,Portugal,Cristiano Ronaldo dos Santos Aveiro,2,490.73319706579247,0.12445434669309502
3930166,d56249e1-2ab7-4d19-9058-0453672a9eeb,Portugal,Gonçalo Bernardo Inácio,2,624.6111141600637,0.13021319790435382
3930166,ce770f18-2365-4bf7-b70c-e7ba755f6e88,Portugal,Vitor Machado Ferreira,2,604.0152677107469,0.12943025805971814
3930166,0d81f70c-594c-4307-84a5-d3a29bd97acc,Czech Republic,Mojmír Chytil,2,209.7122102808349,0.06845432080470681
3930166,d33f9106-97bc-41c8-bbde-114a37b4154c,Portugal,Rúben Santos Gato Alves Dias,2,689.3817548535129,0.08380760248615339
3930166,ff72de8c-8097-48cb-a9e9-b532a57d2229,Portugal,Bernardo Mota Veiga de Carvalho e Silva,2,536.7751635736063,0.11211789265477456
3930166,1b4ff7f6-4a50-4d71-884f-b5984172a1f7,Portugal,Diogo José Teixeira da Silva,2,583.1845914447052,0.10969720328221338
3930166,fde08ab0-fa9f-4b12-a382-6dd10f4e2191,Portugal,Gonçalo Bernardo Inácio,2,414.2108095850852,0.11862619845252409
3930166,5286e0ed-981a-483a-95e0-31d935c552c4,Portugal,Nuno Mendes,2,359.3784949859585,0.12069552501959459
3930166,1ae1ffef-6bda-410d-8fd0-6b892ebf010a,Portugal,Gonçalo Bernardo Inácio,2,423.8932391990745,0.10620993229051003
3930166,91770f4b-b52e-43ad-a033-10c848c16a3c,Portugal,Kléper Laveran Lima Ferreira,2,392.03395526356724,0.12802923563340204
3930166,9bb55e36-ba8d-4512-986c-be12a20345fe,Portugal,Bruno Miguel Borges Fernandes,2,407.573535338714,0.0938983260156895
3930166,cb32a340-28f6-48fc-a300-9800c2e4b29a,Czech Republic,Tomáš Holeš,2,309.2631206085719,0.09038760184375437
3930166,b44eea1a-ab09-4ae5-bea8-4e4daea9489a,Portugal,Kléper Laveran Lima Ferreira,2,790.5994763596732,0.07192782515670423
3930166,9f118bff-a5c5-4b9b-b908-a03e22f24010,Portugal,Gonçalo Bernardo Inácio,2,871.6985537031899,0.061949275155216844
3930166,9b300776-552a-4898-a3c4-bfffc2ae73c8,Portugal,Nuno Mendes,2,368.51936226429234,0.05995770701803833
3930166,7d455c5f-5bc5-4d07-93b0-13860ae3ffa1,Czech Republic,Vladimír Coufal,2,496.9786971974114,0.10419040741212475
3930166,eb083993-3c62-4864-b0ae-62888aacf678,Czech Republic,Mojmír Chytil,2,400.46798002311334,0.1808153188105095
3930166,6a1286f6-c35b-4e9c-8627-07d0bfeeb327,Portugal,Kléper Laveran Lima Ferreira,2,147.77251029662355,0.05698268736150498
3930166,56856512-6bfd-4ce1-b07e-e76966534570,Portugal,Gonçalo Bernardo Inácio,2,473.7778773923814,0.05044015176242134
3930166,76b3f793-d4d0-45e0-bb54-c4cbd5a9b4b4,Czech Republic,Antonín Barák,2,513.758346126468,0.1251791727237928
3930166,c19ffd7e-c9a8-41ee-980e-2a29d9bd5f6d,Czech Republic,Petr Ševčík,2,589.7119861371326,0.1288659162332517
3930166,b8414c8a-87ed-4224-bc8f-39af6b2ac387,Czech Republic,Tomáš Holeš,2,445.8404243069612,0.11362278051430179
3930166,bef01b6d-48a9-483f-8931-f00277a81d7e,Czech Republic,Vladimír Coufal,2,484.01945032864626,0.1225599554089506
3930166,e9cfb9ae-fd6a-4ace-be3e-9b3b188e10d7,Czech Republic,Ondřej Lingr,2,281.0969835681051,0.1322924768556602
3930166,09a6f899-dfb4-4edd-9210-a7e77fc628bd,Portugal,Vitor Machado Ferreira,2,285.5566662027802,0.0599493457087514
3930166,baa50a12-9a05-449d-bac3-9f0a846b5841,Portugal,Bruno Miguel Borges Fernandes,2,413.1583039702831,0.10576374961214843
3930166,6c638e81-1541-43db-93f1-e977267dd180,Portugal,Bruno Miguel Borges Fernandes,2,483.7143631166946,0.11786485530170607
3930166,0d7479ac-db50-42d2-8a19-27b1525c2ce0,Portugal,Nuno Mendes,2,501.81253415112275,0.13764050601849245
3930166,3fe4f7c8-99a5-4844-9e56-5a3d381ca471,Portugal,Bruno Miguel Borges Fernandes,2,470.65932690115056,0.1236834216762888
3930166,23de421c-4902-46ec-aa31-3c0c399a9ebc,Portugal,Rúben Santos Gato Alves Dias,2,489.99009291900904,0.15365919925990865
3930166,ebc5c295-753f-44dc-b52f-0893ec2d8e74,Portugal,João Pedro Cavaco Cancelo,2,771.4643969671567,0.1387342511735932
3930166,15ed0f5b-c4be-4140-82d8-07cd3be3c73a,Portugal,João Pedro Cavaco Cancelo,2,310.34237867543345,0.2667960784790159
3930166,d2ecc5e6-3d50-43ad-9067-f643e7c39cad,Czech Republic,Jindřich Staněk,2,418.2992522497424,0.1158382548779682
3930166,b71bcd74-b9c6-4703-92c3-cb4d3797b61b,Portugal,Gonçalo Bernardo Inácio,2,418.05459550489576,0.07365652684313811
3930166,c1e55eab-d236-4fd1-8476-02a6fbbb4ae1,Portugal,Rúben Santos Gato Alves Dias,2,329.35936070050775,0.09752331390235265
3930166,bef59c26-161d-4125-94c1-ecf8fcf908f8,Portugal,Bernardo Mota Veiga de Carvalho e Silva,2,471.7344743277887,0.11133839633164634
3930166,faef74b7-a0c5-4d86-b15d-b4c745419816,Portugal,Vitor Machado Ferreira,2,500.20874519494754,0.0982333792212478
3930166,e708134a-7e44-4cdc-a469-55d0d8c53ce8,Portugal,João Pedro Cavaco Cancelo,2,501.89971143617686,0.0870501624565025
3930166,3c932b2a-7651-4a91-aee6-17ce0433b5ce,Portugal,Rúben Santos Gato Alves Dias,2,561.773247535961,0.08826104052346881
3930166,c5e05d37-4129-4221-9cbf-e1ece868fee0,Czech Republic,Vladimír Coufal,2,530.2798892279095,0.034963142248935576
3930166,a313c813-a64f-421b-83ac-d4a685fd29a5,Czech Republic,Antonín Barák,2,475.85657293666105,0.04126902520183584
3930166,c97d1e82-9908-4118-b77e-3e0a1dfc537f,Czech Republic,Jindřich Staněk,2,207.7890858336097,0.17300475892145162
3930166,75bfbc70-5e11-4b8b-b0d1-427833b091e6,Czech Republic,Vladimír Coufal,2,649.4274065798071,0.12563101281738123
3930166,b6254c0a-538f-44aa-b7b4-a1cd200bb703,Czech Republic,Mojmír Chytil,2,201.6236144760971,0.11875103372440987
3930166,409b0343-e88a-4277-bbd7-0fb905e2611b,Czech Republic,Petr Ševčík,2,179.30100941090407,0.26716270560006955
3930166,16cb59d2-05c5-4d8e-a4bd-e62feb6d70df,Portugal,Francisco Fernandes Conceição,2,343.2655147171597,0.058617206509089415
3930166,38d38d91-cb04-48e8-9f6a-b014b731b5e4,Portugal,Bruno Miguel Borges Fernandes,2,356.157249055434,0.07134917419813423
3930166,f2062fa5-9506-4b63-88d4-2fcec0997ce7,Czech Republic,Vladimír Coufal,2,208.08994761661566,0.24083926375549694
3930166,0b52d630-4d71-423c-9af9-7a6cd66dec51,Portugal,Bernardo Mota Veiga de Carvalho e Silva,2,226.124262883892,0.03885699427954937
3930166,49c9f2b5-4c3e-44e4-b08e-b82f09220ba4,Czech Republic,Ladislav Krejčí,2,666.8275048942511,0.17886370206354257
3930166,c78bb285-0431-48ce-a38c-82cc8fbc614f,Czech Republic,David Doudera,2,759.998632582228,0.15415829751188562
3930166,ca559435-a999-4a4c-bc41-f9bcc04e35e8,Czech Republic,Antonín Barák,2,700.6407699437082,0.17465194568726924
3930166,325f7800-cb86-43eb-bc56-a2592cba6dfd,Portugal,Gonçalo Bernardo Inácio,2,423.58799462025667,0.08348672403965764
3930166,fc074813-db75-467a-acd3-1c12b9e0d581,Portugal,Pedro Lomba Neto,2,199.81909950655643,0.2857330647738436
3930166,1419a705-bde8-481b-a77b-74bc83d14a9b,Czech Republic,Robin Hranáč,2,696.3919998683541,0.10171472645023533
3930166,6490c695-4de8-447a-9c9f-7c755fe232e2,Portugal,Bruno Miguel Borges Fernandes,2,670.6113310599875,0.0795335446063867
3930166,7ee3b49c-ff7d-4f2a-aa98-df5086157299,Czech Republic,Petr Ševčík,2,467.0745424019798,0.14682302391312352
3930166,12d3dd4a-40c2-42aa-9122-0738aa2bd258,Czech Republic,Tomáš Souček,2,373.0142243711934,0.13963942557937706
3930166,6f14c3ed-c32d-4f1b-a173-c1f420e85438,Czech Republic,Ondřej Lingr,2,297.9479422805323,0.1936859836074429
3930166,66f15f92-083f-4da3-aebc-b9e65d717226,Czech Republic,Tomáš Souček,2,213.56063733902286,0.24850585454066534
3930166,03ecaeaa-3fec-43bc-8d42-5dd61750f2b3,Czech Republic,Antonín Barák,2,275.9375455728915,0.3014079222079833
3930166,ed9e79a7-b9ce-438b-bfbe-16f79758d449,Portugal,Diogo Meireles Costa,2,303.87375595388363,0.12238467755753958
3930166,a7c61fab-cca7-40ed-9d50-dac7366910d5,Portugal,Pedro Lomba Neto,2,436.8945065176898,0.0932955231943486
3930166,b5bef6b3-3ee5-4ed7-9ea4-24680c68e6a4,Czech Republic,Tomáš Chorý,2,344.05165316794637,0.06615837587253148
3930166,a7c443b8-f623-49a4-8891-6ef7f10bb09e,Portugal,Diogo José Teixeira da Silva,2,362.46885812952996,0.1283470914476879
3930166,40334a13-bd11-4989-87c4-023417559a21,Czech Republic,Robin Hranáč,2,225.59216350266138,0.07554130961257867
3930166,f68b9648-0823-42af-8db4-ab2f5d65e5a3,Czech Republic,Antonín Barák,2,243.2742816156246,0.07898164796866787
3930166,82e9c50f-dd61-4bfd-95fb-4e6bbf858c7f,Czech Republic,Petr Ševčík,2,482.1739885707679,0.08158469175960771
3930159,8ad85d85-b3b4-4da8-b338-440280c86265,Hungary,Ádám Nagy,1,603.3981347930146,0.10900263798551742
3930159,aca4e7f5-b009-494b-9d90-d501c4a5b5b5,Hungary,Dominik Szoboszlai,1,941.0645498938622,0.1062641478622565
3930159,b5d247f5-110c-4c0e-bfaf-ef2704b738bc,Hungary,Attila Szalai,1,898.1616949347094,0.09027109688849436
3930159,489975b3-fa5d-4cd7-9a39-2496298a59ac,Hungary,Roland Sallai,1,712.4264830334647,0.12382745249311089
3930159,89fdb420-26ee-4b94-9d6e-1d8c428c8889,Switzerland,Michel Aebischer,1,454.31373798880855,0.0699103880091072
3930159,3f6be817-c45b-47f5-bb64-2d9bd1fba198,Switzerland,Granit Xhaka,1,493.02092162940085,0.06365865903243986
3930159,35db5c3d-b342-488e-a52b-585d8fed1107,Switzerland,Michel Aebischer,1,504.6432897007351,0.06739458319604107
3930159,d715c93f-f866-46fe-af3f-9417608e9e6f,Switzerland,Remo Freuler,1,403.55649038880824,0.08605536672969559
3930159,cf5778af-93ab-4966-aca0-9a49430d70ba,Switzerland,Kwadwo Duah,1,289.3874255533109,0.07990900991485785
3930159,21e1d9fd-4162-4355-b7c6-e82c60b0a8d3,Hungary,Attila Szalai,1,304.4284574425809,0.12687957933068772
3930159,b4f5fa7b-ad04-4275-962e-14dec26b968a,Switzerland,Granit Xhaka,1,309.4179367240233,0.08852137075215478
3930159,4a863142-c0d3-4668-af55-9bce2312f424,Hungary,Ádám Lang,1,311.5100132211927,0.13036286129157731
3930159,40af834f-e462-45ce-860a-a476fc744c71,Switzerland,Ricardo Iván Rodríguez Araya,1,133.33630815991123,0.06556454960944169
3930159,4db5698b-60ac-433d-bebf-4c4cd9869811,Switzerland,Ruben Vargas,1,396.39426277736794,0.07575215133309446
3930159,5b10d6d7-e993-459b-a04f-ff370c6f18a9,Hungary,Ádám Nagy,1,337.89044232309664,0.09418998208179266
3930159,f5815d6e-f9aa-4522-be70-c0cc29d68c2c,Hungary,Ádám Nagy,1,137.45245687898637,0.19066242804221717
3930159,188082c8-470d-46d4-89a1-89d01f2def11,Hungary,Dominik Szoboszlai,1,185.48347303960196,0.19065768807619013
3930159,cc8ed719-ef2b-47a5-8dbe-8e5589962f62,Hungary,Willi Orban,1,331.66900783261843,0.34656906247606456
3930159,375f1984-ba98-4559-b899-a364a71f6ba8,Switzerland,Yann Sommer,1,30.8069931055196,0.06868280964185229
3930159,fcc18168-cb53-4bb5-92cd-00defb944736,Switzerland,Remo Freuler,1,143.06510394648313,0.06240635227119112
3930159,7f8b5588-596e-49b5-b529-94a801f1406e,Switzerland,Ricardo Iván Rodríguez Araya,1,702.8541414849997,0.08356551465162877
3930159,41f09730-0bf6-404e-8d0d-48ce0bac2fcf,Switzerland,Kwadwo Duah,1,491.46516543723925,0.28627779790930696
3930159,cf1a27fb-c7e9-4450-b991-fe336ca50a0c,Switzerland,Granit Xhaka,1,280.59765522523037,0.3725559390977352
3930159,5800970b-f9d9-4e87-b587-4ad56fe67deb,Hungary,Péter Gulácsi,1,138.66384504783306,0.044194485825814304
3930159,c8fb3d3e-685c-48b2-a8ed-a40ab4689cf8,Hungary,Willi Orban,1,173.97335330053798,0.03216115002760136
3930159,4adde876-b236-4609-a740-af061a7bec41,Hungary,Ádám Lang,1,286.320653843238,0.02823634282368006
3930159,4fa22c10-7f29-4ad2-9e3b-fd1b3cffb842,Hungary,Ádám Lang,1,148.37801251737855,0.04900868019714481
3930159,dfbb82aa-67a9-41c0-942e-17c75cbf44d0,Hungary,Dominik Szoboszlai,1,118.12668468727871,0.055107118480130966
3930159,366802bb-8142-4168-b756-12da50bb4408,Hungary,Ádám Lang,1,181.68361604285974,0.05774504232353026
3930159,40690bb8-bdd1-42ad-9a07-2e5312b7119a,Switzerland,Ricardo Iván Rodríguez Araya,1,143.68034112625753,0.0658418759666723
3930159,63b99802-c604-49d9-910c-77ed4690cd55,Switzerland,Manuel Obafemi Akanji,1,560.1179004026379,0.0854933840611612
3930159,61f28c1e-af5b-4f8c-827a-bef47a24875f,Switzerland,Manuel Obafemi Akanji,1,464.78509704789514,0.09735130907021261
3930159,aaa57d2f-4d3d-452c-8553-281f0684f5ab,Switzerland,Michel Aebischer,1,487.9577190806,0.08173910171186508
3930159,1da2a19d-e41b-4526-be53-1d2a041d8e05,Hungary,Willi Orban,1,1334.4042316453967,0.10952764846752554
3930159,60675a82-e118-4789-a758-a64f6db0952a,Hungary,Roland Sallai,1,835.3976348879837,0.11264586872753314
3930159,b06b2046-2afd-43bd-b6ec-3c33af9c0f53,Hungary,Ádám Nagy,1,814.4542814201303,0.10765816120572458
3930159,2936ae58-285d-4ba3-a3d1-20b38c5b72c4,Hungary,Attila Fiola,1,767.3536917027174,0.10893249494268993
3930159,90adaa60-98dc-478b-8c06-d8cbc6010d60,Switzerland,Michel Aebischer,1,126.64777708800229,0.05337959562688668
3930159,9e51f900-16d3-41fc-9275-30b24478fcf9,Hungary,Ádám Lang,1,891.496935291628,0.12636005058422223
3930159,451bdebd-a825-4d83-97f4-3a0faa854d07,Hungary,Barnabás Varga,1,672.1184618061079,0.1284398534165204
3930159,04f724f6-6f20-4a60-9466-541b718b4d9c,Switzerland,Manuel Obafemi Akanji,1,415.6435108764776,0.07574579822437305
3930159,cc59bbb6-bfdc-4c24-b218-bf63ef8ea7fb,Switzerland,Dan Ndoye,1,349.9934995962588,0.2526149467161353
3930159,3de21853-9a84-4387-9dc6-35b9916354f2,Hungary,András Schäfer,1,146.20855180826774,0.06158845697366721
3930159,193061ce-ba4d-4b70-86d0-7bb9e47a609f,Hungary,Attila Szalai,1,260.12091881757055,0.05489573891703138
3930159,9b2ec430-a006-4487-ae53-920c417ea5f5,Hungary,András Schäfer,1,213.87435472316105,0.06614655971413999
3930159,b1f76dd9-b9c7-49a3-9504-b6dd1e91218a,Hungary,Péter Gulácsi,1,371.91144542536176,0.04931317948409865
3930159,cd0ee515-f29c-43b3-947d-f2857809f0b0,Hungary,Milos Kerkez,1,314.6960790371452,0.03661907214967042
3930159,3d0f29ad-a869-4879-bbff-4cf3dcabd154,Hungary,Attila Szalai,1,367.3759515703473,0.04942626712742473
3930159,c520b876-e3a6-4f03-aeac-10f763ed329c,Hungary,Péter Gulácsi,1,305.9358655584043,0.048391709322667495
3930159,3f29a24b-12cb-4916-b6a7-31259764411f,Hungary,Attila Szalai,1,593.9884647198932,0.03294458128656458
3930159,d19a5efe-f1eb-47ed-94c5-c60ec66ff6c3,Switzerland,Manuel Obafemi Akanji,1,626.314111433844,0.1194061129601923
3930159,fef2ffbb-baf8-4a11-be92-a25a8c17a0c9,Switzerland,Remo Freuler,1,631.6504679056213,0.1528971650430458
3930159,00ddfe21-2c8a-4d7e-aba7-909f4c5c7e49,Switzerland,Granit Xhaka,1,436.24792092400884,0.14171089415534893
3930159,b0e15197-7ea0-4ad1-91ae-1b2530527a9b,Switzerland,Ricardo Iván Rodríguez Araya,1,675.0331822152295,0.14862821785831995
3930159,c135591b-9ec1-48f4-b069-1db750bd8342,Switzerland,Michel Aebischer,1,687.5356397705165,0.1580425926353261
3930159,d300f344-7f73-4d24-ab23-2c8e43b7c5d0,Switzerland,Ruben Vargas,1,742.208439465581,0.1316143336793228
3930159,0167ec1d-84a5-4165-b5a2-4e17cc04f606,Switzerland,Manuel Obafemi Akanji,1,309.7017498028132,0.1057764822930585
3930159,67a5e08a-0224-4e1b-9b03-2f8aaac94cdb,Switzerland,Ricardo Iván Rodríguez Araya,1,777.7770149113192,0.14410970890501476
3930159,4c6097ad-ab13-4fe3-97b7-2ad2e462e970,Switzerland,Yann Sommer,1,205.8575875990754,0.06710064333080586
3930159,970dacfd-f685-4c22-ba9c-52ad61acbaa2,Switzerland,Manuel Obafemi Akanji,1,423.0421076938381,0.10360232770014215
3930159,53c87628-f22e-4df8-a883-a4c313cab4bf,Switzerland,Remo Freuler,1,391.11885176547634,0.08984237768309711
3930159,7ef00dd8-14a4-4ded-9906-9b8b6ff73dce,Switzerland,Fabian Lukas Schär,1,432.63506715436955,0.08688937704766414
3930159,7390316f-29ec-4cbc-b878-70a0f13a4a28,Hungary,Ádám Lang,1,194.12919944650838,0.0415161299813679
3930159,ad39271c-f5b3-4e5f-b9cb-fe7ad802c1fd,Hungary,Barnabás Varga,1,464.7054168199553,0.06757352234246194
3930159,b3eef6bb-9fb8-44a5-bc8f-487039ca6361,Hungary,Ádám Lang,1,430.1982869080617,0.08367701049299177
3930159,210d4a61-2ca1-4812-88b7-603c17648a86,Switzerland,Manuel Obafemi Akanji,1,553.6910868204917,0.07540865931939693
3930159,dd281c89-adc4-4e4e-a4f7-1fbe9e49be22,Hungary,András Schäfer,1,734.6033620981689,0.10686673519205558
3930159,dd016e34-634e-43e2-ad6f-5ef392509e19,Hungary,Dominik Szoboszlai,1,729.3295084015319,0.12331545008591126
3930159,68d31890-1d00-4683-ace3-bc902b9a55fb,Hungary,András Schäfer,1,618.3524743866551,0.15559483584759287
3930159,7356597e-4aad-4d2c-89b3-cbf67cd88954,Hungary,Willi Orban,1,184.20273140550668,0.07125506816308519
3930159,9daf057e-1009-423c-a749-4aa535daa725,Switzerland,Manuel Obafemi Akanji,1,134.08646555533048,0.062309849387677724
3930159,a3a93aeb-1e95-4967-ac6e-bb62274dbb52,Switzerland,Ricardo Iván Rodríguez Araya,1,652.7731923653079,0.0812667534178678
3930159,3c0e9c38-1996-4563-9dd8-c5c2a880283e,Switzerland,Fabian Lukas Schär,1,224.80209165015992,0.04761744497547819
3930159,ee8d6ed6-c17d-404e-bd1c-1a0f84864553,Switzerland,Yann Sommer,1,339.23416422745805,0.04226760366810185
3930159,4662de49-d0e2-4a55-9de2-bf015fd942e2,Switzerland,Fabian Lukas Schär,1,581.3255846740068,0.05506873367251401
3930159,c0649384-b841-4db4-b263-719a5f0aa98e,Switzerland,Silvan Widmer,1,437.3587953772836,0.05812850505020033
3930159,02888b2d-dad4-4714-9b0e-8576058b12fc,Switzerland,Remo Freuler,1,357.81675184314525,0.05549195850588884
3930159,18eb356f-ab20-4930-b87e-164029c5d415,Switzerland,Silvan Widmer,1,383.56808695391624,0.05861882068971023
3930159,176f3ddb-7c91-4f1c-bad3-615963b0b146,Hungary,Willi Orban,1,401.3693033854513,0.10371328851532335
3930159,11a7e43c-5eb3-4fb6-af59-db2ad1671949,Switzerland,Remo Freuler,1,363.90682580850176,0.09722108635355706
3930159,0c170c47-dfe3-4b97-bfec-944f3faaa722,Switzerland,Dan Ndoye,1,369.74157104879805,0.09402533253639356
3930159,fec90903-7288-478a-bde0-95b005f78b63,Switzerland,Silvan Widmer,1,237.56505623223646,0.07527221405286455
3930159,982f07c5-85c5-427a-a293-7c00fc6a71c6,Switzerland,Fabian Lukas Schär,1,139.5422682156733,0.054369565823261294
3930159,96ce595e-1dec-4cc7-8681-d71b430202a1,Switzerland,Manuel Obafemi Akanji,1,98.36685123474791,0.04936944752449724
3930159,07c65d74-0cee-4944-8f89-a3f02c532f03,Switzerland,Ricardo Iván Rodríguez Araya,1,1286.114453754747,0.10014433149965504
3930159,01d4bf34-f089-48f4-a374-69cee05ff5ab,Hungary,Ádám Nagy,1,279.22687010011083,0.06608591692007403
3930159,97fdece5-a218-4cda-b3fa-1a6284983f40,Hungary,Ádám Lang,1,361.5515965645364,0.058181580934534245
3930159,529d9cc9-74d8-4b50-bc10-872e8f503db1,Hungary,Ádám Lang,1,212.03252998778544,0.061611592938284485
3930159,fca4f97b-6561-424f-9351-1bb4803fdf2c,Hungary,Barnabás Varga,1,439.8001245638651,0.047628519719582055
3930159,bf7215ea-efa6-43b9-a005-98725af42fca,Switzerland,Remo Freuler,1,355.388618518092,0.1019915136138439
3930159,a303219a-66cd-414a-92be-6b2b7f7bf463,Switzerland,Fabian Lukas Schär,1,289.34835238716215,0.07272736557193932
3930159,a83ad5bf-66f7-4448-b4bd-a1becc589601,Switzerland,Remo Freuler,1,466.2007508445107,0.14585766152844404
3930159,35769e4d-6833-404c-8c4c-ebd51f865725,Switzerland,Granit Xhaka,1,269.170362117706,0.18254730715473813
3930159,3ae98fbe-6106-4276-989d-bfe2915eac1d,Switzerland,Manuel Obafemi Akanji,1,257.9333254929266,0.15256534022945104
3930159,cb127c3c-e47d-4a49-b27f-6d309dca0aea,Switzerland,Michel Aebischer,1,607.809688525425,0.14882760890484964
3930159,37e86482-383f-4d7e-af32-dc65286cf68a,Hungary,Roland Sallai,1,596.8190259260571,0.08715657934329174
3930159,e5616cf3-50e3-4a75-8eb7-a2d11f9bfcb3,Hungary,Ádám Nagy,1,488.7624502340384,0.08472110292482596
3930159,1cad66ca-c6af-4410-84a5-da3feb8740c3,Hungary,Attila Fiola,1,449.1836717007207,0.13361346069377988
3930159,17f12a80-ceba-4201-b8fa-23722f224dee,Switzerland,Yann Sommer,1,439.4837485505707,0.038483247457922504
3930159,ebbea30e-94d5-4031-93fe-d6cadac126b1,Hungary,Willi Orban,1,445.46193809798456,0.12212007192244072
3930159,04297438-5f69-4742-9979-44aa2b196041,Hungary,András Schäfer,1,885.9251433374495,0.16959768464992725
3930159,1c2fc773-0ab3-4242-b0e5-ada964bddc47,Hungary,Barnabás Varga,1,474.7704644472564,0.1274799952611276
3930159,1e4f3490-7eab-4108-8bc2-42b704a9014d,Hungary,Milos Kerkez,1,641.0829943411916,0.1388856569992516
3930159,5884701e-a6f6-4298-acf6-9e2884867425,Hungary,Attila Szalai,1,361.12110653717343,0.09789697706798096
3930159,87fcd8cf-bced-44a6-8f94-eb7e706fb361,Hungary,Péter Gulácsi,1,440.04755491966444,0.059341514680092994
3930159,313bcdbc-ed36-4194-8d2b-bb4aeaefdfb0,Hungary,Willi Orban,1,219.96950684399428,0.07850753395937447
3930159,e5056256-d0bf-4290-a176-2018c04043ef,Hungary,Ádám Lang,1,220.49690491909382,0.07321306862201402
3930159,96e3ee90-a292-4605-9139-7fd1e2606881,Hungary,Willi Orban,1,235.5655170174451,0.06855183960627757
3930159,414617b5-a711-4476-823c-fae84a3990b5,Hungary,András Schäfer,1,342.65203784940815,0.05662916652421991
3930159,342a04e2-bd6d-4744-9794-ddfda33b549c,Hungary,Péter Gulácsi,1,216.36269425474336,0.05725240490251864
3930159,1bd31edc-1330-4ede-80af-6afa2a22a54c,Hungary,Milos Kerkez,1,668.9853844629836,0.06804413016835331
3930159,57dd3131-e255-4164-b8b0-fda2cb616a4f,Switzerland,Ricardo Iván Rodríguez Araya,1,395.1500321855746,0.10839036852474254
3930159,1c22f04d-b5d2-4c6c-aa58-5ab31772319f,Switzerland,Granit Xhaka,1,528.3199110048924,0.10655631707605437
3930159,9346e35e-b43d-41a1-9e5c-9bcd669d6c47,Switzerland,Manuel Obafemi Akanji,1,460.14228518086816,0.10956651429876457
3930159,624be35c-2e01-45d9-89b9-2dad9327368c,Switzerland,Ricardo Iván Rodríguez Araya,1,733.6614835610452,0.0825823935253402
3930159,9457f655-5405-4182-8f01-8117e7251314,Switzerland,Granit Xhaka,1,681.4806528905789,0.087715201628637
3930159,f18a5a12-c877-4b08-ac8a-aa08b89441ec,Switzerland,Manuel Obafemi Akanji,1,706.6783139275415,0.09288631952255426
3930159,1ed95786-fd4e-4d13-a6ad-187357be6ff9,Switzerland,Ricardo Iván Rodríguez Araya,1,720.6990679849871,0.11099590392790254
3930159,236d32bb-27a8-4334-96cc-9a3c66f8a6ab,Switzerland,Manuel Obafemi Akanji,1,703.1251449807132,0.1207645181661112
3930159,852937d7-9e12-42f3-bdf0-35b3aea81e74,Switzerland,Granit Xhaka,1,657.6812287476704,0.13506669322502493
3930159,f387beb6-634d-4016-8e6e-f1e62be17d2f,Switzerland,Granit Xhaka,1,437.4705170434681,0.13935246652738126
3930159,2930dd85-7ebd-42f1-bc1c-bb4ff245ab7e,Switzerland,Manuel Obafemi Akanji,1,418.65212989159437,0.20057153447898535
3930159,33d7fbd0-fb11-47fe-a218-02395a6f1912,Switzerland,Ricardo Iván Rodríguez Araya,1,778.5930814090524,0.15549276721883346
3930159,32c9b6c9-506e-4db6-95f3-68925f542ce9,Switzerland,Manuel Obafemi Akanji,1,474.92560236702855,0.1316782514722164
3930159,be462652-5c06-4e59-ad5c-ded072612c76,Switzerland,Fabian Lukas Schär,1,510.66151826195807,0.14602565251918587
3930159,2344d356-8678-4660-b85e-f44319728e20,Switzerland,Silvan Widmer,1,609.6699917495619,0.13130013064106552
3930159,04829064-2a29-4e32-b6a1-b293b8ec557d,Switzerland,Remo Freuler,1,457.4392115019569,0.16734398521125518
3930159,04638a10-8d3f-49e6-ba14-7c64d1057888,Switzerland,Granit Xhaka,1,344.58772152603325,0.17798625962093234
3930159,57012e6a-32f6-49e0-b177-eb769b397dc9,Switzerland,Manuel Obafemi Akanji,1,676.1898000591005,0.224846281919783
3930159,c12b72d8-8a84-45c1-aaa6-e40701a86f6b,Switzerland,Michel Aebischer,1,646.4780825635418,0.2030437794243145
3930159,41f1e125-3a1f-4efc-8be5-4aac506037ef,Hungary,Roland Sallai,1,464.68125054063034,0.11590762769723026
3930159,f2301f40-1703-4ab5-acbb-16a571c966a2,Hungary,Dominik Szoboszlai,1,696.2711325099327,0.10843191879489669
3930159,5f9c8c9f-d01e-4356-82f7-c56bc3b1d97b,Hungary,Ádám Lang,1,522.1830769852293,0.08228373055550955
3930159,2b64f6a5-87f1-4401-a614-db04bdb6c34c,Hungary,Péter Gulácsi,1,565.9180030183481,0.07661287816293762
3930159,1a777350-bb7a-4753-b450-d320166c566d,Hungary,Attila Szalai,1,1233.5465428593664,0.060765696234976005
3930159,d22244ab-47ff-49cb-a7ca-70bcbcc04904,Hungary,Ádám Nagy,1,990.7011516155306,0.07043209650409751
3930159,dbb25d4b-29d7-443c-b714-80bfcd950aa4,Switzerland,Manuel Obafemi Akanji,1,508.8431812560621,0.09452513579386376
3930159,f6f84f1c-a92c-4d45-b75c-a56aa7a83fe0,Switzerland,Manuel Obafemi Akanji,1,603.5143631282849,0.11973426731778836
3930159,95bcc2b4-be74-4bbe-b253-5a1f67038fae,Switzerland,Granit Xhaka,1,585.5818582376216,0.13003188320326847
3930159,728dd6aa-91be-4370-ba46-f7ee36e86290,Switzerland,Manuel Obafemi Akanji,1,566.3537683083468,0.13115849598607388
3930159,2d6bf42a-c9c0-413a-ae3d-bda8698267ad,Switzerland,Michel Aebischer,1,562.8355111937187,0.13894517374380794
3930159,7bab900d-d0a5-44aa-83fd-4ca81fcea1a0,Switzerland,Kwadwo Duah,1,795.71444337582,0.16353303790418167
3930159,2ebc6d19-12fe-4d20-b557-14ac11a45546,Hungary,Milos Kerkez,1,546.4491787627842,0.07364988216475045
3930159,1c7f62dd-775e-47da-bc96-9bfd014268e9,Hungary,Dominik Szoboszlai,1,550.4397812154604,0.06313116156733346
3930159,13f7b104-61a8-49b8-a5c0-90d552beb856,Hungary,Milos Kerkez,1,262.9092406772247,0.05404034242666865
3930159,f96f24cb-b7eb-4fd8-982f-7e57f20fccf7,Switzerland,Granit Xhaka,1,25.003557689679717,0.045859839322574064
3930159,d1452be5-d819-4000-82dd-6c081a89f8eb,Switzerland,Michel Aebischer,1,623.9481070235763,0.1044370538031517
3930159,98c3c454-5abb-47d8-aa26-ecc23effe825,Switzerland,Granit Xhaka,1,497.7274100442669,0.13050329865958865
3930159,c6432b64-a88b-4250-8559-f2e3b40e3d81,Switzerland,Ricardo Iván Rodríguez Araya,1,238.03531424197485,1.188751273969504
3930159,4b32b60b-e066-463b-98e2-a6412f67584c,Switzerland,Ricardo Iván Rodríguez Araya,1,333.58418229983687,0.21330747261448577
3930159,c6af8364-be88-46a4-8937-973016fa0206,Switzerland,Remo Freuler,1,379.34080739001655,0.21590957098626085
3930159,a0b9d0dd-828c-4842-995b-5e90b94a3742,Switzerland,Ricardo Iván Rodríguez Araya,1,416.0162093359123,0.2081809897265832
3930159,38d22b85-f85d-4709-b277-34de2278453b,Switzerland,Remo Freuler,1,411.7736039034143,0.20203592182683267
3930159,634d27e7-849d-47eb-bb8e-daf175152b31,Switzerland,Granit Xhaka,1,605.3238452648259,0.15864049772147384
3930159,62396719-dbe3-42f8-ba6f-d18fb7d67867,Switzerland,Michel Aebischer,1,585.8905451642754,0.07574448734800299
3930159,b14bc290-bf9a-4af5-96ca-a2861132a106,Switzerland,Manuel Obafemi Akanji,1,473.49986911337913,0.12800285920970655
3930159,b683d5d5-e0a4-4735-b5f4-e86405942481,Switzerland,Fabian Lukas Schär,1,484.8410874140443,0.13816032211187815
3930159,c8eedacb-e54c-4fc4-89c6-81b1b7d03ef3,Switzerland,Remo Freuler,1,607.7512010048323,0.11600909928026912
3930159,9b387c84-e5ab-4957-9f5f-d5bac8df9192,Switzerland,Granit Xhaka,1,520.2704064601098,0.15686721557683492
3930159,51933ab7-05c4-4c9c-ba5d-d2fa38a00f31,Switzerland,Remo Freuler,1,551.7116514229876,0.14780441650617254
3930159,ba850710-6d66-4e24-8d6e-a714b4587c24,Hungary,Willi Orban,1,208.85790222578277,0.03714033689090516
3930159,b9082603-0b9f-4335-a4a4-d96796398052,Hungary,Péter Gulácsi,1,178.94888861601981,0.0405426253322479
3930159,e2e622ac-5d76-42a9-b26f-f681d612d2fd,Hungary,András Schäfer,1,266.4341264794106,0.04935881155426945
3930159,bcb24ae7-14d5-4fb2-932a-3f368ef012c2,Hungary,Ádám Nagy,1,174.39298402092402,0.07744013332858561
3930159,33b49fd0-a0b8-4ec7-9407-05b943c2038a,Hungary,Roland Sallai,1,470.9028912610489,0.17827613814784327
3930159,a7ac5ebc-597d-45eb-9308-88951e6bb0e6,Hungary,Ádám Nagy,1,365.23560280749024,0.13849247496631287
3930159,e2dba6d9-6dd9-4085-a39d-b8f1ab79c430,Hungary,Attila Szalai,1,366.87698653190466,0.1480107807514919
3930159,86dd1c3c-daca-4ecf-a3f1-d3cf7367a238,Hungary,Ádám Nagy,1,311.4101684789744,0.1150614908472371
3930159,dd056b5a-fe07-436f-bb41-90b8c372c81f,Hungary,András Schäfer,1,245.71997031947984,0.1385077248454036
3930159,db0fcf6f-a039-4ca9-a6ad-1d1ea9dcd6ec,Hungary,Attila Szalai,1,338.62317938907086,0.1673919580896882
3930159,d2df0cdd-99b9-41f4-8089-5914615a7306,Switzerland,Yann Sommer,1,89.33114760504327,0.04579065285190446
3930159,557dfa39-88a1-4da7-bac3-b32f56207bc4,Switzerland,Granit Xhaka,1,777.4313496816832,0.0948792342229427
3930159,612a387d-0599-401f-8914-294fdc39e8e2,Switzerland,Granit Xhaka,1,436.0475700339148,0.14093650953598386
3930159,9bea18cc-3af7-4fa3-aa3d-aafea718dff3,Switzerland,Ricardo Iván Rodríguez Araya,1,881.316912071841,0.13197615906712679
3930159,f87b63bc-0420-4192-958a-dc02dd5eef96,Switzerland,Michel Aebischer,1,824.5317763754329,0.12322793298947811
3930159,7a8cf4ef-d6ed-464e-8a0a-edb4d969ae0c,Switzerland,Ruben Vargas,1,773.0180360116941,0.1507769031739969
3930159,63c18e2d-dba5-400c-8e2b-50dfd41a8adf,Switzerland,Manuel Obafemi Akanji,1,826.7413321099893,0.15073248226789726
3930159,66b2e1bf-2a28-4489-82da-c234d3709846,Switzerland,Granit Xhaka,1,854.6588182137798,0.14777554797765696
3930159,bfc99f45-ecf2-40bf-bdf4-4feb831bc041,Switzerland,Manuel Obafemi Akanji,1,505.7175239909567,0.08656855987302224
3930159,be2f1b72-1972-4efc-a946-3dd9e85fe6d3,Switzerland,Michel Aebischer,1,460.94887792402517,0.11317320917981463
3930159,46ffd2be-8eb6-4aff-85d4-a0a804b78e90,Hungary,Milos Kerkez,1,458.4911012355444,0.07389756210966322
3930159,6af65180-e98e-4236-a997-321e5be46206,Switzerland,Ruben Vargas,1,268.8078611535317,1.1439075407441892
3930159,bea18f58-9dc1-44c3-9f55-f60f629ec995,Switzerland,Manuel Obafemi Akanji,1,278.6034940569602,0.4078335077447964
3930159,5e0eebb7-dd49-476f-b11b-feed31787d01,Switzerland,Granit Xhaka,1,364.9345284579571,0.2061848398790243
3930159,2c6f4621-a1a4-43bb-9590-c8e2e9ca6525,Hungary,Willi Orban,1,393.4563013068105,0.06406762790731282
3930159,860e6348-0490-494d-86b9-ff4e898219e7,Hungary,Ádám Nagy,1,360.84818170793017,0.06991666259976671
3930159,7b6cd110-762e-4855-83d2-f4301ac5dbe0,Hungary,Attila Szalai,1,450.64293996663866,0.07063489371882598
3930159,cf8965cc-efba-40f0-b3d0-a005f5d865cb,Hungary,Dominik Szoboszlai,1,459.479594100535,0.06403334809875207
3930159,2600e8e7-8e0a-43f3-a383-bcc265379a8f,Hungary,Milos Kerkez,1,277.2147740610101,0.06869927678200873
3930159,96db74be-129d-4d08-8b13-703ebb6a4566,Hungary,Barnabás Varga,1,494.2068054982401,0.08329299318215086
3930159,97b5a854-900e-4782-83ad-845d1f760fdd,Switzerland,Granit Xhaka,1,484.8219906218003,0.11875628647464628
3930159,758f3c82-0b8b-4c22-b4fa-82840725cb22,Switzerland,Dan Ndoye,1,326.95897162619906,0.15800673076795146
3930159,58626032-008b-43e2-9797-3691dd88dc83,Switzerland,Remo Freuler,1,664.5799114844584,0.13126949262173862
3930159,c64150f3-2f15-4533-b46b-044f8365f49c,Switzerland,Silvan Widmer,1,699.4289382807227,0.1573475014001216
3930159,45dffd97-8b39-4c42-963c-961d37cc4045,Switzerland,Granit Xhaka,1,555.3029431844184,0.15100970170205197
3930159,a2428f84-f06d-490e-abe9-faeb2ff2c57b,Switzerland,Remo Freuler,1,489.1117288387727,0.20855499273803474
3930159,4c0b2687-7eb0-4768-b874-bbe58da20e59,Switzerland,Fabian Lukas Schär,1,611.2897744379967,0.13827233136162057
3930159,6cb459c8-4017-41a8-a55b-ebd1409844b9,Switzerland,Ruben Vargas,1,885.2950269279359,0.11609811687932055
3930159,776265f1-e887-48da-91f2-f2bce969340c,Switzerland,Ricardo Iván Rodríguez Araya,1,445.5578823795065,0.24311226212377232
3930159,4ee978a3-fc1d-4a4f-a32f-2ef575227a05,Switzerland,Ruben Vargas,1,505.619115392692,0.24659944806230394
3930159,aea8d1d5-f872-438d-89b0-35489f22304d,Switzerland,Granit Xhaka,1,517.9044358145949,0.27891439745390456
3930159,9272fe54-3bf4-49d1-8541-6c02f876afd2,Switzerland,Ruben Vargas,1,553.8893574594524,0.22751225131755615
3930159,b07e39cc-5a15-482f-9b15-073ee103ee80,Switzerland,Michel Aebischer,1,552.0162948293365,0.22698573015365253
3930159,7fef5650-b99b-495d-9bd2-2e2b23d4a708,Switzerland,Manuel Obafemi Akanji,1,780.2858025350945,0.13581011423055317
3930159,9f696807-f875-4872-981e-3721c701f2a5,Switzerland,Remo Freuler,1,841.2306674146014,0.13878800637124905
3930159,d67fed0e-b303-4b47-836b-549a7a814366,Switzerland,Yann Sommer,1,718.688273081676,0.07345871204688428
3930159,7d390ad3-3a8f-4180-9924-f601c17fc251,Switzerland,Granit Xhaka,1,814.385069867368,0.07838809656910914
3930159,d7fa284d-5da0-40de-afd9-e41a70c3a07a,Switzerland,Manuel Obafemi Akanji,1,811.4886371504414,0.09740855475650739
3930159,11edac72-e4e6-45f1-b44b-76d7360f2fa7,Switzerland,Granit Xhaka,1,584.5792592937839,0.06231436882576669
3930159,ca3c848a-b72e-436d-ba23-60f3d7d529ef,Switzerland,Yann Sommer,1,766.5417747661531,0.07788494701350923
3930159,eaae904a-79a1-4ddf-bba0-5754b18e9484,Switzerland,Yann Sommer,1,583.5319676315125,0.060146684873766273
3930159,47633993-e87c-42bd-8844-594ecf0a70a8,Switzerland,Kwadwo Duah,1,864.1364252490366,0.08382520156890116
3930159,321f1fd9-9587-4d70-b8a8-78df8babcf9f,Hungary,Attila Fiola,1,851.7563313298998,0.10323731889257759
3930159,69c37434-eab2-49f9-8cbd-30a72b42f967,Switzerland,Kwadwo Duah,1,477.8390242535245,0.09490026613975114
3930159,d5042cfd-b0ce-4a5f-be0a-2dc8a97123e0,Hungary,Ádám Lang,1,614.4314569181115,0.10742155448728134
3930159,3c89bbb1-0e6b-4547-b58c-a7e50bfbed9d,Switzerland,Kwadwo Duah,1,516.5768735129286,0.07180816003713876
3930159,b6b640de-fadf-488b-9c7b-77fa5d430e58,Hungary,Attila Szalai,1,315.17710748692656,0.10843880205629876
3930159,291d7142-5dab-4079-bf5c-fbd56a509b02,Hungary,Roland Sallai,1,441.50655941415505,0.13013951783375985
3930159,26ee516e-5fdc-490d-9659-cf5897e66c0d,Switzerland,Fabian Lukas Schär,1,474.2375974909853,0.08992772580544003
3930159,473acb7a-029f-4fae-9551-8200cf0e215b,Hungary,Willi Orban,1,355.38286266375815,0.12430004386998042
3930159,4847e515-3bf2-42c5-ade3-d48fd7ebdc03,Hungary,Attila Szalai,1,482.9088088086355,0.11141669360609326
3930159,4232a59c-a2d5-4594-b2f2-992126264f3e,Hungary,Milos Kerkez,1,436.44876067480345,0.10418668536729714
3930159,08847ee7-34fb-422b-ad4e-7a344710c2bb,Hungary,Willi Orban,1,448.36477538327085,0.10583552143513238
3930159,5cfa0440-a7d3-466c-8624-36191e856238,Hungary,Attila Szalai,1,648.1059753670263,0.08720237812191754
3930159,e87f31b9-49e4-470d-9eca-c85b0466b52e,Hungary,Dominik Szoboszlai,1,530.8482179210702,0.09366264725640344
3930159,a274f5e1-069b-441a-93c2-c30ae5a230c5,Hungary,Dominik Szoboszlai,1,533.5422398021924,0.09781089383389131
3930159,39c8bc92-87de-4279-b967-417c92388fc7,Hungary,Attila Szalai,1,502.98566088018913,0.09772002411233437
3930159,01cd8247-34ac-4fde-bd62-3371304c4dca,Switzerland,Michel Aebischer,1,72.24025386851874,0.055885008801033226
3930159,5e55f8d4-5a32-4d90-90dc-5e0510c14d6e,Switzerland,Yann Sommer,1,262.919594322267,0.050142359088063776
3930159,e9e73dbf-0038-4302-b68d-2165b9679ae7,Switzerland,Ricardo Iván Rodríguez Araya,1,356.2311931137835,0.04860581134628802
3930159,8b2c150b-53b0-4153-8c25-7f11226533a5,Switzerland,Michel Aebischer,1,400.4893946829795,0.04099875789949622
3930159,3c9a869b-cf9c-48ff-8ba2-50bce4eba1ac,Switzerland,Granit Xhaka,1,558.238136420853,0.05372697463138517
3930159,288c2b35-f4d4-4967-a2cc-909ef592a001,Switzerland,Remo Freuler,1,841.4673389131618,0.05577634721617137
3930159,f10841fb-20de-4d71-9370-4d9d4b3ee685,Switzerland,Silvan Widmer,1,752.4930470370614,0.08994121668996224
3930159,c28937ba-6dbd-42c9-af59-df0c4986495d,Hungary,Péter Gulácsi,1,17.23440901024908,0.05657428693640604
3930159,a469b409-6ef0-400f-9987-201911b6204e,Hungary,Willi Orban,1,29.515375421614518,0.05784507334544976
3930159,97bfdaf9-5409-4864-ad91-d7e107c52504,Hungary,Ádám Nagy,1,37.068551393993026,0.04911231359522503
3930159,4509cb92-f923-4f55-b503-f5c52923c328,Hungary,András Schäfer,1,151.75059164999044,0.06944253043831068
3930159,b1f914ea-83ee-48e5-a74f-c10c685b503e,Hungary,Dominik Szoboszlai,1,130.48392926725322,0.07105072835484627
3930159,4497e596-4716-4173-a3f5-2b9c73b5045e,Hungary,András Schäfer,1,130.6407061731748,0.0694745983360336
3930159,701e4a82-e4d4-450e-b2e0-298cdf9a0d42,Hungary,Ádám Nagy,1,78.95404381083836,0.08432306044119718
3930159,c162bd74-3bc6-4e39-a2be-ef5da6770a49,Hungary,András Schäfer,1,84.19048154079539,0.08532344467195449
3930159,b3260c0c-f21b-4d24-b3b4-b881b4a15c26,Hungary,Ádám Nagy,1,240.10096850360853,0.07150435012754412
3930159,922384a1-a7ee-4fe1-a277-074f1a0bdd50,Hungary,Roland Sallai,1,650.9007289560464,0.06786728347683457
3930159,01dbe020-8c90-410e-bb4b-4343c4b8c164,Hungary,András Schäfer,1,576.4822769912109,0.06449985611795465
3930159,33bedad0-b48f-4636-97c3-0ae37a51f602,Hungary,Ádám Nagy,1,463.4375213333959,0.05589657850485254
3930159,eb050d67-8bfe-4527-ae99-6b47de0e14fb,Hungary,Dominik Szoboszlai,1,499.94012648812657,0.044629628268460404
3930159,5daad421-c89d-457b-807c-4fa18e1f4881,Hungary,Roland Sallai,1,411.8952895965943,0.0874322380238421
3930159,d71fe8f7-e4fd-4436-b379-6902bba3d213,Hungary,Willi Orban,1,369.244735822777,0.09132690465565034
3930159,4689bef7-7a35-4a51-9770-50c8e3202a8f,Switzerland,Michel Aebischer,1,590.5097334198508,0.07244177898850956
3930159,0339403f-70a7-46b8-a731-1fff836dd8ba,Switzerland,Ruben Vargas,1,453.9835292399781,0.07181163173819667
3930159,a7b3f9ee-0e34-40c1-9a52-033b663b1708,Switzerland,Ricardo Iván Rodríguez Araya,1,391.9121750566372,0.0871405548379759
3930159,c30c908a-0dcf-40a6-b226-c397b4b78595,Switzerland,Granit Xhaka,1,466.5628600648037,0.09987378853435751
3930159,9d0d0797-b7f9-4e3f-a09f-4be39d2188ef,Switzerland,Kwadwo Duah,1,488.2272246971731,0.10703503559679879
3930159,e4bb811e-c111-40d9-9644-8fe7820f7381,Switzerland,Granit Xhaka,1,565.5103189653935,0.1090514689022075
3930159,9dd77342-bc05-4a49-b3f6-ccd4f2ad3224,Switzerland,Michel Aebischer,1,595.0597040046699,0.09583657674455749
3930159,ed9deb67-67d3-4187-83cc-6f9f0204061e,Switzerland,Manuel Obafemi Akanji,1,660.7968583045723,0.0835573552780968
3930159,97cfc6bb-3158-4465-bf4a-554115c30ca5,Switzerland,Ricardo Iván Rodríguez Araya,1,682.8962865516223,0.083966590760143
3930159,6fbd3bc4-e1fe-4e08-9f70-3e81ede0db8e,Switzerland,Granit Xhaka,1,694.8928245138203,0.10926396113578069
3930159,bd5f93a4-1db6-4a2b-abc1-be1bfa28363c,Switzerland,Ruben Vargas,1,749.1783711315612,0.09954716286301489
3930159,261ea74a-50a6-41c7-bb71-38e1408934e8,Hungary,Ádám Lang,1,1032.663532827428,0.0903697130282762
3930159,15f71fdc-46d3-483a-a414-a8e804002774,Hungary,András Schäfer,1,837.1161071273342,0.09501028059982708
3930159,08611415-7176-4a57-9751-b98ef251723e,Switzerland,Ricardo Iván Rodríguez Araya,1,564.6248811414655,0.09758126958860754
3930159,7925f999-a305-42e8-9d6f-793928463d61,Switzerland,Manuel Obafemi Akanji,1,713.0252637561545,0.10233349419176742
3930159,afffd557-ace2-4125-8a8d-804babde6f79,Hungary,Roland Sallai,1,1562.434741726362,0.09625727081185476
3930159,6654fcff-4c78-4cf0-a899-b102bde8b575,Switzerland,Manuel Obafemi Akanji,1,521.1896601438639,0.06738277575101255
3930159,52eb0720-9d60-490e-bc1a-75311a762a20,Switzerland,Yann Sommer,1,222.21879436370247,0.052571348639215795
3930159,d76f76a6-12a3-41f1-a92f-64d14f6193fa,Switzerland,Manuel Obafemi Akanji,1,226.20483255888564,0.06312538729443641
3930159,4faa1af3-6add-4b95-bddb-a6f4c13ebec7,Switzerland,Yann Sommer,1,539.0736614650451,0.05525789883795202
3930159,5f2db19f-0c94-4f32-b7f4-a2c0dc89f725,Switzerland,Michel Aebischer,1,919.9675468953317,0.08732018055168576
3930159,de27a20b-cb89-432c-8ba0-7d0e8f7bb305,Hungary,Attila Szalai,1,519.352385159597,0.10275726529734455
3930159,90df0a9f-7a48-40c3-982b-62419ddf59c9,Switzerland,Manuel Obafemi Akanji,1,549.5286238712449,0.06583049296162502
3930159,59157f39-78d5-459e-ae05-3ec33f067583,Hungary,Milos Kerkez,1,291.5521728983573,0.04784487114819244
3930159,fdced697-e736-4f37-aafd-a9c30ffc72ad,Hungary,Willi Orban,1,326.2259831647204,0.06394993836449815
3930159,dffe4bb5-6f30-4f75-90d3-648015854adc,Hungary,Attila Fiola,1,417.74183380248485,0.06770119273671761
3930159,df1f5e2e-1da6-41f2-867d-bc5b75574065,Switzerland,Michel Aebischer,1,987.9222318133545,0.1301848948483507
3930159,4c092d8d-446e-45b8-b7c0-8a8c6526de6a,Switzerland,Granit Xhaka,1,594.0622744237696,0.16958162689671724
3930159,33fbc822-b2e9-4139-b5a2-3b57e5e0b68b,Switzerland,Remo Freuler,1,473.62955075886913,0.15753436992360842
3930159,29904861-ed2f-4cab-a924-4b649c573001,Switzerland,Remo Freuler,1,393.42807066076386,0.10845322127426588
3930159,150f138e-6207-4ac0-aa0b-a32c27cca0ab,Switzerland,Manuel Obafemi Akanji,1,462.89595159860465,0.12026384304847451
3930159,a4f2aeb4-f861-4925-853e-6b727bf45ba3,Switzerland,Michel Aebischer,1,622.2446881177615,0.1041329997928525
3930159,0f6bdcba-8568-41c1-b4fb-eedf764e0e7e,Switzerland,Granit Xhaka,1,637.2970987931317,0.09394835765248931
3930159,696282c9-33b4-4eea-a7b3-3122b32d70a6,Switzerland,Manuel Obafemi Akanji,1,743.3029162418821,0.09352913757047951
3930159,01a8df40-a54b-4ae9-b467-70828849e0f1,Switzerland,Kwadwo Duah,1,680.7357120777467,0.09620260530307237
3930159,69dbc9ee-7c93-4dbb-8b6d-cb6a4afecfc8,Hungary,Ádám Nagy,1,808.1378798021849,0.09548415793427953
3930159,a25275b0-8c12-429f-944c-08475aea451d,Hungary,Barnabás Varga,1,658.841260650709,0.10494520280585073
3930159,b531f76e-0149-4f4e-94de-419f4bbf06e1,Hungary,Ádám Lang,1,319.68479270640614,0.2797733109965648
3930159,e79b4d59-0091-45a8-9011-538959849a46,Hungary,Dominik Szoboszlai,1,210.22893232327544,0.8607103781659899
3930159,161b8d66-17a5-4144-839b-8bbaa3eb3dd3,Hungary,Willi Orban,1,234.6998887508799,0.5154509787688981
3930159,7401d15f-c491-41cb-83cc-6e11ef895f98,Hungary,Ádám Nagy,1,209.92375144943927,0.21863324662560554
3930159,c37088c5-5e64-4ab9-a534-1011c0bc0485,Switzerland,Fabian Lukas Schär,1,207.74234992516892,0.07083353897366568
3930159,1be99b10-ee01-43b5-b0d2-25c8184de42e,Switzerland,Silvan Widmer,1,292.460392198892,0.06572543824747391
3930159,da888766-2d44-4ffb-b8ca-02e865802471,Switzerland,Fabian Lukas Schär,1,296.6528224397991,0.08018364088608995
3930159,81f1eadc-b5e8-4700-b931-fed2d10a091c,Switzerland,Michel Aebischer,1,642.3037249404063,0.06497950214493725
3930159,6ec48c5d-6d60-45be-a186-8121ab12d5d8,Switzerland,Granit Xhaka,1,570.0107770070811,0.0829111985717913
3930159,95520602-688f-46f6-b58a-fe8d41087088,Hungary,Attila Fiola,1,1041.9036769209015,0.0989884484886133
3930159,a05cdd1f-e8ee-4168-ae6a-47b3e0eacbbb,Hungary,Dominik Szoboszlai,1,300.5160581994462,0.2683884995507148
3930159,994ec0d5-74d6-4026-8ad2-e12e17a5274b,Hungary,Roland Sallai,1,260.25100160306505,0.3420116317590708
3930159,ff225f6c-3ff7-41d1-82b4-b6cc69fa3496,Switzerland,Yann Sommer,1,228.85287453451133,0.05854941608496605
3930159,e4ed1519-ec3e-47c0-bfb5-cf1fcc4a13d0,Switzerland,Granit Xhaka,1,233.76804450699723,0.07283732733122984
3930159,34e33b69-be0b-4313-8db5-eea2817c1d7e,Switzerland,Yann Sommer,1,327.0867246048282,0.04923084556416716
3930159,c4f98051-dd87-444d-a418-715b48058f7a,Switzerland,Manuel Obafemi Akanji,1,422.7991411058423,0.0629583427475225
3930159,3831e2b1-1898-49b8-8b9d-cb76df7cce28,Switzerland,Fabian Lukas Schär,1,607.4141598781814,0.054770774825632806
3930159,b99042d0-de46-4f8c-b0c9-77d74498989f,Switzerland,Silvan Widmer,1,325.8062730493407,0.10936081045835284
3930159,a035f15a-5af9-4732-a8dd-145572beb0c4,Switzerland,Fabian Lukas Schär,1,276.23353967170334,0.07277812887580477
3930159,53cbc2b4-977c-4fb0-b3ee-cabedd1f0e2b,Switzerland,Ricardo Iván Rodríguez Araya,1,727.524418804993,0.19646622287378906
3930159,991f0aba-6b68-44a8-b17f-380c86b35c24,Switzerland,Ruben Vargas,1,692.5879654856739,0.20481618725738146
3930159,daf3ee08-f475-42af-9178-cc8e3f04bcc6,Switzerland,Granit Xhaka,1,671.5061026762297,0.2227575550933254
3930159,65e2d2cf-c411-40cd-b4e9-a5a9644c1759,Switzerland,Manuel Obafemi Akanji,1,680.8296041250152,0.22156238379761684
3930159,da918d14-2706-492a-8409-647705c0e3ca,Switzerland,Fabian Lukas Schär,1,386.7464526132817,0.11163064094678454
3930159,6e2154a6-43df-479d-a9b2-b4d1254acd93,Switzerland,Manuel Obafemi Akanji,1,424.8565306038738,0.1258340317003806
3930159,497c71fa-3114-4f37-ad98-3eee2c813cbc,Switzerland,Fabian Lukas Schär,1,499.0607845821836,0.10416917678205935
3930159,01ad8b38-76cd-4555-9342-03e444cc1506,Switzerland,Granit Xhaka,1,490.0577508335532,0.11522920221818601
3930159,d6b37505-9b0f-43d2-84f3-c1fe71fd01e3,Switzerland,Remo Freuler,1,583.5323308831831,0.12617738555904412
3930159,3e8bbc8b-dfff-4a7c-84a7-9190e07ce553,Switzerland,Dan Ndoye,1,531.9853381083907,0.23689738134603597
3930159,4ce0a975-4124-48e6-9dd3-25f10e378b54,Switzerland,Fabian Lukas Schär,1,311.68756784531735,0.09890753023786236
3930159,fda0d006-a14c-4048-8d6d-0223754cdfb4,Switzerland,Manuel Obafemi Akanji,1,385.3519073040075,0.1327518533178797
3930159,c79381b0-dcd1-4011-a61f-b181fe094052,Switzerland,Fabian Lukas Schär,1,444.5179449961479,0.13386560732445082
3930159,debe58b5-3838-47a5-8518-f7510435a1ec,Switzerland,Silvan Widmer,1,471.25574831386155,0.17572910191935256
3930159,13b6bb98-ff8d-4c55-b18d-a8b4b1eccde5,Switzerland,Ruben Vargas,1,490.035353170343,0.1287041459569214
3930159,1e6f71c6-5dfd-4bc4-979a-5df60a4b68e0,Switzerland,Silvan Widmer,1,418.9821709412437,0.1983282579761101
3930159,4affe98e-7f49-42d1-90dc-fd3e7fa15b36,Switzerland,Dan Ndoye,1,315.6188345139371,0.30466008027947894
3930159,9bec9190-9ea5-417f-8660-e29d738ad079,Switzerland,Ruben Vargas,1,289.09186974660656,0.2292512976526955
3930159,469cf535-095a-4760-852e-bfb2b8a28511,Switzerland,Silvan Widmer,1,193.72951303692966,0.6844350405717688
3930159,6881e8d7-4372-4145-b198-472bc067b609,Switzerland,Fabian Lukas Schär,1,289.35141083684226,0.14306891669390154
3930159,75a07fdb-c444-4bea-857b-ba143adbef59,Switzerland,Manuel Obafemi Akanji,1,388.1632451290162,0.1503287703653669
3930159,18ec4aae-2fab-4f89-87bb-10ff82e652a7,Switzerland,Remo Freuler,1,385.3539932613056,0.15555286077157748
3930159,f7ce40f0-bbe8-4cae-a0a0-e150779dc457,Switzerland,Fabian Lukas Schär,1,388.18568435728776,0.13838822651059818
3930159,1e74d20d-3fd0-4478-87cd-2f3d55c3b7a7,Switzerland,Manuel Obafemi Akanji,1,294.55817528525847,0.1108034575368181
3930159,4e080fae-4846-4ca7-b90e-494c117fc3fb,Switzerland,Ricardo Iván Rodríguez Araya,1,547.2667536434074,0.09189790199047843
3930159,d9cbf462-a694-41a4-92bc-9e3fdebb8400,Switzerland,Manuel Obafemi Akanji,1,749.6587459717196,0.0880917097714402
3930159,879b780a-d8ca-4ccd-926b-464d750198f9,Switzerland,Fabian Lukas Schär,1,905.947084916241,0.06370475338904653
3930159,679d0ca5-1ebc-4aba-b0ab-fd338e9a4378,Switzerland,Granit Xhaka,1,841.7813701750497,0.08146985474857008
3930159,777368c4-9303-44f9-933b-d500c1abfd2c,Switzerland,Remo Freuler,1,470.89060113833057,0.11012662278315632
3930159,044122d5-efb3-405c-9e3f-77ff81094689,Switzerland,Dan Ndoye,1,263.3080054693918,0.41338199053659347
3930159,deb0681a-2e92-49bd-a419-b0e763fec341,Switzerland,Ruben Vargas,1,218.02976290103126,0.43510674216558687
3930159,c81d8db6-5c27-44a4-9213-2674b4ed38f5,Switzerland,Silvan Widmer,1,197.83829650413466,0.4412989774127202
3930159,e6618c87-5017-4d53-a1c5-b82d1a1e04a3,Hungary,Attila Fiola,1,223.93683022537837,0.05923901981171794
3930159,a4e6b41d-70c2-4aca-ad77-1ff8cac32ed0,Hungary,Roland Sallai,1,402.4339404624483,0.06410595998111442
3930159,b3e19285-3ec3-4b2d-9eb5-f24b358e881c,Switzerland,Silvan Widmer,1,307.26839527629767,0.4266384706621338
3930159,5bd315f7-baf4-4bba-8181-bb566d37ffea,Hungary,Ádám Nagy,1,281.4298156088079,0.06041265906824587
3930159,813fa1b9-207a-412d-a74e-ef04f70ed1b4,Switzerland,Granit Xhaka,1,337.87047610845684,0.3668091727713398
3930159,ad9d4acf-62a6-4885-b186-d7a5cf17f3ac,Switzerland,Silvan Widmer,1,300.3449973268649,0.2696219661518637
3930159,882dec39-545a-48fd-ba8d-862398ef4a4b,Switzerland,Fabian Lukas Schär,1,449.1060338676452,0.17850007451060682
3930159,8ba3b8ed-0e60-44b6-8e34-36168e73485c,Switzerland,Granit Xhaka,1,307.11870279041705,0.23434813508060964
3930159,7ce8eaeb-3c29-4e3b-a433-5dd840ea4da8,Switzerland,Silvan Widmer,1,338.69810239125366,0.2510298115960306
3930159,1e1e0212-55b4-432f-92d9-2cb5223ff47f,Switzerland,Granit Xhaka,1,312.299421569368,0.13896526638953968
3930159,66428889-11d0-4878-8483-7e8398a8bfd4,Switzerland,Dan Ndoye,1,295.56798631104743,0.4074081771941111
3930159,52b46329-7ba8-46db-8cad-60d25408ab47,Switzerland,Remo Freuler,1,291.01664770362163,0.34392564537128684
3930159,0278aac1-08a7-4b9f-ae15-bea8780e5a04,Switzerland,Silvan Widmer,1,308.280462584547,0.28758242659619804
3930159,92d4021b-8cba-48c3-b74d-c51f9f4c6cc4,Switzerland,Remo Freuler,1,355.7787602320443,0.20074334704762872
3930159,99d83b3f-1f26-4faf-baf7-f27d3cafef7c,Hungary,András Schäfer,1,326.1778220059669,0.04671778664218605
3930159,f25f6258-0582-4df2-b18e-c0a35828232c,Hungary,Willi Orban,1,302.8503143059583,0.057965801094359955
3930159,770224d1-33b7-44b3-afce-4157c7c995ef,Hungary,Ádám Lang,1,299.9755809179181,0.05443269248683495
3930159,b0310350-1d2e-4fe1-94c6-00e027938fcf,Hungary,Ádám Nagy,1,377.0439122378121,0.05560166958346274
3930159,e489e89a-033f-4a6a-b554-34df438b591f,Hungary,Attila Szalai,1,454.00799489701603,0.0883384421094172
3930159,5fd545bc-8c1f-4177-bb79-a192d213957f,Hungary,Roland Sallai,1,513.4065007506435,0.09694021473977997
3930159,f7f0ee32-b7d1-49cb-9d96-fd4e6e4fafa6,Hungary,Ádám Nagy,1,345.54335493574035,0.1176769710528524
3930159,454bb0af-9ccc-4eeb-b3be-5fea0d34e209,Hungary,Dominik Szoboszlai,1,289.1059525397646,0.1255439656452223
3930159,d52581ff-5704-41d1-8cc9-b1107fb46ab6,Hungary,Roland Sallai,1,306.9152620695952,0.08238376071065673
3930159,88ad1d43-e9f9-4bad-b465-fe45a8b270f1,Hungary,Attila Szalai,1,320.14745020222455,0.10521596625471279
3930159,9f31c949-b128-4f32-bef4-3262566c0700,Hungary,Roland Sallai,1,384.79262973222836,0.08461023055437526
3930159,1ccd5c5d-b687-4198-a33f-aafb3dea5782,Hungary,Willi Orban,1,179.27848492421447,0.09657252179050285
3930159,53dac5d2-8680-411f-acf5-80d0ac7a082f,Hungary,Péter Gulácsi,1,224.53581123658807,0.03131091236435968
3930159,bc82427c-66b5-4488-b490-030744cbf6a6,Hungary,Roland Sallai,1,751.8081597410466,0.09538569882667969
3930159,92bd1590-6275-43e4-b222-d56a54f00dd4,Hungary,Ádám Nagy,1,560.9074511456607,0.10610032498682342
3930159,e099f013-7634-484e-b1f1-4730671b82b6,Hungary,Milos Kerkez,1,314.06113946729164,0.24753096359380483
3930159,3ab686cc-2f40-412a-91a3-8b0d67c13235,Hungary,Attila Szalai,1,392.5425965398839,0.12998568355745732
3930159,abea553c-c84f-495c-bedd-42ee53bdb12d,Hungary,Dominik Szoboszlai,1,390.3296359770601,0.16128037593088296
3930159,90bc3129-da59-45b8-909b-4dd6311f8637,Hungary,András Schäfer,1,382.10363793677635,0.17134194866241262
3930159,1b9de26a-7a15-4e20-ad49-5c913804f8ce,Hungary,Milos Kerkez,1,207.98108617969967,0.29282046430216824
3930159,74ed5842-5d2e-41dc-99d7-846d86aca08a,Hungary,Dominik Szoboszlai,1,255.70690507438417,0.12130753893304669
3930159,d4e83b5f-7e45-40f9-9b50-55cf41773216,Hungary,Dominik Szoboszlai,1,202.79022542842608,0.5974888773852735
3930159,431c25fe-261b-4604-8509-8412b8f2ad70,Switzerland,Yann Sommer,1,134.44111816665887,0.0515632085899177
3930159,cb778f78-99d3-4d37-9a5b-870b647390be,Switzerland,Fabian Lukas Schär,1,293.6698491101033,0.04506992680886717
3930159,6e1b5a16-a10c-445b-9cbf-3921c7d692ed,Switzerland,Granit Xhaka,1,365.5172662534526,0.03383219234114607
3930159,9474a121-45a3-4eba-8957-2e15f491fc8a,Switzerland,Remo Freuler,1,192.33763580911042,0.05321801016282499
3930159,7ef2e531-22e6-4699-ade5-b58555b80aeb,Switzerland,Granit Xhaka,1,174.61488142898523,0.043792046236710146
3930159,d1355b7e-2d6c-4ce0-b1cf-9d7caa8a7349,Switzerland,Granit Xhaka,1,191.63846380827215,0.06841857293401213
3930159,c5f48197-e800-4dd0-854e-1db1928f0a1e,Switzerland,Michel Aebischer,1,277.553553990304,0.07194671146867983
3930159,b895a5a1-99c1-4a02-83a8-c6cee3e237e6,Switzerland,Silvan Widmer,1,224.6112454483017,0.05945897816450951
3930159,313221e8-8434-4e67-bb09-1a116811baea,Switzerland,Fabian Lukas Schär,1,249.47921436003634,0.05006383637544719
3930159,c6e28260-658f-42e6-a20d-ef2ba2eb4319,Switzerland,Granit Xhaka,1,625.1923289892129,0.10022214518764802
3930159,310d98f2-9084-475d-acde-a1917456e0bc,Switzerland,Ruben Vargas,1,460.872388589829,0.11916747956371201
3930159,860c68cb-37c7-4ca7-807d-cad4450e0611,Switzerland,Granit Xhaka,1,375.1923824818362,0.1276711170460841
3930159,4f3078a1-3e13-43d3-bebe-6b092a11f837,Switzerland,Ruben Vargas,1,299.4872835152123,0.12805233961638363
3930159,ff31f7bc-6754-4257-afb7-9d48319266c7,Switzerland,Fabian Lukas Schär,1,346.93416604352063,0.1251550002083486
3930159,0eeb5209-dbd7-4847-9246-bb2b2e719906,Hungary,Ádám Lang,1,696.2463002518417,0.08921077477949622
3930159,433a53a4-9d12-4c7d-a053-4c05faa1528e,Hungary,Attila Szalai,1,403.091330651369,0.08084981572210898
3930159,91a536cd-42ee-42c7-a2ab-d744c702bd67,Hungary,Dominik Szoboszlai,1,361.2071284202986,0.07208228112996382
3930159,04f143d5-0aac-48a2-adc5-8311ff1bbb8f,Hungary,Milos Kerkez,1,463.98425313714995,0.08411602204812343
3930159,e386db7e-9aa8-4059-ba0c-07875a93dcda,Switzerland,Manuel Obafemi Akanji,1,239.61876055055447,0.03207262746287336
3930159,5db175f6-e8d9-46d7-b9e4-eb24f4643bdf,Switzerland,Yann Sommer,1,296.3706185254246,0.03988987034042464
3930159,7c824889-ef09-4f25-a3cd-600428591c68,Switzerland,Granit Xhaka,1,211.07012419615012,0.04473625347691747
3930159,78502872-045e-48d0-b277-66bf32c37d8e,Switzerland,Manuel Obafemi Akanji,1,430.4189521144522,0.041217997305425295
3930159,6611eb6c-f9bb-4a79-8672-b18c3c72178a,Switzerland,Granit Xhaka,1,320.96563982015965,0.04610505797864613
3930159,ac8eb844-3793-4502-afb8-080d239526fe,Switzerland,Dan Ndoye,1,546.0687406445836,0.05129255501445919
3930159,13a04a46-f747-4d71-947d-4e1245a5f3e4,Switzerland,Kwadwo Duah,1,738.6556446712875,0.04971226921188883
3930159,008ef6d6-a385-4d84-b62f-58d32885db4b,Switzerland,Kwadwo Duah,1,232.81262777554713,0.22417945277285878
3930159,cad29d97-324e-480b-a37a-ef803a838ba5,Switzerland,Ricardo Iván Rodríguez Araya,1,639.5831082315457,0.2760944547088585
3930159,a88e9b27-614f-4db1-a71d-68e9a842de61,Switzerland,Manuel Obafemi Akanji,1,773.5694397628065,0.17557492567997204
3930159,38da51c7-f6f5-4227-81ff-980c0ff08a9a,Switzerland,Remo Freuler,1,802.1526786475123,0.18513825165576508
3930159,893dc867-fc41-4a06-ba73-94d45ae363d8,Switzerland,Manuel Obafemi Akanji,1,756.9098361971276,0.15223381609704895
3930159,20193ae0-1001-4495-b685-ea3053546cfc,Hungary,Willi Orban,1,495.97032115204934,0.07111438223621498
3930159,f12cb27c-cc36-419b-8c76-4267880492f9,Hungary,Attila Fiola,1,224.7881820501983,0.06201428935497602
3930159,716cad5a-429a-4b39-8c54-39fd4f9ac7fb,Hungary,Ádám Lang,1,266.04664947777206,0.05385759486319312
3930159,9f1b5f06-c707-4d86-8d3c-5b683f07dc31,Hungary,Willi Orban,1,402.1199927170274,0.05159072594694538
3930159,95f8222f-9e2f-4378-ab75-6eb1c498eea3,Hungary,Roland Sallai,1,583.0289873769144,0.06663008786237971
3930159,a564f978-424c-47ca-8992-73a982522031,Hungary,Barnabás Varga,1,546.6839428461576,0.10051992738885333
3930159,b474508d-3ec6-427f-8de6-944b071d7581,Hungary,Ádám Nagy,1,388.7470101709898,0.10102059148629426
3930159,b3efc889-7516-42fe-aa58-4ca6157bc49c,Hungary,Willi Orban,1,503.80272270526103,0.0983984935332875
3930159,9c051897-baff-4935-ba92-b7c28778ab74,Hungary,Attila Szalai,1,506.0544724270261,0.09881654060385421
3930159,835ddaf0-06e5-46c2-8e44-c35a013bae7d,Hungary,Ádám Nagy,1,402.8317292293851,0.13324419011038255
3930159,cde92419-a107-4154-9ac7-d630dde6560b,Hungary,Roland Sallai,1,386.055475006321,0.11585130831902404
3930159,5f5473b2-0df1-4bd4-a76f-6f9f7e7d67f5,Hungary,Attila Szalai,1,405.28424499745097,0.11244244685796496
3930159,2bb062d4-0d1e-423a-a121-c1c44293bec2,Hungary,Roland Sallai,1,350.23457383069075,0.11044299173518426
3930159,a5dea1b7-0fa5-4d39-9d47-8cc970310935,Hungary,Ádám Nagy,1,317.84287799364085,0.13180898863376797
3930159,209c0808-5d5b-4e9e-a36d-c45414819560,Hungary,Willi Orban,1,383.48282822327974,0.1184777483015524
3930159,f368040c-2ddb-4a8a-a863-68268443a487,Hungary,Roland Sallai,1,409.0256006105484,0.08718954097553441
3930159,5ac21cc2-6cf5-466d-a63c-1da6554a9d9e,Hungary,Attila Szalai,1,396.75148934627055,0.10902140058197456
3930159,451673c7-129f-4aca-9be6-341aaceca8c6,Hungary,Ádám Nagy,1,270.40980331106033,0.16298637763123477
3930159,3d59e9d7-c427-463b-8d04-2bd79bc1da0d,Hungary,Attila Fiola,1,590.189960994726,0.13470699682191611
3930159,06b99e38-1a9c-43c3-83c9-6af1f5c844d7,Switzerland,Ricardo Iván Rodríguez Araya,1,269.7325353575059,0.05252474208561018
3930159,b39d8385-75cf-42fb-bbc5-6b8917f8c07b,Hungary,Willi Orban,1,281.75419707049855,0.141529343089853
3930159,43962cef-d24c-4fd3-b031-2c1cbe95bc5f,Hungary,Ádám Nagy,1,576.5639663439256,0.14138540186274134
3930159,5c020f55-622b-4940-a7b7-14315318785b,Hungary,Barnabás Varga,1,654.6984820916995,0.13922080551556176
3930159,4ec7aa29-120d-46ce-b183-240f7a6847a9,Switzerland,Manuel Obafemi Akanji,1,538.1633472231428,0.07421602205956786
3930159,d591c6e3-00cf-4ffd-ac50-16c00faa6c11,Switzerland,Fabian Lukas Schär,1,313.49553560886443,0.056779365987312425
3930159,84235efc-b4e0-47c0-863b-e0243c1b2c85,Switzerland,Yann Sommer,1,471.4815674690579,0.05023257489143391
3930159,b869e663-4b2d-4db9-a0af-4373558942d4,Hungary,Attila Szalai,1,385.6412407096838,0.06217210335369785
3930159,abf6f049-8fc4-4c70-b494-49ccc36d116c,Switzerland,Granit Xhaka,1,392.46274118758714,0.07469395717358861
3930159,98cc60dc-582c-4a6b-9af8-007158298826,Hungary,Ádám Lang,1,441.07793292142804,0.08397031844767812
3930159,25399434-762c-4b0b-bb86-8ef2bb5ebaf4,Switzerland,Manuel Obafemi Akanji,1,524.561465568633,0.12374439250207113
3930159,112a93c6-eb77-471a-b884-64ca8abbbaf5,Switzerland,Granit Xhaka,1,314.7993363959653,0.1138505797348395
3930159,f20522b0-4a4e-4b84-901a-b0c39b832980,Switzerland,Dan Ndoye,1,145.5466338384704,0.18464142971686823
3930159,1e17e647-9d9b-4580-8d5a-8d72e1ec2b57,Hungary,Milos Kerkez,1,271.76149055953454,0.06332324359477005
3930159,a5fe160f-10c7-4137-bf85-f1bae562add2,Switzerland,Fabian Lukas Schär,1,297.0175404627243,0.19328689633164395
3930159,1622b93a-2a3a-4fff-9bcf-a8bcb6aef836,Switzerland,Granit Xhaka,1,378.793320536638,0.19981212741581705
3930159,0c0e72fc-ab00-4645-9ee2-564ae9960f8e,Switzerland,Silvan Widmer,1,303.49818908182857,0.2958415477948153
3930159,9ec3c4d0-c249-434e-a384-9515319256f6,Switzerland,Dan Ndoye,1,458.3890326141505,0.2604203654382972
3930159,cbfe3a65-1efa-431d-b507-9c6d00c4bee2,Switzerland,Silvan Widmer,1,432.1960422636359,0.2198016106995435
3930159,9c3fa50e-a7d1-4df4-b070-d740ed1b3a8f,Switzerland,Granit Xhaka,1,340.062165538289,0.16702663290222514
3930159,dcb00c68-b99c-4fd3-aa21-4993de0aae57,Hungary,Attila Szalai,1,589.1877772659673,0.07542187908171005
3930159,ce486a86-2baa-430a-a244-e39bc10c71b4,Hungary,Ádám Nagy,1,456.308001422596,0.07378839359275711
3930159,29e44715-ca55-48b5-9c79-a9078789f7a9,Switzerland,Remo Freuler,1,200.22307007359555,0.352656371291882
3930159,d99f2438-30bf-4453-ba01-b63e12c7cbfd,Hungary,Roland Sallai,1,560.701732873723,0.1427477292995799
3930159,585b43c7-de94-4470-94f3-20c7d801d32f,Hungary,Attila Szalai,1,519.8050200683847,0.11434067077674279
3930159,cd3f4c27-c886-40ce-9d5a-8cdaae8c7037,Hungary,Dominik Szoboszlai,1,519.8192972642604,0.13900869599994226
3930159,b33ab379-622f-4298-b949-eebbfbf55491,Hungary,Ádám Nagy,1,450.8743330363649,0.13610682066774568
3930159,bf9a528c-26d7-4fb8-89d1-89bea739d5b9,Hungary,Attila Szalai,1,437.15520640648975,0.09240868707602888
3930159,14ff8418-d401-460f-89f3-baa69f0e036a,Hungary,Dominik Szoboszlai,1,491.7744403965466,0.11074360148772455
3930159,b10f55bb-2ed7-470b-b1d2-93058dc4bf91,Hungary,Ádám Nagy,1,388.56609646742663,0.10113305240634317
3930159,6d7649f4-7f1a-4237-b920-95d480c9c681,Hungary,Milos Kerkez,1,375.10024750537326,0.07836894723175451
3930159,1c66c8eb-bee6-4b8d-b4f1-960ea219f479,Hungary,Attila Szalai,1,368.0602305891476,0.09687291236956946
3930159,3ddbf179-e534-41a9-bddc-7716e01f2998,Switzerland,Ruben Vargas,2,485.59320743139534,0.11851353065818213
3930159,75c3e131-1f4a-4dda-b674-6eebdcf09759,Switzerland,Ricardo Iván Rodríguez Araya,2,694.2965742757382,0.09890598147558707
3930159,043247b3-806a-479e-ac5b-6ba6f0ac65f8,Switzerland,Fabian Lukas Schär,2,479.10969085064426,0.11204120228663866
3930159,2a3d22f6-408b-4559-a29e-194e010c3da3,Hungary,Péter Gulácsi,2,906.8497241825332,0.07242545525229746
3930159,f640c773-45f5-4ed0-af07-2b9bdd179a89,Hungary,Willi Orban,2,881.9470162537631,0.06590361475735113
3930159,82a38edb-8a16-4340-9b18-d4513c68e684,Hungary,András Schäfer,2,955.7789452068275,0.06743860283354854
3930159,1e2e5196-7790-448c-8162-7d6e92e68275,Hungary,Willi Orban,2,372.7553359068397,0.052610358261569984
3930159,4538588f-9c64-4f50-9ebd-96cee6f40f5a,Hungary,Attila Fiola,2,800.6151291709392,0.035732425472132234
3930159,e3b00c27-9dd0-44a0-a373-22aebc239476,Hungary,Barnabás Varga,2,844.1267763918665,0.04529072448038828
3930159,08c86ef5-efe2-4c73-94d6-afb40687ca85,Switzerland,Michel Aebischer,2,152.62301336534819,0.05148849513328804
3930159,b2900533-a78a-4a70-9a68-1d4b4f11e851,Switzerland,Yann Sommer,2,65.01157768530959,0.051013084240574456
3930159,aec4fc77-0e9c-480b-b2b4-2bd24ec58859,Switzerland,Manuel Obafemi Akanji,2,224.6927418008888,0.02948736899180712
3930159,b541e4fe-f3ef-4500-9f3f-3367baa15da2,Switzerland,Yann Sommer,2,70.79677242781013,0.023643887769318746
3930159,de77028f-4d86-4d8f-a181-ce444c3b4e36,Hungary,Milos Kerkez,2,904.6315671428296,0.0875313704788397
3930159,70aa4477-edd0-47b2-8850-c87b24fb4fa9,Switzerland,Granit Xhaka,2,487.7545761865697,0.0965503626570977
3930159,d2356e15-715a-4b35-bb76-047717a20891,Switzerland,Silvan Widmer,2,590.3357922963158,0.0828997230165412
3930159,39842ffe-e258-4377-9435-9a74f49f0719,Switzerland,Silvan Widmer,2,546.4606183000151,0.11601987752328402
3930159,35a2fa4c-f805-4881-ba66-527701d0b964,Switzerland,Ruben Vargas,2,570.12865094686,0.1330805418750462
3930159,45f685b6-8eb0-4c98-b042-8f52e34eb284,Switzerland,Dan Ndoye,2,729.3352940784087,0.23954508128381732
3930159,81ab4c65-c087-4b88-9919-47fd03145bfe,Hungary,Attila Szalai,2,235.832180497158,0.06372209612178414
3930159,086b6862-fe07-4c6a-898f-c92a382f1e35,Switzerland,Ruben Vargas,2,429.6070998197014,0.12433606134275231
3930159,5fb0671b-73b2-4780-b4eb-9eddcd9e5f23,Switzerland,Ricardo Iván Rodríguez Araya,2,491.6439027027471,0.12972182684567657
3930159,36bae88b-6eac-4932-90a8-002c93893836,Switzerland,Michel Aebischer,2,460.9738209131294,0.1407402578827903
3930159,e1083414-6494-47d7-9bb7-df8170fda59c,Switzerland,Ruben Vargas,2,503.9019086363086,0.168246293425019
3930159,83f7d10c-55fb-4286-b284-bd588792bf84,Switzerland,Ricardo Iván Rodríguez Araya,2,554.2693767317561,0.2137357880024822
3930159,43089362-582f-4faf-8815-323ca8813509,Switzerland,Granit Xhaka,2,602.7504051179252,0.2596428986866906
3930159,78465d5d-13f3-4ead-8d0e-1a11f1ba669b,Switzerland,Ruben Vargas,2,198.77796289710392,0.8479120442883499
3930159,abbafca5-a529-4232-a972-f7aad06ae36b,Hungary,Dominik Szoboszlai,2,351.1488041168034,0.06301832665046606
3930159,9509e489-a296-4228-88a0-d58dd78d9564,Hungary,Dominik Szoboszlai,2,194.1727588760253,0.07017043231659867
3930159,e469fc2a-c3a9-4d29-8d13-c35135871de6,Switzerland,Ricardo Iván Rodríguez Araya,2,231.87603293656983,0.057114423213057264
3930159,0fd8fae6-c3c5-426f-9735-de2434e0694a,Switzerland,Yann Sommer,2,468.3874428949728,0.05935009660521397
3930159,fb07815a-8b89-4cd1-b4f4-9d898f197dea,Switzerland,Granit Xhaka,2,416.7593726336986,0.05597152030803485
3930159,336621c9-7bd2-4125-8648-346aa4e75b80,Switzerland,Silvan Widmer,2,169.86591534102854,0.06257802844636669
3930159,9fdd97df-f5df-4ae4-9fa3-940e8283e09b,Hungary,András Schäfer,2,361.3786388911832,0.16430175896725183
3930159,aa94c741-31f4-40c1-86ed-2c6e115c8c81,Hungary,Milos Kerkez,2,442.5192063765309,0.2054442959516625
3930159,1e7191b5-a769-4869-8af8-cb3944b64fb5,Hungary,Milos Kerkez,2,512.3481314220204,0.21395175964781138
3930159,601940dd-f3f6-43fd-bdff-ed4bcb1f7ed6,Hungary,Ádám Nagy,2,379.14857757480956,0.19401145573054374
3930159,b05ad186-d3af-40a9-b23f-b105eb1989e8,Hungary,Willi Orban,2,345.13818057011576,0.19621510270425857
3930159,44db96f8-6f2b-488e-ae8a-5a2ef8ed08e5,Hungary,Ádám Nagy,2,667.761410168456,0.16979259732802393
3930159,9c373921-118c-4975-b9d2-5add169af830,Hungary,Roland Sallai,2,699.5094827715882,0.17377906506478863
3930159,1e41cffe-aef3-448b-aa63-6cce99b61883,Hungary,András Schäfer,2,703.4385258255251,0.1924275005793675
3930159,7da3faa5-4c6a-485f-b23f-213fc3f1333f,Hungary,András Schäfer,2,675.4305540392879,0.1828106467175442
3930159,a05d3b2d-f34c-4f76-a48e-d3bcb8df86af,Hungary,Dominik Szoboszlai,2,697.7699239720976,0.18108498400038248
3930159,079c66c7-46c2-445b-8351-5170e55b5244,Hungary,Dominik Szoboszlai,2,404.0700690069726,0.16161208695961607
3930159,bb71358b-9eaf-490b-9f49-7be61ff08c49,Hungary,Attila Fiola,2,527.4039809241306,0.09468910902768268
3930159,d41445c2-8d5a-4b0c-9458-3bf518fe572b,Hungary,Attila Szalai,2,505.26321152473605,0.07479433695690586
3930159,082943cb-aa43-45a7-9bfc-f666aa6afd4f,Hungary,András Schäfer,2,978.3018606188051,0.11811507395764509
3930159,33b923a8-5a60-4713-8e41-cbf5ea38e4e8,Hungary,Milos Kerkez,2,554.0802783938773,0.18612869312131175
3930159,0d521cf7-fa17-4423-b9e2-ab348b80d27f,Switzerland,Granit Xhaka,2,312.3713900773573,0.05383063594618419
3930159,6d3accc4-1cc6-4ebd-8907-795ae6aa36bc,Switzerland,Michel Aebischer,2,336.3557052799782,0.05650187387172605
3930159,50e8f2bb-fbce-4760-9069-cf09e25d5076,Switzerland,Granit Xhaka,2,333.36504599280795,0.05474695075682879
3930159,f79a7abf-5c2b-4cc6-ac9e-35835497bb35,Switzerland,Ricardo Iván Rodríguez Araya,2,694.9904050163208,0.07215405692414585
3930159,f72edee2-fbfa-4175-a61d-06312f03bd59,Hungary,Péter Gulácsi,2,193.89085887587902,0.047433583118265135
3930159,08f41ab5-d419-4527-a35a-e2b0660147b0,Hungary,Attila Fiola,2,354.6675155227708,0.05274528517204423
3930159,db9cd88d-2f08-4869-9e1a-261dcbf3069a,Hungary,András Schäfer,2,347.7220857139844,0.05167112012156885
3930159,bd00f0f4-a6df-47bb-aec8-a1f03b8a03ab,Hungary,Ádám Nagy,2,407.29427156708806,0.06908622048724124
3930159,9aa56812-d315-4f11-bbda-c8eca17c5b48,Hungary,Bendegúz Bolla,2,356.98837206475804,0.04991862657070344
3930159,fe506c73-b704-4cb7-bb59-8aa4c366e88d,Hungary,Attila Fiola,2,325.0695669924058,0.052395012336258845
3930159,d80343a8-0ff5-4323-9eef-42e984a2f5fd,Hungary,Willi Orban,2,184.45110302133762,0.05276394351822347
3930159,00010fcb-257b-4d21-b643-c030bf8752f9,Hungary,Attila Szalai,2,375.8901910576639,0.08623861316443782
3930159,effb879e-db68-4a03-80e6-321ee0351842,Switzerland,Fabian Lukas Schär,2,385.5742376697759,0.0610731651258596
3930159,cb73d540-173b-4526-beef-670734d21133,Switzerland,Manuel Obafemi Akanji,2,316.09221391203016,0.05187919341555297
3930159,70b9cdeb-a450-4374-822b-a444a3c22aac,Switzerland,Ricardo Iván Rodríguez Araya,2,205.45576053317495,0.04817193445433558
3930159,bbf498a8-d95a-4d2b-ac03-680ce646353f,Switzerland,Manuel Obafemi Akanji,2,328.579613395703,0.04873474446202909
3930159,0f27b89c-6e4a-478b-b9a0-6ccea2b9d30e,Switzerland,Ricardo Iván Rodríguez Araya,2,185.77038913301206,0.049343577750832326
3930159,f48797a4-1908-406f-8c85-a84f1f938704,Switzerland,Granit Xhaka,2,323.37394918483005,0.03521291592119928
3930159,a157eedd-53f6-498c-835b-187a752a6d91,Switzerland,Yann Sommer,2,391.715415502352,0.041393623920237155
3930159,0accec66-b9de-404c-8e91-be6e49d2bc81,Switzerland,Granit Xhaka,2,432.4589798908721,0.041584092828693874
3930159,90d89681-954a-49e4-8653-1d2830eb3c7a,Switzerland,Fabian Lukas Schär,2,257.0009256341323,0.04191771141274079
3930159,56d6635a-bfc0-4410-8796-5dc7ac17eb2b,Hungary,Attila Szalai,2,1125.300240775194,0.18475662163432163
3930159,07f64215-074e-4543-b81e-7f0818908ed7,Switzerland,Remo Freuler,2,505.5828618516622,0.06166518528494602
3930159,19c8a56e-f640-4d2b-a8d1-7ceefc25f170,Switzerland,Fabian Lukas Schär,2,244.68998560012068,0.053876362564454064
3930159,57a70629-25aa-4ae4-80cb-bcff1efcca2f,Hungary,Bendegúz Bolla,2,429.2670934708735,0.1062203375279992
3930159,6292b784-f243-41ef-985c-eda937f16cc2,Switzerland,Remo Freuler,2,562.4505812692579,0.07834222581098045
3930159,89c5f73a-06f0-4859-b875-327355e19fa2,Switzerland,Dan Ndoye,2,474.1003534648458,0.09920877006402111
3930159,44cfaf3e-f868-4492-9969-7ffcc7086146,Switzerland,Silvan Widmer,2,632.4042767957776,0.12554053217791158
3930159,e5ce0bb4-189e-40d8-b006-9478ae384be9,Switzerland,Granit Xhaka,2,821.5767528404193,0.16804068986400633
3930159,fb410583-7306-4bab-8427-61a4573f06ca,Switzerland,Ricardo Iván Rodríguez Araya,2,613.6068459644051,0.2275174966867528
3930159,e2ccdc53-5f74-45c5-8e76-c57db408b4dd,Switzerland,Michel Aebischer,2,495.01479131918006,0.2806299285072131
3930159,c2541999-6d0f-4ed2-a692-2fb4112f1270,Switzerland,Ricardo Iván Rodríguez Araya,2,464.7622019171162,0.31450698593366083
3930159,3f5f2604-3a57-441a-aa3f-34faf330073d,Switzerland,Michel Aebischer,2,468.1425606478688,0.339594763596682
3930159,03a034d9-98d2-4a80-b298-86c8d55570a4,Switzerland,Granit Xhaka,2,493.77767365034856,0.3050387276177963
3930159,bea44736-dd70-4d6a-9336-2e282c6b7875,Switzerland,Michel Aebischer,2,543.5917271026285,0.27707964709795
3930159,be2c0232-0299-41d9-b12a-49dae0a2cd6f,Switzerland,Granit Xhaka,2,495.6668718963799,0.16692103591378005
3930159,ffc39424-1960-4f5d-abe3-8999812a98f0,Switzerland,Manuel Obafemi Akanji,2,535.6959051827961,0.144957898846509
3930159,ff99bee0-47d6-4c48-af5a-868f8941dd28,Switzerland,Fabian Lukas Schär,2,509.7884499301084,0.09594751965202061
3930159,9c9cafe4-4dc3-4383-92b1-bd2fa2147b2f,Switzerland,Ruben Vargas,2,520.2250469233139,0.11711757618496343
3930159,96b17758-952c-48e4-8933-cc908dc8204b,Switzerland,Fabian Lukas Schär,2,509.3692576906211,0.13915076585242575
3930159,01e9ad26-ab2c-4832-8fb7-94050dd6e7c9,Hungary,Ádám Nagy,2,601.5147600115771,0.10079729803518399
3930159,36f64552-37f1-436b-9abc-6ee5e868f08f,Hungary,Barnabás Varga,2,524.3916689059001,0.09527861186870953
3930159,40c1a283-b803-4518-a415-dfdbcc0893d4,Hungary,Barnabás Varga,2,390.001519885002,0.10762161518038187
3930159,01385dc0-d793-4915-a45f-9e0bcadf0a64,Switzerland,Silvan Widmer,2,501.41864478504954,0.0727957434028425
3930159,35d9845d-fb24-43cf-9e3d-ba1a39353c71,Switzerland,Granit Xhaka,2,511.82408230206175,0.09171151092753421
3930159,42547fad-7dc8-4ae6-a9ae-8ae66c8524ce,Switzerland,Michel Aebischer,2,460.1953330428495,0.14347038882278954
3930159,690342d1-87e5-4213-bba1-eccbda0d1d3b,Switzerland,Ricardo Iván Rodríguez Araya,2,435.3871553736621,0.24573681474137113
3930159,9be81c5a-b78e-4949-a950-d218ff8af6d6,Switzerland,Granit Xhaka,2,340.54378364216444,0.25534532748696476
3930159,4792023b-7170-47e5-8f8f-8dfb396ef50b,Switzerland,Michel Aebischer,2,388.6171929560434,0.24750583163878698
3930159,198b3e83-e724-4410-aebe-7743b9362139,Hungary,Péter Gulácsi,2,166.81859245153504,0.04916536145796309
3930159,f419398c-4056-464b-a2c9-dcb503ce8784,Hungary,Milos Kerkez,2,240.8620424100303,0.04726444985263235
3930159,feb9f8ba-4e74-46c1-9e77-e596d83912b9,Hungary,András Schäfer,2,262.30905144203695,0.05366099047951667
3930159,7c4509d1-600d-4bbd-ba84-9efd0feb2115,Hungary,Attila Szalai,2,184.6607479315798,0.05037320025141667
3930159,ad64be64-ffab-4ea7-a57c-410a54432250,Hungary,Ádám Nagy,2,682.2381489595015,0.055867055149233416
3930159,a186d35d-6b5f-48f7-9150-9f813810e721,Hungary,Attila Fiola,2,581.170422724622,0.043507967348776606
3930159,ede678dc-a24a-4f12-bc5e-ddff7b037012,Hungary,Ádám Nagy,2,447.74565003994934,0.06755397523423128
3930159,115dc9bf-7415-4b92-84d1-ec8f4d64b135,Hungary,András Schäfer,2,392.2023167582366,0.08590691879931693
3930159,14c4df56-8ce2-4fe8-a358-e9f6e9232572,Hungary,Roland Sallai,2,1007.2408001577542,0.14893219326399007
3930159,74530240-939c-4c8a-9661-7cea01dc6385,Hungary,András Schäfer,2,497.5778689334601,0.13596690164929082
3930159,2eadb24c-7b71-4a8f-835f-e46c007a9dc0,Hungary,Attila Szalai,2,517.5643657789003,0.10251248641723386
3930159,5db58118-44d7-446f-b4a0-bbc0e267f675,Hungary,Willi Orban,2,628.0424100723494,0.0840649738758059
3930159,139da171-d074-40be-bdd0-3050739ba55d,Hungary,Attila Fiola,2,522.5961158057188,0.0769621992731234
3930159,773eee43-9813-4964-b88e-09a75ba178b2,Hungary,Bendegúz Bolla,2,415.75433400442455,0.05891892493731006
3930159,4d13b1df-720e-40a5-9d52-bf907e4b26fa,Hungary,Willi Orban,2,250.20813004963094,0.04851190511812561
3930159,a833c402-94d5-47ec-a1b7-446b99cca5e8,Hungary,Attila Fiola,2,297.22557045234703,0.031504987800129426
3930159,fc5facba-b009-4fe4-8a25-e56725c35214,Hungary,Bendegúz Bolla,2,634.7656192713978,0.03850750600592631
3930159,5930d769-8148-4605-88b4-f9538079da4b,Hungary,Ádám Nagy,2,564.8501442186404,0.04624012125380787
3930159,26cca3b8-b02e-408d-8785-957195fefb20,Hungary,Péter Gulácsi,2,73.82057121659652,0.05659061827083934
3930159,c7bf3c6d-51bc-45f0-b129-68059982fb07,Hungary,Attila Szalai,2,135.16071780664973,0.06876034150416549
3930159,301b855c-a816-4c78-b9c6-50ee62f6d0e0,Hungary,Dominik Szoboszlai,2,1127.8427051585409,0.09747168665824514
3930159,ad71535e-e087-45d9-86bf-9a8cceb35d7a,Hungary,András Schäfer,2,635.0832125116926,0.14907691110048624
3930159,c0026a69-d391-423e-851b-31229698d7c5,Hungary,Attila Szalai,2,522.3663276140029,0.11911659600961609
3930159,dc1bf2af-0c8f-4138-98eb-4319c0de9600,Hungary,Ádám Nagy,2,481.0192231785836,0.1388252092451317
3930159,926f4a01-e3a8-4ae3-95d5-58f5f69521ba,Hungary,Milos Kerkez,2,453.6653548562954,0.14807719166491667
3930159,21e7045e-8be7-4b0d-8beb-502e9fb0ac6d,Hungary,Dominik Szoboszlai,2,145.21818892763685,0.7365375327562577
3930159,6dfb5b46-ebcb-450b-9a4a-d1e1dd19a530,Hungary,Dominik Szoboszlai,2,202.31738965192474,1.1600429505793084
3930159,ad039910-9ac6-4329-b35b-d57787a2e3ee,Hungary,Milos Kerkez,2,198.30197351719013,0.8335201964605701
3930159,965126c3-e1d2-434e-ba46-608ecb0878b1,Hungary,Roland Sallai,2,311.553518107445,0.719172278215783
3930159,48b55209-ddad-4a8f-a5e4-1e4fda649e35,Hungary,Ádám Nagy,2,467.73676501670684,0.37478059741553277
3930159,6a890a50-9ac5-4d08-b1e8-221c6edac2b5,Switzerland,Silvan Widmer,2,562.7750111591067,0.05620047352110224
3930159,31f6ab38-65fd-474e-bef6-035ed962f732,Switzerland,Kwadwo Duah,2,601.0760325560818,0.0725719346911986
3930159,03418041-bb03-42d0-9663-3104e5323a22,Switzerland,Dan Ndoye,2,498.18228791851476,0.08181085575454933
3930159,58f4cf2e-66fd-42e1-ba24-35414b53608a,Hungary,Willi Orban,2,604.294938552109,0.0814248473795209
3930159,2ff036be-b89c-4473-982e-5bda31311b08,Hungary,Attila Fiola,2,525.3317676050403,0.0681820607507523
3930159,cfe70988-4592-4b28-a59f-05960e461f28,Hungary,Willi Orban,2,660.4182720374323,0.070414292816703
3930159,119d147b-0bc9-440f-98e1-15929e13cec7,Hungary,Attila Fiola,2,485.3905232448027,0.08365521739758032
3930159,cfa0e339-009f-48a8-8658-5cad5c858da2,Hungary,András Schäfer,2,394.31695671719933,0.04733868181693647
3930159,9588afdd-50b2-41c3-9603-afe1d0884656,Hungary,Barnabás Varga,2,735.2275087412256,0.05814447925056082
3930159,ebab2eca-86f3-4c44-bf77-923dad74dc5a,Hungary,Bendegúz Bolla,2,341.39000200279554,0.07251729746541881
3930159,d39f1e1f-111c-45b9-bf88-02b94a9f86ce,Hungary,Ádám Nagy,2,293.31529883034773,0.07040768178109355
3930159,a763028e-99a8-4810-b043-93fbb1567bc8,Hungary,Attila Fiola,2,408.83186125051,0.04656452474092307
3930159,a061b00d-03e3-4fdd-a996-c3d8a9aa574c,Switzerland,Manuel Obafemi Akanji,2,383.08330137165467,0.10683804973832942
3930159,642028e9-a2e5-4285-bd74-283a57758d17,Hungary,Attila Szalai,2,589.0545731393076,0.1044443425298326
3930159,08c9aacd-1f56-4547-b5be-3674fc47195a,Hungary,Milos Kerkez,2,620.7277439821935,0.08579631298694095
3930159,240948f0-a756-43e8-9892-db9f1719ce11,Hungary,Milos Kerkez,2,548.703569940127,0.11046412510496524
3930159,6acc7208-d6a5-4560-a61a-2d2ff2274ed7,Hungary,Dominik Szoboszlai,2,753.894930875196,0.0876217964159866
3930159,e39bb282-533c-492b-a590-b8fb235e9d4a,Hungary,András Schäfer,2,761.3861063754576,0.09064675445394485
3930159,f86e5e05-bdce-44bd-b79d-98122511c9ad,Hungary,Dominik Szoboszlai,2,288.3187183012994,0.25377781533279414
3930159,91ef3ab3-5170-4b6e-9b59-98cf97d5c69e,Switzerland,Yann Sommer,2,386.6978294507374,0.10975385620469368
3930159,9572670c-caff-4141-ad56-36d0b1e1d92f,Hungary,Willi Orban,2,474.62723217166314,0.08923565819941041
3930159,22b5834b-0d86-4fbb-a805-7842857bd463,Switzerland,Manuel Obafemi Akanji,2,449.2546647871302,0.07933142388531367
3930159,07421214-6a4d-4132-8bf0-9a80712822a3,Switzerland,Granit Xhaka,2,402.9018428455731,0.055417578973691116
3930159,98ab5607-ce85-4b15-958e-1151c721ed3e,Switzerland,Remo Freuler,2,392.37217427542527,0.06042230004775502
3930159,9a86ab0b-d91c-438b-b80e-f70e418744b8,Switzerland,Granit Xhaka,2,697.9666468746145,0.038745767359451004
3930159,9cc72ddd-2b78-41fe-b245-8f7bfaf4b5cd,Switzerland,Michel Aebischer,2,469.7285018499308,0.037799021083898654
3930159,98ee11e4-d423-4129-8efe-e3473e4ffeda,Switzerland,Ricardo Iván Rodríguez Araya,2,234.52989970118313,0.05536153367569663
3930159,f41bcac7-0bf2-4ef3-97cb-31e19d843cc8,Switzerland,Michel Aebischer,2,221.25913110390016,0.05959886853517333
3930159,9f8996b9-17f5-47af-b267-65915a542ec8,Switzerland,Kwadwo Duah,2,789.6227563925272,0.06727201114814672
3930159,7d883fde-be3c-44ec-93ba-d57e3c6a3b66,Hungary,Attila Fiola,2,211.6706366460109,0.03352370737023085
3930159,49dabfc3-3fdc-4a9c-8c9d-497a910eb12a,Hungary,Attila Fiola,2,14.962518585647523,0.03925343636014792
3930159,70c3b8a0-0242-4218-b8be-71bd4c0f1949,Hungary,Ádám Nagy,2,228.77171520637265,0.044073424203025395
3930159,8394c39a-2435-4386-81ed-72421f95e455,Hungary,András Schäfer,2,230.67180118441053,0.04947254535053795
3930159,0206fe09-a35b-472e-bd66-144b460c38b5,Hungary,Attila Fiola,2,203.81214414074134,0.036606186907289485
3930159,4fb37691-1073-4e20-9a30-fbd77eb34a9b,Hungary,Willi Orban,2,178.68675299437237,0.05084592634885238
3930159,86382000-2ce2-4c60-9cfd-b1ad829e74da,Hungary,Attila Szalai,2,345.57154427584544,0.05570973485811265
3930159,90825d6c-be67-4784-95d2-e3f7bcd4eabb,Hungary,Roland Sallai,2,394.41148178692595,0.06838890196521985
3930159,79fbe16f-9586-400d-b9ae-b55cb3dbb3b5,Hungary,Attila Szalai,2,467.32143841039607,0.05646369879213539
3930159,1fdb8bce-9323-4ff2-8e6f-24ed674b54bd,Hungary,Péter Gulácsi,2,310.6034748779282,0.041069953882971084
3930159,b1c0994c-efa1-43da-86fa-b1a886f487c9,Hungary,Willi Orban,2,477.8555841183702,0.10646085778371443
3930159,7f8b7225-68f0-4e3a-8099-e9f579ad1563,Switzerland,Manuel Obafemi Akanji,2,754.4937416137918,0.08812221309661437
3930159,ec77f3a2-3f06-4bd7-afdc-40aa62df20b5,Hungary,Attila Fiola,2,645.3950284941736,0.054694254474666124
3930159,f3b89aa5-a140-4694-9410-0cfb8ce75d04,Hungary,Dominik Szoboszlai,2,392.23153044243634,0.2557567210790733
3930159,1147ee7d-1354-4efd-af97-3e9d36e6ac1e,Hungary,Roland Sallai,2,343.5330672634347,0.2462774444233865
3930159,6848fc80-b95a-4bb7-ab73-c881e9906d28,Switzerland,Manuel Obafemi Akanji,2,606.6515296690611,0.04689080241693425
3930159,cdbf3ac0-2a72-4395-ac24-788afb0b831d,Switzerland,Michel Aebischer,2,875.9523095485035,0.046607242850551955
3930159,0c2ec245-75c1-4af2-a619-cc49005774aa,Switzerland,Ruben Vargas,2,768.5237080934078,0.05101198891784704
3930159,c3d74d8a-9fdd-411c-adb5-a44968a904d6,Switzerland,Granit Xhaka,2,660.4659743941056,0.04676402796496841
3930159,bae1d299-239c-486b-8eb9-c01f0fc6d32e,Switzerland,Michel Aebischer,2,693.836825069071,0.08605538930376079
3930159,36a5cc6f-71fa-4eac-981a-8cb346103af5,Hungary,Ádám Nagy,2,563.2172375378583,0.12444776040132319
3930159,adf30afd-8e8d-4dfb-ba01-d41c92a89500,Hungary,András Schäfer,2,541.1554601588518,0.12146892914558918
3930159,ad81e98b-8a07-42fd-9cce-eff9a203e6c9,Hungary,Ádám Nagy,2,536.7203459923222,0.11289822459414162
3930159,97c2e7d4-94cb-444e-9ef9-4c5572796852,Switzerland,Remo Freuler,2,452.4368634325088,0.07362048264019914
3930159,524cc316-605e-4592-a147-5e1976442d9d,Hungary,Dominik Szoboszlai,2,683.8627744809696,0.12024820700340062
3930159,2c68f058-c8b1-4536-bb8e-50be0592c6db,Hungary,Milos Kerkez,2,579.5517095733014,0.12005327927523657
3930159,64fca07a-5b80-473b-b3d8-82dd0f1e2ec7,Hungary,Dominik Szoboszlai,2,606.8899454376462,0.16825632601401913
3930159,972f5558-b6ec-4e5f-bb3b-0c0bf329c294,Hungary,Attila Szalai,2,357.9403823617172,0.07924101686859557
3930159,0f037c0f-33a3-435f-a715-9fb782673b65,Hungary,Willi Orban,2,462.59628548775953,0.054950102341014065
3930159,2a91a95e-ac54-4733-9dfc-35fc64eda2e8,Hungary,Attila Fiola,2,449.24721113078436,0.0609229387086824
3930159,4ae6fb02-ea03-4a40-8c26-d8f23fde310b,Hungary,Bendegúz Bolla,2,298.49327525543066,0.05739948800555754
3930159,3b25a8d5-9c63-4eab-90d9-b687aed80f8f,Hungary,Péter Gulácsi,2,279.8412693887549,0.04838550876230851
3930159,5105202d-5ee2-487a-9667-179987e89431,Hungary,Attila Fiola,2,395.972041077169,0.051645622035104255
3930159,e5212cfb-1431-4770-b5a6-10993cd6fe18,Hungary,Barnabás Varga,2,1016.0418193282238,0.03882286059561242
3930159,6dc7b4fc-e45a-4f3b-b0b7-037efb67234c,Hungary,Bendegúz Bolla,2,330.43214480422245,0.10076020609847196
3930159,bed49861-eeaf-47ed-bb60-d81f0950d56e,Hungary,Roland Sallai,2,238.6790292850384,0.2357418284625576
3930159,48bdb536-d9ea-4146-82be-51e7cc5d48bb,Hungary,Dominik Szoboszlai,2,171.034960323037,0.35766395074220275
3930159,ec4aeddb-d5d8-4fcd-a81d-4ebbfc45513e,Switzerland,Ricardo Iván Rodríguez Araya,2,607.2597813967906,0.08793885853687262
3930159,f11655e9-f9f9-4ed1-8011-401ced0acab2,Switzerland,Yann Sommer,2,265.1979534286785,0.04866430543707914
3930159,a51eabbf-78eb-4fa7-add6-9560b1cd83e2,Hungary,Dominik Szoboszlai,2,477.84666710891105,0.14691132962332398
3930159,807fb6cf-584b-48e7-96ff-d793b28890ca,Hungary,Willi Orban,2,492.55203061080255,0.27346279394261697
3930159,0b4dc137-8ce7-4b33-8f88-6ef6f1864e0d,Switzerland,Dan Ndoye,2,473.29424969882507,0.07049796434175652
3930159,360e58fa-07cf-479f-ac85-90416ed2527f,Hungary,András Schäfer,2,74.37496645403303,0.07605994041417248
3930159,ba133e10-ce4c-444a-a371-c5ffe2694f1f,Hungary,Péter Gulácsi,2,393.05433714987055,0.07522178102664669
3930159,95c0d262-82f8-4d63-9acf-c85532848ddf,Hungary,András Schäfer,2,510.84799298406426,0.08419488975812547
3930159,b670db74-4bdb-4264-b410-5d3627df185a,Hungary,Willi Orban,2,450.7480429585604,0.07344799383233777
3930159,1cb1d95b-7f33-4a69-8c35-1199ab52b471,Hungary,András Schäfer,2,539.4908070006675,0.11601788128229974
3930159,94b45a02-f98b-4e66-827f-38a4ee97f91f,Hungary,Milos Kerkez,2,572.7946938008577,0.11026934621304806
3930159,6bf383da-f1b7-4e03-b8d2-a025f0bb23df,Hungary,Dominik Szoboszlai,2,558.6829038854929,0.11488260380747663
3930159,39b6bf33-1ca6-49f3-a623-397b6d6a97ae,Switzerland,Ruben Vargas,2,291.18240029468024,0.327260036207298
3930159,5e8fa62a-72b5-478c-a597-75208fed8244,Switzerland,Michel Aebischer,2,422.9869282435033,0.3016630280138267
3930159,53e5c1c2-dbbf-4411-aedc-afcc0ffcbb04,Switzerland,Dan Ndoye,2,290.91864719253954,0.13099460945701472
3930159,4f7af8a3-db2a-4b14-91d4-f93a928e3143,Switzerland,Ricardo Iván Rodríguez Araya,2,521.0565652277226,0.14294075790631322
3930159,1e7cef6d-67c0-4e78-a5ad-36e7aa443e68,Switzerland,Fabian Lukas Schär,2,673.5586970021143,0.1461895631566552
3930159,de5051d3-6979-4ac7-b2de-f521bf752274,Hungary,Attila Szalai,2,683.473640865702,0.07146201644283617
3930159,2fb0db7a-4a4d-4cbb-85ec-239655513c0a,Hungary,László Kleinheisler,2,332.2164612689602,0.06279265376633703
3930159,381db63c-54e2-43e1-ac77-2ccdc0ed7ae1,Hungary,Bendegúz Bolla,2,648.0051778085636,0.04454149358408318
3930159,dd4f8ef0-f0a2-480e-b820-1e098d9c339e,Switzerland,Michel Aebischer,2,494.74750893018233,0.13155174876027986
3930159,76a9d533-a091-441d-82a3-73bcd1632ddd,Hungary,Attila Fiola,2,380.15766233447795,0.04996555892456521
3930159,6336cbd3-234a-4d74-961d-8530344d1323,Hungary,Barnabás Varga,2,426.18981528559544,0.03584191838015502
3930159,994116ab-785a-45eb-9c90-d1319beddac0,Switzerland,Leonidas Stergiou,2,286.01198905722595,0.10497786030276167
3930159,56db71c0-d275-4403-b988-fbafd7c2a0c5,Hungary,László Kleinheisler,2,384.0227366860812,0.07565240467173348
3930159,6ef42f22-c48c-4267-9362-b0bdb19363e5,Switzerland,Granit Xhaka,2,428.75093073843885,0.10379590283625842
3930159,e5c0796a-f7f7-4e92-b0fa-c8be2cacc2d9,Switzerland,Ruben Vargas,2,316.6569633593475,0.912762426341538
3930159,744b6c77-f6ce-420d-ac8b-3b3f6b9d6641,Hungary,András Schäfer,2,546.0005233131108,0.11637131417420743
3930159,bf96aa9c-4e7f-49bf-941a-a80e73291f33,Hungary,Attila Szalai,2,739.7558899413061,0.09424056511324949
3930159,bd6e8a58-36e9-4202-86f1-20416a26695f,Hungary,Milos Kerkez,2,383.18863330860296,0.18603847567829263
3930159,95cc7ed8-4a6d-45e4-8172-5db57ab34211,Switzerland,Michel Aebischer,2,371.89732333095776,0.05069218185251202
3930159,9bd2e474-b81f-4da1-a1d4-92db0942da52,Switzerland,Ruben Vargas,2,805.2451474317227,0.04323538382491551
3930159,2b3b8f38-41f3-40d2-bf05-16b1f640536f,Hungary,Willi Orban,2,419.4214831727345,0.051998166130684025
3930159,dd09e46e-0f4a-40d2-bde0-007a3e9a33c5,Hungary,Péter Gulácsi,2,90.5032696353114,0.037680771830778115
3930159,d1c65d16-3386-4c60-a315-ac6d5875822a,Hungary,Attila Fiola,2,412.5197359797431,0.061846841338884226
3930159,f039e6cb-6f11-4e8f-9e32-4c4ef52ae504,Hungary,László Kleinheisler,2,400.88594802965423,0.05896970493024685
3930159,5628e3db-9a1b-4f64-8c21-e687f2c1ac41,Hungary,Attila Fiola,2,466.3561450019629,0.05067567469412437
3930159,ea457475-f318-442f-80cd-f1f2f3d98fe7,Switzerland,Michel Aebischer,2,242.04919378493548,0.10252582231566107
3930159,5f36352c-220d-447e-9ba4-142256a7876b,Hungary,László Kleinheisler,2,525.0245274723326,0.07105481933247464
3930159,046d1b1e-5c41-467a-a42f-be56b0583aca,Hungary,Bendegúz Bolla,2,590.7833409339273,0.08297978223363736
3930159,4cf6af71-bad1-48c7-b149-5abac662b8a3,Switzerland,Granit Xhaka,2,407.71716247554673,0.11081328554964677
3930159,6b296d01-a856-4d20-aefc-ddf606c36046,Switzerland,Michel Aebischer,2,343.2067014447904,0.08540057522083634
3930159,db179d8f-6771-4361-868e-8c43e4a0d85e,Switzerland,Granit Xhaka,2,461.6471551114796,0.08327622107419191
3930159,b4d8e5d0-73c9-4382-b8ac-063add7b160b,Switzerland,Fabian Lukas Schär,2,43.373468263796795,0.07865973903869576
3930159,9d92c75c-7e4e-4b23-8d1e-e0673e0ddd72,Switzerland,Yann Sommer,2,295.15348305002385,0.05254186764302922
3930159,356af71e-2343-4823-9857-15316cb0ccab,Switzerland,Ricardo Iván Rodríguez Araya,2,754.1599247264598,0.05223864355749548
3930159,ae4aa84a-1ff1-4466-88a5-8347cc126e2a,Switzerland,Breel-Donald Embolo,2,807.2299145575093,0.06712098980555695
3930159,468ada7a-4de5-4858-b572-fcdd4be9b231,Hungary,Willi Orban,2,439.4737750686951,0.07739225552088295
3930159,6e63e5eb-dcf8-458d-951b-e41211520745,Hungary,László Kleinheisler,2,389.05191673999707,0.06148076988447097
3930159,f585f462-553f-445e-9bac-45952f95fd1a,Hungary,Attila Fiola,2,43.68733119044063,0.03807230039064727
3930159,bd3c7668-4946-45eb-9bc9-5c29c2dd6378,Hungary,Péter Gulácsi,2,205.80179301375188,0.03714270865634751
3930159,fbdfc31e-a081-46cb-875a-3fd1e41eaea7,Hungary,Attila Fiola,2,258.0837625596666,0.036168046800964075
3930159,a3c213fa-ee47-4e4e-998f-721761461c47,Switzerland,Ricardo Iván Rodríguez Araya,2,784.53936949566,0.0758928536797049
3930159,85584f11-8277-4bc5-87d4-0ec159bfd273,Switzerland,Remo Freuler,2,430.4711006331738,0.10122828754968882
3930159,fb15dab1-99c5-485d-9736-2ae988f0a39a,Switzerland,Granit Xhaka,2,341.8267991033589,0.13661614799248
3930159,9563faa8-dcc1-4ccd-8c1d-09ccfdb78b12,Switzerland,Remo Freuler,2,451.4987581612839,0.1328432186577821
3930159,99545b35-df80-4b27-9480-36cfbf88a935,Switzerland,Michel Aebischer,2,290.8323643918638,0.060726034150429
3930159,d1eef000-7ebc-49fe-b3b7-7c488e4628a5,Switzerland,Remo Freuler,2,314.2845759861574,0.06025543614789973
3930159,28e119a7-2989-4046-b915-af763b4ef50e,Switzerland,Ricardo Iván Rodríguez Araya,2,369.1753241836427,0.053882462334445734
3930159,f86f1870-2d08-43f7-b3db-682364696f9d,Hungary,Willi Orban,2,93.163189874328,0.026827254533830305
3930159,375611cd-97d7-4f80-bc9b-020c1214cc24,Hungary,Péter Gulácsi,2,95.9076249753721,0.02517095545915254
3930159,a8318a35-7070-4a6d-87e0-8ffc2842ac08,Switzerland,Granit Xhaka,2,722.1007976339954,0.09433843236751253
3930159,4f22e965-bc3b-4113-83d2-71ae9170aac1,Switzerland,Dan Ndoye,2,297.33927414900245,0.1558324953755331
3930159,6ea9471d-091b-4817-8bde-f7ce07a57c69,Switzerland,Granit Xhaka,2,408.2224895536413,0.1463785782902845
3930159,2ddeb656-04f9-4eb5-93a6-c3e87052a19e,Switzerland,Breel-Donald Embolo,2,372.1805314683203,0.19868259594753376
3930159,168c1986-e866-423e-af7d-c6b56f01705c,Switzerland,Dan Ndoye,2,220.0450647110154,0.25327971294627877
3930159,308d2147-7973-4beb-a542-ca00b7d18b02,Switzerland,Michel Aebischer,2,653.6086866785676,0.09391164623176981
3930159,e093c7f3-90c9-40d6-816d-36993c426c99,Switzerland,Mohamed Zeki Amdouni,2,592.6611091569789,0.15508953686984867
3930159,5a19e70d-36ed-4f76-a64d-65bfed099485,Switzerland,Remo Freuler,2,699.5288140785856,0.1375189275450986
3930159,7bc4e79c-c917-45d1-8ded-3eb2b1dfc328,Hungary,Willi Orban,2,260.47120501681246,0.04511796149846681
3930159,f20c8464-9415-44cc-9a61-cb89725d400f,Hungary,László Kleinheisler,2,429.50882601198083,0.06277364993893528
3930159,a8e057de-b1e5-426e-809f-b1f6faa13631,Hungary,Bendegúz Bolla,2,647.1528008856326,0.0654699483141703
3930159,b8a00f41-ff85-43eb-addb-2a9d22523efa,Hungary,András Schäfer,2,599.9099979908078,0.07260218984475955
3930159,39a87b9f-dfa9-4304-b552-841196c9c6c8,Hungary,László Kleinheisler,2,663.541485888033,0.07133306805214318
3930159,7a839238-4b71-42d9-9ddd-b5c22a39ad29,Hungary,Bendegúz Bolla,2,630.7288533147884,0.07406614208866896
3930159,763f5392-5929-4e36-aa4a-7f500f9ea83f,Hungary,Attila Fiola,2,177.01054774320704,0.043641938283337754
3930159,946ebcd8-1b88-44be-9d39-94ddce0afaa7,Hungary,Péter Gulácsi,2,213.50404955704838,0.04973224233588745
3930159,baf06686-2dea-45a0-8583-dd1e9ee98e32,Hungary,Attila Szalai,2,501.6427138648967,0.08250331980374441
3930159,9726170b-3535-4639-8a51-df0c0767f4be,Switzerland,Yann Sommer,2,97.9649029268026,0.03730852167795944
3930159,b77d1c05-be75-447a-8bb6-d0d917127752,Switzerland,Granit Xhaka,2,580.5411435048949,0.08029035558957705
3930159,097f8859-4770-44fe-bd6b-c8e52b3b05a9,Switzerland,Remo Freuler,2,458.98911702927427,0.09347317017940186
3930159,48afeb03-3721-471d-8491-c489f5a2f2bf,Switzerland,Granit Xhaka,2,362.45588970450297,0.1008684999949945
3930159,74e4fdd6-f801-416f-afa6-447c9ab8cbd7,Hungary,László Kleinheisler,2,527.7847255155192,0.10957063594144173
3930159,180d69f2-772a-4921-a6db-fa587ef862d4,Hungary,Milos Kerkez,2,534.3436882534847,0.23361618352775276
3930159,18e4ba5d-45bb-41fb-93fc-098dad56cd1d,Hungary,Attila Fiola,2,410.29966502934093,0.21350872263350462
3930159,fb614202-5d15-4438-af75-09de9120cab7,Hungary,Bendegúz Bolla,2,285.60019416629433,0.2919453022487765
3930159,2f3cf44f-7aa0-40f7-95a7-0c92f93df319,Hungary,László Kleinheisler,2,330.95102303593984,0.33586215465962693
3930159,a14cc9ee-7b9b-4473-9913-fc49c113262a,Hungary,András Schäfer,2,243.89383403696567,0.47586260316571616
3930159,204c7622-bff4-4035-bc74-82adb63ccb63,Switzerland,Yann Sommer,2,430.53712116080965,0.10306456257502268
3930159,5255ace8-61ef-4139-9d6c-f5670aa4289a,Hungary,Attila Szalai,2,437.19331256531825,0.0839195167070859
3930159,1595e80b-4e03-403b-8302-d4ef11da8564,Hungary,Dominik Szoboszlai,2,515.0558084089469,0.09604381935307521
3930159,3d0de5d1-fce6-4eb2-ad49-e29c33bc4183,Hungary,Attila Szalai,2,538.2283717008512,0.09500800804431267
3930159,265ccd88-3f15-4f09-a8da-719fe55678eb,Hungary,Dominik Szoboszlai,2,596.8530193508045,0.08222410593736873
3930159,4abbab85-c8f9-4e2d-8e34-72198b8b7daa,Hungary,Willi Orban,2,636.0364337950923,0.06740166593116086
3930159,eb607814-4a07-4e67-a55e-d30df533e19a,Hungary,Bendegúz Bolla,2,442.58235943155967,0.20493249856121332
3930159,851eb0bb-34e3-4855-841a-dab7c8363c51,Hungary,András Schäfer,2,429.7673167610072,0.28174694493044267
3930159,23c17a23-478a-4afa-ad0e-e16210dac90a,Hungary,Attila Fiola,2,229.1818106970327,0.27845276485221415
3930159,09cec338-5345-42cc-a084-de9c80626544,Switzerland,Breel-Donald Embolo,2,623.5763392327812,0.05914396811217752
3930159,d4ac6132-7185-4e5f-a3c3-d6efb6a67267,Switzerland,Granit Xhaka,2,412.66028166421717,0.06679456782203155
3930159,ed809030-e204-4e6c-b746-861346904262,Hungary,Attila Szalai,2,492.1092513008698,0.09325811782058571
3930159,baf087a4-d4a8-4088-b859-549da987afde,Hungary,Attila Fiola,2,388.95242790779537,0.08255745661237972
3930159,3ddb05a8-da52-428a-8d19-7152d179ecb8,Hungary,András Schäfer,2,350.8758595924705,0.11622427868218216
3930159,15b7df0f-c3b9-4d9a-86ab-cbe1ad0babec,Hungary,Attila Fiola,2,415.54594743165495,0.08719943696359624
3930159,376ec670-7d6c-45ef-83fa-9a8ec866620d,Hungary,Bendegúz Bolla,2,463.0070785385028,0.0978681065809682
3930159,2134ec25-9a39-4b71-8c6e-2d7d3d51bd55,Hungary,Attila Fiola,2,336.8586478638565,0.06404211851078463
3930159,893e7339-67a6-411d-9842-ae5335fb2f7c,Hungary,Willi Orban,2,174.6484797488258,0.0311294067934116
3930159,5b023a2a-e3df-490a-87a3-49cb417b321a,Hungary,Péter Gulácsi,2,347.72664282509396,0.034451542879567795
3930159,44af35b2-4174-49ce-8150-583f86b1d1aa,Hungary,András Schäfer,2,461.8688514975422,0.039922686050414616
3930159,7ff4419d-5c27-42b3-94c2-8b021365e0e4,Hungary,Willi Orban,2,629.9167131037154,0.02762489384443345
3930159,297ef116-d59e-4e6e-874e-304a1dd1c2d1,Hungary,Péter Gulácsi,2,430.54821838791815,0.03081935774068225
3930159,0e75c96c-01ec-45f2-8b42-aebe546fcdea,Hungary,Márton Dárdai,2,498.0007560235745,0.03577240623773185
3930159,1fdd8cb9-61fc-4141-814d-966bdc14a0ea,Hungary,Péter Gulácsi,2,481.56044674254616,0.03151538678648773
3930159,e4f9a91d-a07d-42a0-a17a-c9e496cf8314,Switzerland,Fabian Lukas Schär,2,665.58204329893,0.19382903877197413
3930159,fa3294ea-b63e-4e47-b92e-815b35b2f766,Hungary,Márton Dárdai,2,319.88902378598004,0.07296228580176597
3930159,d297fd93-e1dd-45ab-a56d-0b7f361e3c1d,Hungary,András Schäfer,2,655.9464617141149,0.08055435293060592
3930159,38ef736f-980c-4f20-ab80-8a2247600dfc,Hungary,Roland Sallai,2,835.1907000963569,0.12495827762985043
3930159,503593f4-06a9-455e-adbc-62e1597b5615,Hungary,Martin Ádám,2,348.05932556046463,0.25098786886776075
3930159,5316de71-67a3-48d5-8301-d18f67d2b788,Hungary,Martin Ádám,2,393.1405286930929,0.3098867623543132
3930159,260de50d-b456-449e-87d5-27afc0e297c9,Switzerland,Leonidas Stergiou,2,316.0667256471369,0.05722703405034348
3930159,27066f96-5459-4313-9764-38f94c2f2143,Hungary,Roland Sallai,2,318.13520046782764,0.39667738327297863
3930159,667ae011-b0e4-4f33-a228-8d3057aa857a,Hungary,Péter Gulácsi,2,378.1927716325528,0.10579867943550816
3930159,6b6cd00a-330f-43ba-a6c7-0766253cea3d,Hungary,Roland Sallai,2,707.7643076590617,0.12444244121229228
3930159,36c0d430-a344-4747-9df3-f2c16c501fd2,Switzerland,Fabian Lukas Schär,2,601.7944199274003,0.06068290535763965
3930159,a1a247e0-ff66-4091-a946-ef90f05ebb36,Switzerland,Breel-Donald Embolo,2,675.8275335254158,0.09107154862493112
3930159,9b4e1156-1ca4-40fa-8dd0-173fd21af803,Switzerland,Dan Ndoye,2,721.6542186196986,0.09168039356657218
3930159,da0a6b4a-8b76-42d6-8406-831fb0f08616,Switzerland,Granit Xhaka,2,463.46288441329676,0.10805269164702952
3930159,b6152e10-1e3b-4e9b-b58c-ba15e2bf8645,Switzerland,Remo Freuler,2,385.8472734781617,0.1183438490266048
3930159,0534c543-4ea8-4fec-915e-d0ab0e7f9ca2,Switzerland,Ricardo Iván Rodríguez Araya,2,413.115851404929,0.10995672244673221
3930159,cac40d78-4020-4216-99d6-d8974e3866cb,Switzerland,Michel Aebischer,2,426.2487879872398,0.09276983124598143
3930159,cdcd6df3-2496-4650-b093-c882c215a02c,Switzerland,Manuel Obafemi Akanji,2,445.86005132955484,0.09525036856659953
3930159,1abf4d38-85a3-4b76-880f-bbd5914d3272,Switzerland,Granit Xhaka,2,621.0146721279056,0.10186101665656445
3930159,cd94fda9-e1e8-42dd-8775-486f3329fde5,Switzerland,Michel Aebischer,2,422.62525608915684,0.10918775825828146
3930159,fb154294-2929-455e-96da-993f564c4e23,Switzerland,Ricardo Iván Rodríguez Araya,2,432.7883526350687,0.07789487497811709
3930159,7b922647-dd6e-468b-9448-46fc483f7a14,Switzerland,Remo Freuler,2,363.8976251664076,0.08824410206914095
3930159,b64c989b-7b96-4ad2-9d22-5e0a88fbd23a,Switzerland,Manuel Obafemi Akanji,2,562.1845161692394,0.09119940563080924
3930159,94837d91-c75b-4974-9a65-45671dd4d922,Switzerland,Ricardo Iván Rodríguez Araya,2,449.6088418067285,0.0928859312618959
3930159,788a106c-e1ad-48d7-be48-8b8a6a7447dc,Hungary,Péter Gulácsi,2,223.94509342913057,0.03810200723674454
3930159,53fd874f-5ba9-4d1d-b852-32cdd01ad513,Hungary,András Schäfer,2,225.6340690953434,0.024267074310280808
3930159,6162f226-e122-4bb4-99de-df6483d4752e,Hungary,Barnabás Varga,2,1075.7434565123444,0.05501345141380326
3930159,fa9376da-973b-4079-a65a-a17e40a14acb,Hungary,Roland Sallai,2,433.23144141781154,0.18817733143843735
3930159,a483c647-dff0-47fa-ba6c-71f40d2f5fe7,Hungary,Bendegúz Bolla,2,303.50597582749515,0.2608100897170299
3930159,ad131a9e-d369-4dea-8e43-66afa93c0a39,Hungary,András Schäfer,2,416.83221081141056,0.07145626803594463
3930159,4d357395-11cd-4896-8a16-4d86c12dc8a0,Hungary,Attila Fiola,2,357.79243620470777,0.10707226004381032
3930159,d3de8695-2364-4f82-a043-a4265f01875f,Hungary,László Kleinheisler,2,332.8497738796634,0.11062000580026028
3930159,59323ac5-58bf-42d9-8655-66e198c07c87,Hungary,Willi Orban,2,345.9662055192357,0.08061260293119248
3930159,a3b7cdfb-523f-488d-b65a-6117013de90f,Hungary,Márton Dárdai,2,610.8993769549638,0.14723978259372417
3930159,3033ca0f-e0e3-4efc-8571-303976ff414c,Hungary,Roland Sallai,2,680.9354239344584,0.11106212475520685
3930159,d04a1f04-4a20-45c0-b073-bec9eb51969b,Hungary,Willi Orban,2,671.2110080915313,0.07445693565884062
3930159,461e62e4-b3f9-4240-aa5a-89c1209b290e,Switzerland,Fabian Lukas Schär,2,413.4905164049063,0.05661873928994481
3930159,fbb2b41b-8339-4c4f-adb3-20a9cb7f2cf6,Switzerland,Fabian Lukas Schär,2,686.8941994247093,0.09455629478551018
3930159,e276a239-f941-4e52-9707-f4da0d88059b,Switzerland,Mohamed Zeki Amdouni,2,517.344341871353,0.10344780059982124
3930159,3545ace0-e4af-4d8d-9843-21e416303aac,Switzerland,Michel Aebischer,2,438.9124061665616,0.11136534004333268
3930159,b5874fdd-d004-4348-aeaf-5314c84da41e,Switzerland,Granit Xhaka,2,437.33754145631684,0.12366561392452664
3930159,2eacbe90-ee9a-45f3-b9a6-1c0d046cd7fd,Switzerland,Mohamed Zeki Amdouni,2,429.5113238847624,0.11983978917261132
3930159,85aa6a9a-f7ce-4964-bf33-c83e61a77c3d,Switzerland,Breel-Donald Embolo,2,391.69914960738475,0.10303974330919276
3930159,af320b37-a813-463a-a1cc-15c76c527e21,Switzerland,Leonidas Stergiou,2,627.0108050222908,0.10421411260424754
3930159,068530e1-9842-442b-8286-253f8f12aef0,Hungary,Dominik Szoboszlai,2,675.1310148944643,0.09394836237669629
3930159,5c59c487-5d49-4a05-9e63-e6f34419d221,Switzerland,Fabian Lukas Schär,2,811.6449024655799,0.09434636964367113
3930159,6c6b2851-0fb0-40ff-bfd8-d80f5c4a009a,Hungary,Márton Dárdai,2,481.86322922362916,0.06717368002878672
3930159,9cbfa291-5ebf-49c9-92b3-628f876c76c8,Hungary,Dominik Szoboszlai,2,275.4280655897576,0.14231185857244755
3930159,4a177438-2971-4909-99a8-2ac745767bcc,Hungary,Willi Orban,2,439.6695109386677,0.2641998730095071
3930159,1584c15d-7570-408e-972e-bdda0543642f,Hungary,Barnabás Varga,2,337.26116009711376,0.34998084350263536
3930159,928e7a16-02de-424e-84e7-0e52fa8e7a67,Hungary,Márton Dárdai,2,300.99891338771675,0.3945718490909813
3930159,0bafc0e5-2cf4-4e7a-9afe-a914281739c6,Hungary,Attila Fiola,2,247.3107372836403,0.454853076693692
3930159,ffd46d59-8dd9-4a48-9c88-2f3c77ac45d6,Hungary,Márton Dárdai,2,484.1567729794751,0.2965960331584905
3930159,7456d735-cbca-4a98-8d11-5e44e6ea34ae,Hungary,Dominik Szoboszlai,2,500.63657184618046,0.3015508691094759
3930159,b1323087-032a-4c65-9fda-fa504a0ae131,Hungary,Márton Dárdai,2,700.8358083377198,0.31638139300241147
3930159,dd0cf900-19ae-4fec-a555-93d6deccc3c8,Hungary,Attila Fiola,2,713.1549652095616,0.22254338059754136
3930159,978c02b9-d1ce-48a7-9129-814509a3943a,Hungary,Márton Dárdai,2,904.65829699689,0.15658103456714362
3930159,94dd868a-547b-4bed-99fd-dec031806729,Hungary,Barnabás Varga,2,700.5635943664163,0.28067680030299325
3930159,ac455c83-ea6f-4216-9a06-d8c297bb3338,Hungary,László Kleinheisler,2,376.4423423948993,0.4568672000878098
3930159,12e0d82b-b7b4-4812-b878-553271c5dd39,Hungary,András Schäfer,2,367.31251014917336,0.41388204762855774
3930159,f5a7cb24-0c87-4871-bce6-511e0704c51c,Switzerland,Michel Aebischer,2,235.32210101442644,0.06787319887381021
3930159,9cb476dc-eb49-47fc-ab05-d164fb197089,Switzerland,Manuel Obafemi Akanji,2,650.9253226724506,0.16653506216560743
3930159,0d6d202c-061b-402f-8ab3-3da8796055af,Switzerland,Granit Xhaka,2,743.9116059651401,0.1753870011171968
3930159,65ca7b06-b776-4788-9db6-5f7e4a8dab4e,Switzerland,Michel Aebischer,2,547.3390097190829,0.14273678510104237
3930159,af1d3e08-25d3-4eee-adf6-2ffadf4e3ddd,Switzerland,Ricardo Iván Rodríguez Araya,2,585.2353551673771,0.18082694580560862
3930159,33102008-70b8-46e5-8529-985ebc4759ac,Switzerland,Michel Aebischer,2,584.5189898293362,0.1744280090371268
3930159,81bccb6e-8868-48a0-a198-c3336b7986d9,Switzerland,Fabian Rieder,2,185.72774486475208,0.9939319266727344
3930159,b71a4ade-dd85-461d-88cb-99cbae5c56d0,Switzerland,Fabian Rieder,2,219.25137120851736,0.9942045046696014
3930159,86b64a39-80fd-4866-bbbe-46ba4279732d,Hungary,Márton Dárdai,2,255.7098135873706,0.048602210150951855
3930159,4c7c8b9a-e724-436d-9be8-55ce68c2a4cb,Switzerland,Leonidas Stergiou,2,683.4396185357023,0.14871579592947007
3930159,372a1c29-1833-4272-b7df-426fbdd93e51,Hungary,László Kleinheisler,2,486.9690753385277,0.0861359175845303
3930159,08d24851-86d1-4ccd-a051-1fc71e3c70cb,Hungary,Attila Fiola,2,611.3298625956418,0.09929229108986773
3930159,c9d57bcd-36ae-4875-8923-61a834eff9df,Hungary,Bendegúz Bolla,2,531.3174394903167,0.21774894967141856
3930159,056d5067-9045-4af1-bdc5-6353d3e4c558,Switzerland,Breel-Donald Embolo,2,74.66674031889123,0.08037530623017419
3930159,376008f9-55a0-4811-8e66-ac6f3a74c47c,Switzerland,Fabian Rieder,2,27.04968392889264,0.24122204629666738
3930159,91743496-d2b1-4965-b9a8-6c3b0feb3cae,Switzerland,Mohamed Zeki Amdouni,2,492.5253758120434,0.22809308624642077
3930159,b1d488b7-4c07-43cb-bebb-99b46d30b50e,Switzerland,Vincent Sierro,2,433.0696169785929,0.21914054222699436
3930159,21bc6f96-e078-4b03-87be-d954f9406745,Switzerland,Michel Aebischer,2,359.8559579157362,0.1557648289054838
3930159,c2627ba5-d167-44dd-b489-5fa34a5d619b,Switzerland,Manuel Obafemi Akanji,2,650.6916537429863,0.10561538839155062
3930159,92f273a4-ec02-42c2-810b-b4c8178630d5,Hungary,Attila Fiola,2,8.59925087352017,0.026526903516699972
3930159,ce26d85f-195f-4df5-aaaa-9027599d3a8a,Hungary,Roland Sallai,2,342.82002792904007,0.052416534390478636
3930159,2cd8571c-c3bf-437b-8565-ba72b052e1bd,Hungary,Dominik Szoboszlai,2,735.6851366696766,0.06478801697767093
3930159,7228302d-e48d-4aaf-a185-a2cf5862b68d,Hungary,Márton Dárdai,2,870.0642688457816,0.07214762665718408
3930159,57e9db60-3a89-40c1-b839-e4d6bcb598e4,Hungary,Dominik Szoboszlai,2,479.87146908611675,0.08080422533344622
3930159,f386f6f9-475f-4c13-9199-3be08aaf76b3,Hungary,Dominik Szoboszlai,2,571.9235320518675,0.20429474535755388
3930159,5c263597-9628-417e-a785-6155d30e7383,Switzerland,Yann Sommer,2,228.74651039451697,0.03781261024947619
3930159,109ac354-19e2-4bb5-8f65-27f79fedcf1b,Hungary,Martin Ádám,2,375.28571430086396,0.12650975765970807
3930159,3d13f9e7-3405-4cb0-8093-09980136eaee,Hungary,Dominik Szoboszlai,2,466.12682453736346,0.11664602378263017
3930159,7e4547eb-a885-46a4-9519-1cda7fce61ba,Hungary,András Schäfer,2,614.7233895710364,0.12160199682251413
3930159,9377b26e-fe40-43a7-88e6-4225acfb063d,Hungary,Márton Dárdai,2,1086.454447607192,0.11662234195323563
3930159,5334b782-4147-496a-bda7-16f6dbb5d93b,Hungary,Dominik Szoboszlai,2,901.260978768676,0.11637384111439025
3930159,6a797554-4c61-4692-a866-2d5ace282bde,Hungary,Roland Sallai,2,515.1794753957005,0.21651786744816223
3930159,d0faac74-d060-43f2-b8a8-d8f587703340,Switzerland,Granit Xhaka,2,549.4494669271685,0.06829071773417814
3930159,282e3a9e-f101-404f-8d7a-36e9d18429d3,Switzerland,Fabian Rieder,2,733.8864722017968,0.07885694134372374
3930159,28ed367e-3db3-4562-a6af-0c4bfc6b26ac,Switzerland,Breel-Donald Embolo,2,160.33415629448547,0.2446960862685773
3930159,d461c944-173b-490e-b645-c0070026ccc8,Switzerland,Granit Xhaka,2,601.548622358615,0.2439175010413744
3930159,33cd0654-0ca9-44e9-b4c7-15469d913dc8,Hungary,Willi Orban,2,474.883474037703,0.043332651520642855
3930159,b023c8fb-96f0-42a2-aebb-9191235a0f42,Hungary,Martin Ádám,2,418.83835106632256,0.038131799584893135
3930159,6318ddc5-4c92-4955-bc45-1236e920714b,Switzerland,Ricardo Iván Rodríguez Araya,2,469.0897248970187,0.21186450025116826
3930159,9a9787dd-965d-4577-9c3e-94be6a1e3632,Switzerland,Granit Xhaka,2,449.5205620265716,0.24539498397288612
3930159,1e0a6896-a848-46a0-8b60-683cb815e18a,Switzerland,Vincent Sierro,2,320.2907507201363,0.20150849965762238
3930159,2acd2eae-1a01-474a-91b1-18bb3152acba,Switzerland,Manuel Obafemi Akanji,2,616.8659513881959,0.1196224455177421
3930159,555bbaab-0cc3-4008-9350-01d0d1f60a85,Switzerland,Fabian Lukas Schär,2,629.9346763755345,0.09540948784974605
3930159,c6032ffb-88d5-458c-8cb5-99a967ce4b84,Switzerland,Vincent Sierro,2,868.2535773726553,0.0954033097069655
3930159,546a7667-2dd7-4bd4-b303-3ead6b3cabbf,Hungary,Martin Ádám,2,1028.6063538906583,0.07473766629727009
3930159,fb95d8aa-db98-42e8-bbd5-8ff932acb177,Hungary,Dominik Szoboszlai,2,752.5630534760047,0.08420158124124363
3930159,853001ee-ef87-426c-952b-8ff56b6bad4e,Hungary,Dominik Szoboszlai,2,891.4500750098003,0.10911819682125701
3930159,8933b35a-4822-4713-85b9-0aed49acb240,Hungary,András Schäfer,2,506.39573494412224,0.2028480337302162
3930159,ebada496-1bb7-4f91-b1de-241a4089c3dd,Hungary,László Kleinheisler,2,471.8868380540827,0.18080493989973573
3930159,14eea444-2d18-41a0-9f1f-e01483088fd4,Hungary,Dominik Szoboszlai,2,759.7246853117713,0.17190885685552232
3930159,4e551d61-b1ef-471d-bead-33a6581c42c0,Hungary,Roland Sallai,2,492.1330234262583,0.14646391693940072
3930159,98568fb2-a609-4f83-8cd3-47d16c26f066,Hungary,Dominik Szoboszlai,2,659.2941960917243,0.13594334884650566
3930159,c8200ab0-568a-424d-a3e2-3d4d8d62a89b,Hungary,Willi Orban,2,502.2382421545075,0.1775939505149053
3930159,0e86f9b1-2864-4810-bf96-b29d3a520a7d,Hungary,Dominik Szoboszlai,2,596.3372250660753,0.15136305368823563
3930163,10983cdd-eac3-4a13-82fb-eeaed6f07c02,England,Bukayo Saka,1,517.6425530242626,0.12644540956912875
3930163,470ac049-79b2-4a62-9d3e-0a2c5d04085c,England,Jordan Pickford,1,286.00602318724134,0.09350848300659315
3930163,26892a7c-3872-4708-a9b2-7a33f874140c,Serbia,Nikola Milenković,1,550.9307231167095,0.06885574024128206
3930163,8387f6d8-b0ce-4bcd-92e2-765b279d6ece,Serbia,Milos Veljkovic,1,384.34477827430203,0.05549906781356382
3930163,08c1733e-cb33-4a0f-a0f6-9543b67b35e8,Serbia,Aleksandar Mitrović,1,549.8408576155907,0.05661513520882512
3930163,72685ff5-b757-4436-844b-eccfac5a5046,England,Marc Guehi,1,314.9777910085519,0.06831072666325363
3930163,fea10129-e8e2-4d28-ba38-39fb24198b94,England,Declan Rice,1,312.0075106648953,0.06141286807936554
3930163,91dfad14-023c-4863-a95e-6ad90d525c36,England,Jude Bellingham,1,283.37576575491624,0.09996208337837413
3930163,7e8a2314-6e01-4d99-b93c-e6451949777e,England,Phil Foden,1,494.05159973313255,0.0927623660520148
3930163,763c435d-cce2-43c2-a0cb-628f4e6520f5,England,Declan Rice,1,425.6858910197759,0.12333016388817877
3930163,e19d13c3-9d23-4c3a-a685-0ffc2129838b,England,Trent Alexander-Arnold,1,474.96683951562585,0.09771353879655856
3930163,24371d84-72fa-4e94-9f7a-0598eda726af,England,Kyle Walker,1,382.0147237037058,0.1056539416159445
3930163,f9cb6b63-2b4c-4c39-b6c7-cc1a3d0ec82c,England,John Stones,1,353.499067932187,0.10130389985173928
3930163,fa87b887-5489-4a07-91cf-8d45f8ba6c1c,England,Declan Rice,1,359.1418982446849,0.13735910572705357
3930163,3ba32a5d-9683-42bf-9619-55a3a85a37a0,England,Phil Foden,1,363.01428970970255,0.13294003602317261
3930163,eea71c72-67f4-4cf3-aac0-6caf40e6208b,England,Marc Guehi,1,378.8191891614297,0.11942024800414844
3930163,df42fc67-2277-4331-b5c1-f359f4d4f52a,England,Phil Foden,1,379.12019577856233,0.13379147279253073
3930163,8d2c7ab8-5bea-45ed-9293-26ad58729807,England,Jude Bellingham,1,388.68007072517935,0.19636656822384976
3930163,485fcc86-9766-4789-a321-fde75e935e07,England,Declan Rice,1,321.1588432797836,0.2532168559472452
3930163,a151f392-81ce-4b9b-97ba-b5a6db40747e,England,Bukayo Saka,1,343.9056425979557,0.31843049706745313
3930163,6f462c1b-2cc1-4653-873b-230af1e58d4d,England,Kyle Walker,1,321.1965670457129,0.33812401018894805
3930163,57c3087d-96c1-49e8-8d74-e7f4daf1ce1b,England,Trent Alexander-Arnold,1,449.7994686469263,0.22926998304386909
3930163,93f0a966-af9d-4534-8202-387959c08b4b,England,Phil Foden,1,327.411639409938,0.19704264518772585
3930163,7309c5b1-f9a4-40fb-8300-fbd03db3288a,England,Marc Guehi,1,319.27074628681925,0.1861717361011541
3930163,27ae6fba-a375-48af-bd93-a363d24e3fc3,England,John Stones,1,377.23482825633806,0.17653596896347745
3930163,ae9dfce1-9117-4451-af44-a1e62923ca15,England,Kyle Walker,1,296.8283762979229,0.20843102118681417
3930163,64fbbca0-c77c-4cf0-9dbf-51409cb310ce,England,Declan Rice,1,287.4225668227817,0.21849439303655063
3930163,050207ec-039d-4ba7-94b9-96c4a4898f79,England,Jude Bellingham,1,303.5621088649041,0.23319298732045124
3930163,0e08897c-ae7d-4653-8ba5-b19d9eceae20,England,Phil Foden,1,473.1507636726032,0.1541281820658203
3930163,b347b2fe-9cd0-4dd5-84b6-ec5584de0f94,England,Bukayo Saka,1,505.00140696585436,0.1925617384444806
3930163,eefa04a6-bca6-483f-b312-23516517d741,England,Jude Bellingham,1,323.91007629024153,0.21311095241529426
3930163,36d7d555-80f2-4457-ac86-cf3f00b5bf36,England,Phil Foden,1,319.04059420466433,0.2265507091147772
3930163,e1324b6c-08c3-4822-a3fb-0ae6cf7ec01b,England,Kyle Walker,1,312.4906789141768,0.1739655528104729
3930163,dc00198a-f1d5-4fa9-9237-ca4e6cfe2b4b,England,John Stones,1,336.44287423791894,0.17766545551583643
3930163,8109fc5f-8270-4fab-97a8-f9e64125880e,England,Kyle Walker,1,522.9385815935585,0.09307512362304311
3930163,5832047f-a04f-4bc7-8ea8-d9e6d8977f64,England,John Stones,1,579.9792784603864,0.09967622265210177
3930163,11d23c81-f14a-42ff-b5d8-00f4b31eeddd,England,Trent Alexander-Arnold,1,508.35505997004896,0.08934942984303308
3930163,d92d05c3-30af-456a-b0f8-610b635cf7ac,England,Declan Rice,1,490.6047052264035,0.12303384899297182
3930163,f04f52d0-9aa4-4de0-ab56-cb66f543864f,England,Trent Alexander-Arnold,1,497.37283728816817,0.0991108510098482
3930163,74b9f7aa-f20f-4019-9498-b4964c3a145b,England,Declan Rice,1,481.01278940803616,0.12050295649279834
3930163,788e5a50-31de-40eb-b341-f58415d415cc,England,Kyle Walker,1,460.2132737043511,0.11524882112805207
3930163,12535329-74c2-4e3d-a02d-eb4539d413d2,England,Trent Alexander-Arnold,1,620.2660950683774,0.12031139390618358
3930163,947b360e-a45c-4b82-8bba-63ce402b3db7,England,Kieran Trippier,1,272.9842649883354,0.6688792695675304
3930163,a9b288be-b4e2-4b15-91d3-f50f666fe6e1,England,Declan Rice,1,290.1547837641456,0.4760900752008689
3930163,e7c8c3cc-a683-45aa-9379-4ddd62519acf,England,Kyle Walker,1,305.36325121688253,0.30291904095671396
3930163,204bcf15-6619-473d-81ec-902b08110240,England,Kyle Walker,1,547.1123522051764,0.08807789485346905
3930163,646958b2-668d-41ce-811a-3173864c90cd,England,Kyle Walker,1,544.4210949777635,0.06777370146694274
3930163,43d3caf1-f53c-4944-8fb9-5303f222fe85,England,Trent Alexander-Arnold,1,587.7648948406454,0.06035448635708415
3930163,fb0d403d-d2b0-42d2-954f-6a8a0ebb1038,England,Jude Bellingham,1,616.1739226751382,0.04470431119100191
3930163,c783b27b-f158-4e72-b6cb-f36b943c416e,England,Trent Alexander-Arnold,1,663.3982933795137,0.0633675349977673
3930163,0417e4c1-5bf6-4928-a261-d44545c00912,England,Jude Bellingham,1,670.6532922550524,0.07161949216258041
3930163,766e0a19-c007-4831-a309-dc257de98ada,England,Kyle Walker,1,612.280416094459,0.059906402087936454
3930163,97dff1d3-eccd-47ca-b6d6-6675275a7736,England,Declan Rice,1,434.7196540297213,0.11301874757903393
3930163,046f6332-044f-42c7-8038-30efffbadef2,England,Trent Alexander-Arnold,1,388.87247122532443,0.11092347542053185
3930163,95031f68-6f04-4ba9-96a0-e1b616fabe1e,England,Bukayo Saka,1,349.1540336741332,0.10438547528088461
3930163,eff8e8bb-8d45-47ae-8b8d-14901bd3b00e,England,Kieran Trippier,1,652.1952510285545,0.19157080195727458
3930163,49e108db-5896-490f-88d2-ab8afb4cfd68,England,Marc Guehi,1,451.53097290625294,0.2240135161993998
3930163,32d9a00b-a765-48c8-a441-89f4db638b4f,England,John Stones,1,336.5568032766623,0.20411755578803223
3930163,51acfba2-565d-4f56-a345-989102f0b89c,England,Phil Foden,1,599.5550315070527,0.16267308426134316
3930163,51affdb6-d758-448e-9e94-c08b4d682c2e,England,Jude Bellingham,1,607.6225777307644,0.1790592130771338
3930163,776667b8-b8f4-437d-a1ed-64c492a0acae,England,Marc Guehi,1,397.35588376079795,0.16396873176773938
3930163,d324df75-7839-460e-9197-37a2c0e13345,England,Jude Bellingham,1,434.2925288696247,0.15766623152745834
3930163,69075ded-321e-4632-b22a-d2195f623293,England,Phil Foden,1,688.4149717830533,0.19652213290427348
3930163,df3b1898-3740-433f-a8ed-6bc15746988a,England,Jude Bellingham,1,679.599546173216,0.18766553726986143
3930163,781973b8-8a4a-4b90-8aff-aa404f3fef8e,England,John Stones,1,409.00645823983854,0.15729200150586506
3930163,8ee60163-f012-412a-9e63-2eaad5d8eb04,England,Trent Alexander-Arnold,1,339.1827851366119,0.19590224937883768
3930163,6c956b9e-915e-455a-aef8-3d0fdd3365db,England,Jude Bellingham,1,351.2958255513268,0.24712258206818372
3930163,b6202a35-38f5-4a03-9c01-c7eaf0674a2f,England,Jordan Pickford,1,185.68477592802498,0.06194199990079756
3930163,40591296-6de4-49f6-8e60-2e246f7bd40c,England,Kyle Walker,1,547.5855916483533,0.10061719019040469
3930163,645721e5-8964-4e10-b54b-6a00c528a720,Serbia,Predrag Rajković,1,75.35461581935314,0.08531339413166161
3930163,ec6a2468-c628-486c-9b25-af5d52820a21,England,Phil Foden,1,334.03084181935225,0.05587851351832466
3930163,a80a72c1-623b-4c75-a893-96d489f33a10,England,Kieran Trippier,1,403.97661821743674,0.05584276817227419
3930163,692d44bc-dca1-4c01-83fb-71ce7c9cb7ec,Serbia,Andrija Živković,1,387.81876102551934,0.1694546673524397
3930163,4c908cdf-fd9c-4290-a8f2-6de5fdf408e6,Serbia,Saša Lukić,1,341.1530626249243,0.1981559807232972
3930163,8440611a-71b6-4077-a8b1-5d81b6758e2a,Serbia,Milos Veljkovic,1,784.7451455051537,0.1522895428002033
3930163,5f1d5280-7cd1-45d7-801b-3378a388c715,Serbia,Nikola Milenković,1,675.1365577805194,0.0916645649049213
3930163,a2cf8b35-4717-400d-a976-47bcf547f19a,Serbia,Saša Lukić,1,553.3216603887664,0.06590031242377407
3930163,14245b24-cd3b-4343-be7f-56737e9faf5b,Serbia,Nikola Milenković,1,262.79081018194853,0.05463361204915638
3930163,b51e1724-21d9-4475-a1d4-123003954c70,Serbia,Nikola Milenković,1,225.1096097618229,0.034292002821155305
3930163,0931a6dc-481c-486e-8520-1483072c4711,England,Trent Alexander-Arnold,1,601.224241980041,0.08912179523508955
3930163,fe3065e7-c758-4c82-8bc4-e6e4bdbd13ac,England,Phil Foden,1,419.4443760345998,0.08690960498683709
3930163,a4f5cfe3-8e31-4d57-80a2-b6f83732e187,England,Kieran Trippier,1,347.8594705609461,0.0849697759037371
3930163,17221817-c8f2-444e-ab08-44c9efc858ea,England,Kyle Walker,1,501.047771129249,0.11517976807337928
3930163,02d8c7b9-364e-49f2-b2d4-589279846add,England,Trent Alexander-Arnold,1,452.190122803202,0.13396928347666653
3930163,ec8e1ae7-90d3-43cc-8af8-61508978aeb6,England,Kieran Trippier,1,489.3404206632957,0.09212446309610606
3930163,56432de4-d673-45ae-8bf6-54cf8f44b256,England,Marc Guehi,1,444.2369562339021,0.16848591298478072
3930163,352c2ac4-0704-4fdf-820e-2783d787ae5a,England,Phil Foden,1,468.6470776247085,0.13871450946630712
3930163,d645f44c-d026-4e2b-84d0-2c016bd843c7,England,Marc Guehi,1,418.6957691368681,0.14411807558126746
3930163,0a52a5ac-3a33-4854-aa2d-915bdbf5ce2d,England,John Stones,1,414.08712196853526,0.1799800554510249
3930163,f1eb22cc-4d47-4ce6-b19b-2aa8d1a63689,England,Kyle Walker,1,448.4789236537114,0.18300332044902173
3930163,2ff96687-6228-4283-bbba-b56f6fd3cf2e,England,Jude Bellingham,1,512.207709999777,0.150243894107189
3930163,094ba4ad-4f3a-4d3d-83fb-dd58396e9e65,England,Bukayo Saka,1,437.9002710478726,0.15723650507519343
3930163,d67e9784-8b00-489a-a3a5-1bc220efecdd,England,Kyle Walker,1,364.69189429132945,0.1504331019279144
3930163,b674f625-3d78-4568-b11a-5354226b64a2,England,John Stones,1,365.73595412275574,0.15884616898684079
3930163,14a6b273-e984-4bf7-ab64-8f2671c72e52,England,Declan Rice,1,387.6414016795921,0.16834582688356434
3930163,746b7dec-01a7-4321-ba95-c2d08b2c63af,England,John Stones,1,416.8359787633998,0.1909992073920361
3930163,05cd2d4f-50d7-4364-99f2-31b6e4aa23ca,England,Kyle Walker,1,478.8652369766438,0.1326974292843662
3930163,9f17331a-1688-4396-8747-2155d19233c8,Serbia,Filip Kostić,1,400.88492982341336,0.04487026088305104
3930163,be504ea7-f027-428e-96e2-c108010bd318,England,Marc Guehi,1,444.5461937437347,0.08499474233641902
3930163,075261bf-6735-489c-9481-26d8260799dc,England,John Stones,1,484.4756774513064,0.0970019567736838
3930163,15692fcd-f9ed-4acb-8eb5-31127a0e7643,England,Jordan Pickford,1,344.7835310538295,0.04467685527185966
3930163,6d71de70-2f23-44c7-b6e2-1e7f4be09c00,England,Declan Rice,1,598.1301838515952,0.08891810948103952
3930163,f25773f0-95f7-43b9-a3c8-2c58598d7d1b,England,John Stones,1,489.40073314728124,0.10805877937345722
3930163,94e86d99-eb26-4b76-b1fd-6e2534ae50a0,England,Marc Guehi,1,496.20399708811715,0.10585164067359651
3930163,a7eaf3a6-f10c-435f-bd97-b6ad2fb50df9,England,Trent Alexander-Arnold,1,507.15931827315694,0.14609541857548433
3930163,7dbaa4a6-a0d6-493c-ac5c-45f29268b4f7,England,Kyle Walker,1,477.0338218884433,0.1681841852946654
3930163,d21d46ed-37b3-4e5c-8cc2-9d373c3e6fdb,England,Declan Rice,1,468.6672562746447,0.17177916910239377
3930163,c9bc334d-b686-4214-b0b7-568a542045e9,Serbia,Filip Kostić,1,391.25704728467974,0.044271516110686276
3930163,663cbde0-06d6-4f7f-b200-e6a7f62d73ef,England,Marc Guehi,1,376.5987628817486,0.09908677765053527
3930163,baa45cbd-e93c-437d-8b49-bc5d9d70aed7,England,Kyle Walker,1,395.7415590139211,0.11196646203594733
3930163,e80ff3a7-477c-4afb-9de8-e70dc5615307,England,Marc Guehi,1,510.9085151585606,0.1010426280868785
3930163,1d0f8a58-f003-46ee-bd9a-d75219bb6ff8,England,Kieran Trippier,1,260.17449158462347,0.2637645773736096
3930163,22cf4d33-8432-4cc4-acb2-df165bcd75c1,England,Kyle Walker,1,389.0494393888006,0.32024652329034214
3930163,130b6275-44cc-441d-93be-eaa221288808,Serbia,Nikola Milenković,1,578.5677806650672,0.05420115511409507
3930163,f0eb0be8-ecc2-43e9-82be-94996ffbf0b0,Serbia,Strahinja Pavlović,1,614.1184279150266,0.052933885261863246
3930163,533bd6d8-4559-4964-b2bf-d72c85095e21,England,Declan Rice,1,625.8774978227141,0.10000748473179477
3930163,097561ad-5d19-46d2-884b-487f5b24b5f2,England,John Stones,1,643.1415354960889,0.09364563952568643
3930163,8a5bd696-9986-44e9-b851-b6db8c5772b9,England,Kyle Walker,1,595.2425618119781,0.09828237946022184
3930163,f61dc4a7-2c4f-49dd-92a0-7bb9fbfc5fad,England,Trent Alexander-Arnold,1,443.49762803252014,0.13833283333942917
3930163,307ae323-5756-43cb-8518-2583618a6b4e,England,Phil Foden,1,424.1596305277108,0.15718281481366222
3930163,28f38af8-63fc-4899-b996-b0e02b6a5894,England,Declan Rice,1,346.00921733835855,0.1489171299617651
3930163,346eed3a-0ded-4862-a73e-cfb4cfc399ca,England,Trent Alexander-Arnold,1,309.4435549724898,0.14830706013393782
3930163,e1a1a67c-a8d7-4de4-b71a-324999c750b5,England,Declan Rice,1,295.1576491022226,0.17390078713035484
3930163,52d4dc8e-5f73-4ebe-b5fa-2c0ddb149f88,England,Kieran Trippier,1,507.0956941982693,0.23515570255997204
3930163,341822b0-f382-4801-a265-5838aefc81e3,England,Jude Bellingham,1,567.6959133654545,0.2986294269994657
3930163,898db571-962c-457d-a847-cc1e603142e5,England,Phil Foden,1,474.9581359609609,0.2673948711019043
3930163,3e2b9cae-e100-4913-afdb-ac81adc4cdb2,England,Declan Rice,1,324.2135047725097,0.24817138336681455
3930163,9e789b6b-d154-4503-81ea-d3901ff49ebe,England,Marc Guehi,1,394.92252085332933,0.1874108335607836
3930163,5d60dbe5-3f24-4b5c-b5be-1715d1ede764,England,Kieran Trippier,1,490.5527441152986,0.1506439981555872
3930163,49a4b555-e92a-4941-948e-12bd080c8497,England,Kieran Trippier,1,685.0790222751075,0.15670103091475568
3930163,f7f0c4b4-060a-43b9-831e-a37fd581a600,England,Declan Rice,1,621.7369545928836,0.15508040056358002
3930163,93fcb45f-8fb0-4d53-80c3-b2f2ed84ccd7,England,Jude Bellingham,1,594.1113862393988,0.15152774266470787
3930163,ad0a1d8a-75e6-47c2-a475-100f59cd8808,England,Marc Guehi,1,369.77510360178246,0.10532024770782965
3930163,7770c4df-0d3c-411f-b6e2-a6d87d38d24e,England,John Stones,1,373.6651817092599,0.1266678526825683
3930163,984ebf98-ab3e-4e33-945d-cf29e06bb86a,England,Kyle Walker,1,423.0258411533232,0.15209048041523984
3930163,49037b88-d6b4-464d-b79c-966299f43c36,England,John Stones,1,313.6832443415515,0.14481712539533054
3930163,e14ab393-4dbb-448b-9a28-62e31826d6de,England,Declan Rice,1,283.2250634460775,0.14349952379016465
3930163,7e97bc69-dfa4-4cd2-9e4e-d18cf57fc9b8,England,Kyle Walker,1,308.57746519841635,0.1251890324104048
3930163,d4c7377d-54ae-4744-bd1a-26f22a5442af,England,Bukayo Saka,1,374.9766531462284,0.13741728779095239
3930163,738f6abd-cfdc-48fe-b101-a9f5a1187640,England,Kyle Walker,1,398.6312402229543,0.1185564147956826
3930163,82839c4f-ab36-463d-9f00-ba1d5ddeddb2,England,John Stones,1,404.7997634268987,0.11983609393996186
3930163,325b7ddf-372b-4d69-9373-3e0bccc1d503,England,Jude Bellingham,1,304.12932993912483,0.14178798140682178
3930163,801bf35d-f49a-47e6-8b05-2ccf14a2f5c3,Serbia,Aleksandar Mitrović,1,369.62435384022007,0.11559083019900451
3930163,a34c1adf-1154-4701-86a8-27dbbc803088,Serbia,Nemanja Gudelj,1,442.7446514580917,0.11114856961863666
3930163,3d4f34f8-b36b-48e5-8b0d-c86f00b50a5a,Serbia,Andrija Živković,1,565.7884142594328,0.08560533827044343
3930163,82a0edd4-a949-489c-a873-bc7bc707c2bf,Serbia,Milos Veljkovic,1,736.245181483656,0.06697718494040387
3930163,425438f7-9f60-4603-aa5b-51dcca5b218d,Serbia,Predrag Rajković,1,382.9174379798092,0.04354801021201416
3930163,56f03ffa-38a4-4aca-a7d4-7afb88819893,England,Declan Rice,1,552.8313301895475,0.10237894919032733
3930163,cee3a31f-a6ee-4231-af9d-bda3ea83a91c,England,Kyle Walker,1,495.5658851729271,0.08420824687273774
3930163,51841bad-70e6-4809-a3b1-e3cf1ffaa81f,England,Jordan Pickford,1,263.84291199242693,0.06410800467115917
3930163,90845dbe-51f6-4e29-85cd-fac37a442c1a,England,Marc Guehi,1,346.0562950574648,0.07164627792042216
3930163,ecddf054-a15b-44a5-8083-5dc76bde1fe8,England,Declan Rice,1,336.0184787020335,0.0757529183622761
3930163,0eace9ae-f0d6-4759-b514-f11c69458f2e,England,Jude Bellingham,1,432.39883274595854,0.08181723545225547
3930163,80197b54-9d07-4a49-8246-21897cc0e00d,England,Phil Foden,1,393.8409764920092,0.08315458212049355
3930163,68a8be49-d897-4810-b840-82cb09db2a0e,England,Jude Bellingham,1,472.5759787616103,0.1063225673022961
3930163,5a6eceec-8682-449d-8209-f973251a9804,England,John Stones,1,464.72153348018475,0.09665683708856024
3930163,37e87c9a-e191-40ca-920e-7dcb539ad56c,England,Marc Guehi,1,471.5413851092081,0.12095907799978027
3930163,8fbca927-8423-4f35-b4b9-45d8e23d89be,England,John Stones,1,533.4997165987595,0.12001695549879532
3930163,9eed7cb0-3603-4d46-9fb1-43ff2e5ee7e2,England,Kyle Walker,1,629.4728518694669,0.1032373419088047
3930163,cfff6d75-bb2e-47fe-ae54-28b54ad485e7,England,Trent Alexander-Arnold,1,279.2069757033083,0.0761235383720319
3930163,95ed5688-fafc-4560-bcc2-d086f138afc1,Serbia,Sergej Milinković-Savić,1,536.6966788930278,0.09594858795308206
3930163,25d7c6f1-33e5-41ec-84c2-29fbb91d597b,Serbia,Strahinja Pavlović,1,288.6071359086634,0.06795071600332143
3930163,853cbf0e-c738-4466-83f9-20c0859e3c54,Serbia,Nikola Milenković,1,382.41642679466946,0.037853991338638926
3930163,a182c5d6-c5f1-46c9-8c4b-d604a55c8805,Serbia,Predrag Rajković,1,283.8242118821969,0.038029522771713856
3930163,a35a465e-02f1-4bcf-b178-48d4fefa3d54,England,John Stones,1,541.0099861735871,0.07843533024827304
3930163,455a2275-b3d9-4215-a509-2f8f2ee444b8,England,Kieran Trippier,1,507.4923748737531,0.0554716865892341
3930163,b3f0cdd4-4ba8-473c-a4a9-07c4000343d6,England,Jordan Pickford,1,565.4333005833806,0.051019495821456345
3930163,709eab2e-b98a-4523-9539-c8b9bbb6b2ec,England,Marc Guehi,1,442.04255737260485,0.0516359763606439
3930163,254a7cab-916d-48aa-9def-26aa727dfb60,England,Declan Rice,1,479.95963238151774,0.06436840428988591
3930163,d0d46412-55a0-4a31-975b-fcd5bf90a4b5,England,Jude Bellingham,1,531.3433404871166,0.10814322354471041
3930163,25af2310-d024-4c36-8038-ff722459a313,England,Trent Alexander-Arnold,1,616.8593394729039,0.10130119810090812
3930163,74f855b8-687e-4cd7-a63c-ec03273f9342,England,Jude Bellingham,1,509.521121598885,0.10242485261002522
3930163,31bc3d15-e864-472c-994a-9b0ba673bc0a,England,Bukayo Saka,1,480.88533920570546,0.09831441502223678
3930163,f200acd4-fa35-4bd7-83d9-746a25fc889d,England,Jude Bellingham,1,502.49057521628566,0.10984575623072296
3930163,8c2c5699-17cb-4c40-aa00-604d48d02c93,England,Trent Alexander-Arnold,1,658.0043243256023,0.12123728132820283
3930163,136c8f52-b832-4e46-8957-64b74125ac95,Serbia,Nemanja Gudelj,1,500.79861164168017,0.06340914975663622
3930163,425b635d-a483-4465-9a43-5c3fc32e2b10,England,Trent Alexander-Arnold,1,366.767931381491,0.14054141477368048
3930163,935e8169-4016-4004-8725-03e2fdd0ac7b,England,Kyle Walker,1,406.3901497022799,0.10170183085571474
3930163,73fa0141-9a88-44b2-9b48-00e9e29770d1,England,John Stones,1,596.8029860797518,0.10742646490707199
3930163,cb6e3d6d-aea7-426b-9001-87634bc96195,England,Marc Guehi,1,652.540465109261,0.1119272313173692
3930163,8813de3b-eaad-486f-a7f6-e6fec0204927,England,Declan Rice,1,634.3442396283632,0.11298195005996017
3930163,bc774686-74a2-4b52-81f2-f085a778d957,England,Kyle Walker,1,431.33075542133884,0.0712082821020821
3930163,5fda29b2-c30b-4f71-a1ce-a962838ad6c5,England,Declan Rice,1,391.77539073110285,0.07724882878469932
3930163,aade3937-375e-42ea-8bc9-64c6fcefad83,England,Jude Bellingham,1,348.0385221199794,0.09101525851084767
3930163,81d7758e-12a1-4b68-899e-1fe4a49d0c3c,England,Kyle Walker,1,487.7817879665203,0.06580076594611552
3930163,bfe18d20-2640-4c10-a564-d10ebf99991c,England,John Stones,1,525.3445357569624,0.11306835565396997
3930163,15d34510-0eda-43c6-a001-75d94eaebe5d,England,John Stones,1,504.2831124158122,0.11758732045312104
3930163,029329d0-d875-4456-83d7-d9190df6f2e4,England,Marc Guehi,1,467.0307534185112,0.12475940790809538
3930163,d311c105-a9ba-419b-a9d7-a06fd22c9e19,England,John Stones,1,500.1901111921493,0.1240338874639913
3930163,9292b027-dec0-44f1-8d4b-50929e373425,England,Marc Guehi,1,580.0294644935659,0.10033601994781718
3930163,b34103a5-9c93-4bef-bc63-d0722abfc0e6,England,Phil Foden,1,620.9959559969442,0.10665494138771858
3930163,3353f2fe-3b6c-4c07-9ae2-73b8dcd61751,England,Marc Guehi,1,265.18956793369966,0.07047733211574539
3930163,c99b191d-a680-44e6-a1ec-8e97ceb8dc88,England,Jude Bellingham,1,751.2407452520247,0.09422209330247285
3930163,12b66799-dd71-448f-ac71-9b782b54b3b1,Serbia,Milos Veljkovic,1,393.5826390509443,0.07581849663184505
3930163,a322314e-56b9-45e0-994c-17bcde121755,Serbia,Filip Kostić,1,457.8547975002996,0.07529726027295082
3930163,3e822749-b2dc-45bb-b5b6-351e5266e729,England,John Stones,1,635.3843743502744,0.1001712805505247
3930163,bbddae1f-1163-495e-bcdf-07a6a2183386,England,Bukayo Saka,1,522.0671101761319,0.06331892621394136
3930163,877aa576-a134-4024-b478-2a02f82241c1,England,Trent Alexander-Arnold,1,580.055936464922,0.04987611501170298
3930163,05eadb22-c972-4f04-b1a5-183b7deec038,England,Bukayo Saka,1,572.0934851150839,0.0759528005292301
3930163,7b69c6f0-5f54-4c50-8a7a-36eccc55e9e2,England,Phil Foden,1,525.4762876834496,0.09329597272008694
3930163,aa829640-035a-4d99-9e4f-686d8798f194,England,Declan Rice,1,482.22832829065726,0.12541226494180113
3930163,e345b8d2-a315-451b-9d2a-308b866f5765,England,Phil Foden,1,472.2809991222218,0.12096747718850202
3930163,ec05aeb4-90d3-4fbf-a6b5-3adb0d3207d0,England,Jude Bellingham,1,480.5884422413152,0.1269340840449018
3930163,2888c7e8-cfc6-4dcd-87d6-763974e583fe,England,Phil Foden,1,610.1000995118043,0.11765453538019834
3930163,af9cf2c3-c55d-4f66-a6e9-7433308f6789,England,Kieran Trippier,1,744.792376484242,0.1189746439638659
3930163,594fb65d-42d2-48ee-9409-a0c1de192f8b,England,Marc Guehi,1,468.4003300932154,0.13743110777723005
3930163,098be6a5-4c55-4b59-9bef-0ecb55c103c9,England,Jude Bellingham,1,455.7469995941266,0.14161490381068628
3930163,310b96ed-2280-4428-adf9-57220b5ee42d,England,Declan Rice,1,428.2041521311156,0.1490853044514608
3930163,6c64186e-69a8-4c1c-9e78-55f6d4acb342,England,Jude Bellingham,1,373.52980473423486,0.15276680552731015
3930163,48363221-43f6-415e-8c8c-06dcc0b95bf7,Serbia,Filip Kostić,1,541.7166829177443,0.054159491989924854
3930163,f4416350-6e41-4047-a107-ccac0656d662,Serbia,Strahinja Pavlović,1,543.6078725462474,0.06258428345955734
3930163,d2917a54-0848-44b3-94de-e2d467bf1518,Serbia,Sergej Milinković-Savić,1,561.0144624638402,0.06439978321133488
3930163,08f05aa1-4131-4bb8-b810-362496ad5fb7,Serbia,Nikola Milenković,1,635.677374823197,0.05003891900347207
3930163,ade2d10a-7afc-4620-a347-2f0593be2b83,Serbia,Saša Lukić,1,595.7891102046399,0.07675436956930887
3930163,43ddc9c2-592f-41d5-9650-20621cc2afcf,Serbia,Milos Veljkovic,1,726.1564630221153,0.08402406033953731
3930163,df0f1802-1e7b-4b21-b456-32d5cc262937,Serbia,Nikola Milenković,1,552.0613924267016,0.05979271842134185
3930163,ba47498e-b6b4-4092-a04f-a52e23d3baf0,Serbia,Nemanja Gudelj,1,478.1808749020093,0.07489936704357425
3930163,f6e1f626-aa8c-495e-aa4f-5c96f778be5b,Serbia,Filip Kostić,1,577.1145767285827,0.06751976725298409
3930163,5fb25df2-f47d-41be-aa02-290931cafd52,Serbia,Nemanja Gudelj,1,433.420787195101,0.05585018419397706
3930163,160c6d5e-4ae4-43d6-a3ad-d6591b0050e9,Serbia,Nikola Milenković,1,529.3306077479222,0.10561263962025288
3930163,7d20ff5c-f9ae-4b38-b0f1-d8a1441bbd62,Serbia,Saša Lukić,1,537.6382673757028,0.09563059411376137
3930163,b2d800e0-f616-4457-a134-82c3910a05af,England,Jude Bellingham,1,988.1189623741551,0.10563195077810424
3930163,420cffbd-b4a3-4561-b872-1064bb1adad1,England,Harry Kane,1,796.6094514024076,0.11073238387552194
3930163,88cb5b42-6528-48cf-9e3c-a5a7d2a62d8e,England,Phil Foden,1,92.70507824251496,0.10515539887408547
3930163,e923714a-10e2-4eb5-b00f-c2469fe8d8c7,Serbia,Nikola Milenković,1,347.9326661321563,0.04947271303851338
3930163,ded963ed-fc1e-41e0-8091-0cee5b587012,Serbia,Nemanja Gudelj,1,369.4879223521313,0.05472928205954056
3930163,2f9dd552-41e4-46fa-8da9-45a666ac060d,Serbia,Nikola Milenković,1,354.00417315915627,0.05125508436212044
3930163,641781cb-8d89-4269-9c56-e075b2443914,Serbia,Saša Lukić,1,320.52100975281826,0.04586361429846028
3930163,258a9b0c-7dc4-4c47-987d-4ebf76e687d8,Serbia,Nikola Milenković,1,161.8202708462915,0.04162956151115107
3930163,da851aa5-a8cd-444b-9d4f-69d895532383,Serbia,Saša Lukić,1,557.0644008888141,0.05058190616630165
3930163,a4b57256-db0b-4042-b2cf-26a35b7a38ea,Serbia,Predrag Rajković,1,456.5633682517228,0.052126557028530286
3930163,2c5f1b72-f472-4afb-8e77-f698e49bbb11,Serbia,Filip Kostić,1,509.3749222522532,0.07565771048740985
3930163,168fa624-522e-423f-a346-aa7c7a4b1ccf,England,John Stones,1,665.1088234171621,0.06037271732568865
3930163,16f7f708-1598-4da7-8791-a8e18e69c861,England,Marc Guehi,1,664.1516493759107,0.06238231674913416
3930163,371a3004-25b3-4c11-907a-929319ce4823,England,John Stones,1,768.0539318568863,0.03318810958674925
3930163,e2bc24e1-9ce4-437c-9d3e-19b1bbccc35f,England,Kyle Walker,1,1018.2216650625573,0.06730272363416565
3930163,9b97564e-4fe2-4d67-9ba9-19d8a4e9da96,Serbia,Filip Kostić,1,438.9697890670037,0.12329765625265791
3930163,d10eda1b-e83a-448f-bb89-3344a25ebb5e,Serbia,Saša Lukić,1,430.0256835664581,0.07571539895807643
3930163,59a705bb-650a-4f63-b3a2-43f5c65386df,Serbia,Nikola Milenković,1,519.4205978128955,0.05702835842278875
3930163,5761b457-4000-47bf-b08c-f4d853507730,Serbia,Milos Veljkovic,1,949.914639945172,0.0735771007853622
3930163,b732be7d-e06f-4fd8-8df5-a953215dcbf2,Serbia,Andrija Živković,1,722.9782075205097,0.2292284389561182
3930163,46b87d26-4adb-437e-a3ee-81fa72bad76a,England,Trent Alexander-Arnold,1,249.63417538799038,0.41802384629389017
3930163,bf94648a-ded7-45d2-b556-89bcb93fcfb8,Serbia,Nikola Milenković,1,367.4058007677915,0.04586524674255117
3930163,fb90b4d8-52bb-4727-be8e-9296c9d65823,Serbia,Saša Lukić,1,466.18298021337193,0.05169914794832833
3930163,2ff3c938-ae06-4da3-9cd8-eab846202ecd,Serbia,Nikola Milenković,1,449.8813529462256,0.047813841742841874
3930163,148a0317-6175-46fc-8923-4002c69341de,Serbia,Predrag Rajković,1,289.48583965635584,0.03582159561241204
3930163,7e2256dd-d070-442f-9fda-798ca15f3bed,Serbia,Dušan Vlahović,1,852.628028201028,0.08042658669257835
3930163,1998a967-8279-4047-a2f5-31bbdd63e709,Serbia,Andrija Živković,1,868.811668933842,0.07138512681535661
3930163,a37ae7e0-68c5-463d-a556-89483a2e7c60,England,Jordan Pickford,1,404.33118166858713,0.04036252189962709
3930163,55d39a4e-9045-47e1-b2b8-7ad14bdff8f0,Serbia,Nikola Milenković,1,564.0212015855637,0.08413952465048108
3930163,d01ecd52-df86-4406-9ac5-96994561a2de,Serbia,Sergej Milinković-Savić,1,835.6397223430276,0.08388768857733131
3930163,3bbed419-8ae7-451c-a85b-22849201caf8,Serbia,Andrija Živković,1,784.6250225673418,0.07583543264122687
3930163,bd5a8d05-96f2-48b7-8035-7e213462cd48,Serbia,Predrag Rajković,1,302.005782216539,0.030383200259806925
3930163,7edd87a6-4d3a-4c84-b82d-63e97efc352b,Serbia,Aleksandar Mitrović,1,842.8405658580042,0.061827186445166396
3930163,867764c4-3ac4-4a5a-9f35-57be33ed0c1e,Serbia,Sergej Milinković-Savić,1,286.0411223678831,0.10452102371121144
3930163,5ebfe902-5ac0-43fd-bc92-4566ec2c2770,England,Phil Foden,1,393.49662236757024,0.0560597316278025
3930163,2afd8c3f-d637-497e-9277-58a1093362f1,Serbia,Strahinja Pavlović,1,250.90905660861205,0.09947861035062283
3930163,76fb189f-a1aa-4c98-a183-1275a73f0540,England,John Stones,1,583.9722855469527,0.05645516845260366
3930163,4275b762-ec42-45a6-87ce-e157d1d65265,England,Declan Rice,1,603.2671960626287,0.05401252955321838
3930163,34bde096-277e-46a1-b610-09f8f74c6594,England,John Stones,1,570.2291492177534,0.05802520380702024
3930163,e9fb34e7-a840-409d-adb5-4cba1762cf1b,England,Jordan Pickford,1,618.05201121177,0.05728819692332594
3930163,91fa5e21-53ac-408f-8b23-7d749343e785,England,Marc Guehi,1,814.5525357357427,0.05431236386078999
3930163,4278c9a7-f61b-4662-b72a-c120a4d2954d,England,Jordan Pickford,1,408.3557783409509,0.053048983609367044
3930163,56eca593-3abe-445a-b065-c62c4de08c3c,Serbia,Nikola Milenković,1,602.7712971568576,0.1034089595355811
3930163,6d1dd434-63c3-42f8-a8d4-b51ca510af3f,Serbia,Dušan Vlahović,1,643.4129144928082,0.13585044379459926
3930163,e3f87a09-3453-4c83-b226-c108c5a8b628,England,Trent Alexander-Arnold,1,880.9699371234219,0.10191637879930322
3930163,1f760f16-38f7-4720-b2ad-d463f67b9f54,England,Bukayo Saka,1,443.46710391861245,0.07641138469116157
3930163,6665626d-9959-46d7-ab52-7f82b53a0f7d,England,Kyle Walker,1,20.42374192366399,0.4685625260398908
3930163,63bc8105-43de-408c-8fe2-31a5ff823301,Serbia,Nikola Milenković,1,372.4826200996303,0.06062780648628579
3930163,08cfaa03-da77-4729-8171-c65b3764fbe6,Serbia,Saša Lukić,1,533.4500869159901,0.07414664865217896
3930163,a6b58fff-623f-406f-91de-454d38866b61,Serbia,Milos Veljkovic,1,518.2764878960022,0.0591898703569808
3930163,28cbeea4-34b7-4828-9a61-caa9b27c812c,Serbia,Saša Lukić,1,564.5417378623679,0.10889071342876606
3930163,7718170a-db11-4e76-87db-7d6c05fa435f,Serbia,Andrija Živković,1,676.8701195745402,0.10407020496099513
3930163,c0b6ea67-bc78-40d7-bf3f-2c09d8b76590,Serbia,Andrija Živković,1,493.83211962686585,0.06964682417937666
3930163,0153a7f3-18d5-4d83-b9bb-2158bfe00c22,Serbia,Milos Veljkovic,1,264.7116634383531,0.056264529009900074
3930163,3d2817ed-a8b2-4e1d-9dd7-7e0cd69745de,Serbia,Nikola Milenković,1,277.8212228963763,0.07512849979364153
3930163,c196b72b-e661-4037-9a40-c669f7fa41f4,Serbia,Strahinja Pavlović,1,490.37678156184313,0.062136523201896526
3930163,ab64de48-75cd-47bb-86de-81370e34daca,Serbia,Saša Lukić,1,347.76183304711077,0.06251021460422612
3930163,a7cb887d-1aa0-4c65-b911-3ac265acd05a,Serbia,Aleksandar Mitrović,1,441.61850130393645,0.06375019244082736
3930163,6138f022-e190-475e-9589-1e04317b3f26,Serbia,Nemanja Gudelj,1,566.2511747635574,0.08203729960688652
3930163,bf965a57-21d4-4c24-8d2a-643afe4e61fd,Serbia,Milos Veljkovic,1,657.0030952163316,0.07721117151162432
3930163,ccc8d218-2eb5-4eec-9de1-867ee93dac65,Serbia,Nemanja Gudelj,1,509.81720480253733,0.0903417590959864
3930163,ba36192d-ebd9-4dbd-9b7b-a612adfc41bb,Serbia,Saša Lukić,1,418.909377939431,0.11308161623286085
3930163,ad0d4fb4-a5e9-4ec7-a37b-49214777044f,England,John Stones,1,527.4191933815739,0.050244751186548496
3930163,c849f504-d088-4e62-ba5b-cdf01e63b1f7,England,Jordan Pickford,1,365.0082090115828,0.054674759710963285
3930163,90d8f2f1-0618-4993-8b08-5447e5c56cc5,Serbia,Saša Lukić,1,531.7884431451939,0.0846877910124457
3930163,ffc3160f-3468-4a2b-8fcc-eeefaa694a98,Serbia,Nikola Milenković,1,422.00015045532945,0.08281517738167878
3930163,9638e85c-4903-4e82-bef8-6d5a19ec3e45,Serbia,Saša Lukić,1,492.73205480370086,0.17343157015924474
3930163,9ab4efbb-b258-4508-8b1b-bea3e1f7a861,Serbia,Strahinja Pavlović,1,474.9830537976114,0.14283616502773316
3930163,a00ec864-340a-4882-aaac-5086a70033cb,Serbia,Nemanja Gudelj,1,396.3775892903315,0.15199919544846008
3930163,e0f83e6c-b449-4f1e-8e74-0a92775d02f9,Serbia,Saša Lukić,1,349.91708583485337,0.14214658691599774
3930163,32fddd88-22e1-4784-a4e2-cdfc3b2c415f,Serbia,Milos Veljkovic,1,684.0225437977383,0.12066725044865614
3930163,649390a4-7925-4741-9282-5c59615a0168,Serbia,Andrija Živković,1,720.0482730224497,0.12658658942598827
3930163,99c107ee-80a0-4990-a0ea-5c4fce739346,Serbia,Milos Veljkovic,1,611.5386048695002,0.06538305183393867
3930163,d9355686-7d80-46c9-b617-79da3b80600d,Serbia,Nikola Milenković,1,386.9694156941594,0.050433812991605244
3930163,8b5e2681-515b-44c6-8bf3-abaecfccca12,Serbia,Milos Veljkovic,1,762.8774148904618,0.046904693426254244
3930163,52997eec-f973-49d7-9082-0a9a1d7f039d,Serbia,Andrija Živković,1,521.2005259371231,0.050983444876676026
3930163,05be0047-b165-4769-976e-a337c1429b27,Serbia,Aleksandar Mitrović,1,665.6320284615604,0.06799717044945265
3930163,53926ec4-5a53-4286-92a4-91577e211f75,England,Jude Bellingham,1,905.5726046750548,0.147254443326195
3930163,463a8959-8c89-4510-8bbd-93a3e701edf8,England,Kyle Walker,1,651.4385925165321,0.15072065993738715
3930163,694fcd7e-7695-4559-9f33-db7e91fb760f,England,Trent Alexander-Arnold,1,612.9243028834602,0.15488530783806853
3930163,127d4626-cbee-4563-ac81-f73805c04b6c,England,Declan Rice,1,566.4054274821688,0.15695084948391141
3930163,e9fee897-3132-45f6-a52b-13e137429245,England,Declan Rice,1,451.2360903701149,0.1652030893016733
3930163,7a577bcb-3976-41e6-8dc4-7d8711d89697,England,Jude Bellingham,1,456.0974422595794,0.17834539488484846
3930163,d78e949c-3178-4b18-a89a-10a841301777,England,Kyle Walker,1,506.0765357572824,0.14422302418902055
3930163,909ff6db-758f-4a52-98aa-7ce669a34e9a,England,Declan Rice,1,497.1450361287089,0.14062972416410807
3930163,fed900bd-9909-4c00-a0ee-929f6fc21799,England,John Stones,1,478.47601555008134,0.13853403284158283
3930163,e0b4d630-8ae1-4a0c-b544-1c3a14d2cf5d,England,Kyle Walker,1,609.9660117190754,0.13320707831140202
3930163,538a5839-e86b-4b44-9bbf-0a19a59282f8,England,Trent Alexander-Arnold,1,552.6245838360717,0.1378324151963849
3930163,389c885b-d88d-433e-99f6-ce00e039f2bb,England,Trent Alexander-Arnold,1,425.5750287494877,0.1094655985521415
3930163,d6ff3014-57e2-4a70-baed-07639bd08e2a,England,Bukayo Saka,1,144.10474610303203,0.29549974468871837
3930163,0920a1bf-4093-4619-870e-c87a4817863b,England,Jude Bellingham,1,180.54993518034163,0.33320762820461486
3930163,8a1e349b-a17d-413a-a014-378d807ac1f8,England,Trent Alexander-Arnold,1,265.36243311790173,0.3132203858511521
3930163,c05e973f-90cc-40ba-bba6-70ff7e9945c8,England,Kieran Trippier,1,510.64361255219956,0.13087503598839662
3930163,eee8c9de-aef7-4dc3-aac6-ab31241d1bc1,England,Jordan Pickford,1,353.83758834197187,0.06062134813794053
3930163,76b1a13f-aeed-4350-a350-ed4a2e48a355,Serbia,Nikola Milenković,1,479.3631776341381,0.06649963157277258
3930163,846aeb56-a9aa-429d-8d42-70e1321cff73,England,Declan Rice,1,504.59860152159683,0.08192089728239349
3930163,602a3eac-0f95-489b-8526-fd1bdb4d87c8,England,Jude Bellingham,1,398.8358827861648,0.08921214306874556
3930163,81f5d191-8d3e-4c0a-b194-da6eded8f53c,England,John Stones,1,629.1576308488484,0.15583977057605972
3930163,2cf26dc1-dc3c-43de-994c-70ec4f6f61c0,England,Declan Rice,1,484.793943397881,0.16931210719508563
3930163,ca9663fb-ac68-40cf-8bdf-d60d29234343,England,Kyle Walker,1,405.4295132991515,0.14008620605881045
3930163,1820abe2-ff77-4657-8634-32ecaa4ee5bb,England,Bukayo Saka,1,358.29473232123894,0.29330750633050123
3930163,7e03f6d0-ef41-4ff1-81a7-a8adb544523a,Serbia,Dušan Vlahović,1,222.5571351696102,0.06549564137459507
3930163,0818267e-ab74-4b9b-b416-a3a65d75b652,England,Marc Guehi,1,436.86496930922294,0.20035774191910094
3930163,e5734419-3eca-42da-aea3-c22461c963f0,England,Jude Bellingham,1,477.10758115763167,0.2217058097247005
3930163,476e3716-9afa-475f-aa35-ec5298349ec8,England,Declan Rice,1,243.94190886269087,0.19017923141768842
3930163,4acf4082-d77f-4962-a972-415e1a387193,England,Trent Alexander-Arnold,1,409.1530620813879,0.25284657687131795
3930163,857e365d-313a-4305-9141-4fe1d1c59368,England,Declan Rice,1,538.4496666910884,0.2386162817079919
3930163,23f31eb8-4ffd-42e4-be27-fa496051f9b7,England,Trent Alexander-Arnold,1,603.7914109990405,0.21621254297603001
3930163,8484514e-760a-4b38-93bc-d677d3dfbc46,England,John Stones,1,461.6892652326228,0.17055747251508294
3930163,3714f4e4-94d2-458b-9f14-8ffb520b8d8b,England,Kyle Walker,1,406.8549558885537,0.15971195790581716
3930163,d4442c5a-0c29-4f4e-8144-43162c29aee4,Serbia,Predrag Rajković,1,356.6598222273417,0.045110278471300364
3930163,a278813c-0d46-46f3-9a95-1f84b6c575d9,Serbia,Nikola Milenković,1,277.6946188048463,0.07875843813768363
3930163,3a6c765d-42ed-4c40-9793-7b1988bb0b6a,Serbia,Nemanja Gudelj,1,624.1065966478563,0.06897595229369922
3930163,d01dd44c-743d-4ce1-9b6d-44a9d8d87656,Serbia,Sergej Milinković-Savić,1,460.85276698958694,0.08723158072087045
3930163,4faf0739-23a1-489d-b922-e43bda9b4064,Serbia,Nemanja Gudelj,1,464.20065420558115,0.06555069347669717
3930163,333ea3e6-49f8-4181-8bf2-f8053efed290,Serbia,Nikola Milenković,1,669.9308594212353,0.07427184834508564
3930163,713c4879-5e32-4424-9caf-bd2930476ceb,Serbia,Andrija Živković,1,728.0320641543424,0.08383175155631692
3930163,b618495a-e219-4a35-90f1-778cb3709700,Serbia,Sergej Milinković-Savić,1,426.27216037849064,0.08764734451511044
3930163,b0cb4ec2-707d-4564-bbe1-492ccc62f8e5,Serbia,Andrija Živković,1,357.52849541250805,0.054145172712161044
3930163,57bd5bad-9340-434e-9180-7556b682b3cf,Serbia,Nikola Milenković,1,409.6421581973894,0.05861488459310346
3930163,fde9ceb4-653b-494f-bcc4-2ff0cb81e030,Serbia,Andrija Živković,1,508.5634837877191,0.06712090139988554
3930163,f7727a9c-dda3-453e-bfc1-cfe77a599676,Serbia,Saša Lukić,1,899.7903406820919,0.08022880061811694
3930163,c7c38d25-1880-499b-a9b3-fcfba50dc0eb,Serbia,Sergej Milinković-Savić,1,608.1064559761103,0.07978122095866987
3930163,dcaabbd4-e977-431a-92db-df26f0d3251c,Serbia,Nemanja Gudelj,1,484.2770293331338,0.09559340840181584
3930163,491edd1c-3a99-431b-bc20-0569304db50e,Serbia,Filip Kostić,1,478.3853840787487,0.08049222691629909
3930163,80ffa1b7-9c54-4523-850c-a4b94e4cc7fe,Serbia,Strahinja Pavlović,1,515.0548667018152,0.08863377630234295
3930163,b8b2b859-375c-4302-a92f-0e2e87d1f126,Serbia,Nemanja Gudelj,1,386.3269313632669,0.09131397955774381
3930163,1f9c07b3-26f4-4e56-a2bf-d34e8568e036,Serbia,Andrija Živković,1,728.4322448801363,0.13823475633095333
3930163,0d1b87d0-ee41-4584-ac2e-f15f3d804a14,Serbia,Saša Lukić,1,464.0082451713237,0.1493035874412223
3930163,a1765a22-768f-4d55-b5f6-67606c7cbc43,Serbia,Milos Veljkovic,1,558.6733936101365,0.11164780234499538
3930163,a3f02ba5-41a6-4412-90d5-61586bae6a45,Serbia,Andrija Živković,1,539.0656975560939,0.11304155081776329
3930163,3377401b-f6ad-4b05-b34f-0bbfb050a1df,Serbia,Saša Lukić,1,475.4710234746603,0.12881077852878
3930163,e451a063-5767-4a2a-b08e-f73b7eda55f8,Serbia,Sergej Milinković-Savić,1,523.4650371940087,0.14059733390963677
3930163,0c101eb7-b4f6-4a61-bc4e-284a5f92295d,Serbia,Aleksandar Mitrović,1,862.2642259859731,0.13109111913001387
3930163,555e6fb8-fc7f-4f4f-b291-cd92285da7bb,Serbia,Andrija Živković,1,283.8431569660508,0.1592413441536551
3930163,adb5053e-c221-4196-bfcf-cc110a1c674b,England,Bukayo Saka,1,280.181778660363,0.06152725677444075
3930163,984c3109-0d0c-40e9-82ca-22d19d2420c7,England,Jude Bellingham,1,463.50825590366145,0.05833803993402416
3930163,bdd7d025-5ce5-4d97-a511-fbbbce3f66aa,Serbia,Nikola Milenković,1,358.9563215770997,0.14400102209863347
3930163,cff361d3-d6ec-4455-89aa-54741c8c59e0,Serbia,Milos Veljkovic,1,438.72406967146566,0.1226639239764191
3930163,b6af8ae1-832f-4848-8cef-b18cd9ab72b4,Serbia,Saša Lukić,1,513.4754804861534,0.13755679297264542
3930163,d7d07a64-fcc4-47db-ac69-403e6eba5b02,Serbia,Nemanja Gudelj,1,439.1898562847755,0.10165027172924221
3930163,6d96b6ca-b767-4d5f-a72d-3f7fb1a0e98b,Serbia,Aleksandar Mitrović,1,483.8255343361176,0.10810033495375576
3930163,010ae1b6-d50e-4fca-8162-d3f37112e0be,Serbia,Saša Lukić,1,551.6211209317703,0.09357199681412767
3930163,852b01fe-f1b3-4c02-905c-9b273338b82c,Serbia,Milos Veljkovic,1,429.5425886128951,0.07820697397431017
3930163,2bc92b70-7cdb-48ad-872e-7bd6b3a03c49,Serbia,Nikola Milenković,1,409.1406251012303,0.05822673626860257
3930163,8b38658c-744f-4186-b517-eaab746dca52,Serbia,Nemanja Gudelj,1,551.0351980579187,0.10095327851869346
3930163,50ee19f4-d4f8-4131-a0d9-b99ce09ed862,Serbia,Sergej Milinković-Savić,1,535.9243214733245,0.12170503573340205
3930163,17da768c-1bee-42f2-8cc7-49430ff720fb,Serbia,Saša Lukić,1,537.8551803854896,0.13172475343562381
3930163,9b8ccc76-8df7-4cba-91db-c575b34145f7,Serbia,Nikola Milenković,1,455.79468096253476,0.1018904214536896
3930163,44821379-f445-45d7-ac97-1dd15f31a840,Serbia,Saša Lukić,1,286.78106979671344,0.14719988267790296
3930163,0b0a7ac5-7c5f-4b86-81d1-3f692090111e,Serbia,Filip Kostić,1,441.22804357814164,0.29675365809483556
3930163,a41fe906-5b93-436f-84ff-e1cfb7111060,Serbia,Strahinja Pavlović,1,358.43826469097775,0.31772928426176544
3930163,333580d0-429e-4eb6-9968-d3d009c1f3bb,Serbia,Filip Kostić,1,335.2599755629634,0.32705999569556266
3930163,4ca725ed-61d8-4365-817b-abec9efe51a3,Serbia,Nikola Milenković,1,266.98664085678115,0.03711296089361058
3930163,db3633b7-1b20-4a42-93b8-f5e5a31f16c8,Serbia,Strahinja Pavlović,1,285.57323484019,0.05644509978408608
3930163,5930568f-fea1-4361-97d3-67e4d4f8de04,Serbia,Saša Lukić,1,332.1656967304901,0.059028029188193415
3930163,26672fb8-d94f-4dc9-b0a5-550ca7600887,Serbia,Nemanja Gudelj,1,627.9413623197345,0.12506008021125703
3930163,b9fd23e7-0e07-4e2c-8772-ed2539ebda6e,Serbia,Nikola Milenković,1,404.9994170030366,0.09639785570573677
3930163,2f700c08-73f9-40ec-97d8-e97581c4506b,Serbia,Nemanja Gudelj,1,395.9719776747478,0.11990746632684134
3930163,e63f35e6-de25-4ae3-bb03-3816933ef262,Serbia,Milos Veljkovic,1,599.9123886804293,0.09344465573876505
3930163,f837706b-e214-47e8-880b-01f9de17880e,Serbia,Nemanja Gudelj,1,715.3094007532645,0.10814209569139473
3930163,f7df8e45-a22f-4e36-8d99-03e8c165116e,Serbia,Milos Veljkovic,1,687.1071811860497,0.1004530895490645
3930163,62585768-c010-410e-aa7f-eee7b35b1310,Serbia,Nikola Milenković,1,537.3736770177943,0.12376202574868293
3930163,58432152-cb21-46bf-b7ac-25ecc04e204b,Serbia,Strahinja Pavlović,1,601.1609851470416,0.09683575883824391
3930163,733ec81d-8354-485d-b4f7-c4714adab323,Serbia,Saša Lukić,1,501.66230596033637,0.10247933689344035
3930163,79ae981d-9425-4923-aa6f-ff566e5727ed,Serbia,Sergej Milinković-Savić,1,542.9775854870027,0.10378224677739387
3930163,74ce0c60-4ec0-4d96-ba08-381653bc0ce9,England,Declan Rice,1,326.34473332058775,0.062035701122679573
3930163,cca7ff26-4291-4da2-8ce8-fe48656a727e,England,Jude Bellingham,1,422.5071963692979,0.06685299751731309
3930163,de773d93-5731-4c3c-93f8-bc700654464e,England,Declan Rice,1,360.36089222579426,0.06676899020167747
3930163,484f922e-dcf9-4977-9ba7-4d7eba9adee8,England,John Stones,1,488.95911229023363,0.0615939524128269
3930163,67e9c09a-39f8-422e-b754-731979f1475f,England,Jude Bellingham,1,559.1858841793251,0.06186227426859263
3930163,f664d72b-c807-4497-b394-720b84f22e10,England,Declan Rice,1,477.1351843981645,0.058019793158622934
3930163,41529f30-e9a4-4d60-a176-8689f57d1505,England,Trent Alexander-Arnold,1,695.6377177304789,0.07127650458888136
3930163,61201e57-ef15-4846-8de9-cb717a914c4f,Serbia,Nemanja Gudelj,1,681.8171094149544,0.10946720252284102
3930163,f0e660a1-aba4-4f94-8d9a-5870f0181ffb,Serbia,Saša Lukić,1,476.7049778305268,0.13135585075267897
3930163,d8b6de4f-83df-47e0-b8e9-5195ccb23ad4,Serbia,Strahinja Pavlović,1,532.651745198445,0.10905329896349628
3930163,5279a7dc-a811-4f70-8e03-baf7f9916f40,Serbia,Filip Kostić,1,410.3327216891796,0.09334161659967247
3930163,a542b977-ea52-46a3-9a42-4155e48bc181,Serbia,Saša Lukić,1,383.625142324267,0.12315591764811624
3930163,7d45cfa4-2851-4710-8f20-3a47d910bd17,Serbia,Milos Veljkovic,1,446.41479319539894,0.08689104230250383
3930163,5b9500df-35dd-4bdb-a5b9-e04f062d0e99,Serbia,Andrija Živković,1,498.78668439209173,0.10853991850648351
3930163,1287740b-bb94-4663-84f1-0cbfaf2ade3a,Serbia,Milos Veljkovic,1,600.119052210451,0.0862849956196318
3930163,496ffcf2-5f76-48a7-83a0-2773f56b3aa5,Serbia,Nikola Milenković,1,410.96893957743634,0.042303257063023514
3930163,7bac1dfc-7825-421c-a97b-77a39f1311a5,Serbia,Saša Lukić,1,401.86044493831685,0.058142776521087666
3930163,046b2e1a-20de-4675-bedb-92020daa4962,Serbia,Sergej Milinković-Savić,1,899.2342406751211,0.08468708052004818
3930163,ebe7bd28-07e4-4813-874c-e6fbb3f4620d,Serbia,Andrija Živković,1,664.0154824968804,0.07441964005841238
3930163,956d0218-56c0-482b-8032-cb1fa42f1e47,England,Declan Rice,1,344.92035948527365,0.05588714835563474
3930163,7f820246-0143-4f19-825a-dbeadd939729,England,Bukayo Saka,1,366.37873456601443,0.17915787394552235
3930163,66ba0929-935e-4e37-aa99-4d6c7d2e845b,Serbia,Sergej Milinković-Savić,1,664.0579303392302,0.056596708324619036
3930163,35ab1135-7545-46b3-a649-fd9f443f2c42,Serbia,Saša Lukić,1,646.0543504611351,0.07387026871112329
3930163,0a4e38f3-9cd2-45b9-9db9-2ff54fd85880,Serbia,Nemanja Gudelj,1,757.231510851668,0.05639880842826464
3930163,ba33e539-3c8a-4944-a8ea-a2315a7f5045,Serbia,Strahinja Pavlović,1,371.4183349681207,0.05535937136130353
3930163,ddc29e15-3dfd-4a63-a691-27fd8fe17ebf,Serbia,Nikola Milenković,1,403.78546349398385,0.061105014815205076
3930163,677accc4-817d-4590-a4e9-aa1d0c959399,Serbia,Nemanja Gudelj,1,396.9961134649969,0.07572953305767616
3930163,33b9dbe4-3303-4a01-854f-c9d2e32eac69,Serbia,Nikola Milenković,1,497.8723473326103,0.059298537004356215
3930163,acd771ed-0819-485a-9668-b2b36c8137a2,Serbia,Sergej Milinković-Savić,1,616.1514583495743,0.06401072570728673
3930163,5c8c9d07-c8b4-4ac8-b9d3-28dbfeef09f6,Serbia,Milos Veljkovic,1,606.9444134463866,0.08016150027214919
3930163,91ce4452-4665-44a9-a049-30e0469225e7,Serbia,Nemanja Gudelj,1,632.968650637744,0.06938800878204114
3930163,fbee193b-c439-4cd0-ade2-ec2417f9022f,Serbia,Nemanja Gudelj,1,541.8112361959428,0.09269113595671574
3930163,c7704a9b-f2c6-4e26-be5f-a148178f6c3e,Serbia,Nikola Milenković,1,895.6261261011759,0.13631219592460322
3930163,7bef832f-4d79-4b1c-95b4-baf1b6321b0a,Serbia,Milos Veljkovic,1,876.9635273568919,0.11728986037428464
3930163,4d106b66-71ab-4585-8507-fe03eab399f5,Serbia,Saša Lukić,1,627.2004401320146,0.14544312726646397
3930163,44ea7cbc-e743-4d14-992b-5150b943386f,Serbia,Aleksandar Mitrović,1,458.240118130146,0.13909927795542712
3930163,20265eb3-1543-4c36-90b4-16a6ae80f982,Serbia,Filip Kostić,1,474.7977820636643,0.2148150512045489
3930163,94ff84f9-b9aa-4292-9982-26b9256a6ac9,Serbia,Saša Lukić,1,270.7947028636354,0.2606527639429246
3930163,110422ba-82bb-49cd-adbf-de7e97ba20ed,Serbia,Milos Veljkovic,1,373.77961430660224,0.24111846907878592
3930163,c5139184-90dc-44f3-acd9-8fbdcc80a984,England,Declan Rice,1,378.7697000842937,0.057337103913900116
3930163,a478dff5-cb5e-4c84-9dbf-cb421ebb1767,England,Phil Foden,1,531.4307867840839,0.06023362392688178
3930163,10487d0f-28ca-4705-b979-884b514480d9,England,John Stones,1,548.459263681559,0.10355012130177418
3930163,0f0c00ce-ea94-4224-ad4c-72bcb50f4ac6,England,Marc Guehi,1,590.4361921527264,0.10687433114926015
3930163,6329fc7f-4b44-4889-92f0-c077917aab6e,England,John Stones,1,683.11259490947,0.09560569836513934
3930163,769cab02-6a47-4295-bde6-7fdd0a98e560,England,Trent Alexander-Arnold,1,697.8355690067697,0.10498874592148229
3930163,e8fb8b6b-f749-45b8-b13b-3388553b5fe7,England,Marc Guehi,1,709.113255560919,0.09914238835090934
3930163,11de9cb7-4f17-4428-a6a0-09b175d48448,England,Kieran Trippier,1,526.2054653132125,0.08682584845905182
3930163,3f4be788-9e02-4d84-abbf-0d7032abecde,England,Jude Bellingham,1,638.8421647948949,0.11029989406270696
3930163,75d7559c-4bd4-405f-9e1f-95a04a9b5500,England,Phil Foden,1,604.3259927850696,0.1262617240744323
3930163,8c6480e2-4515-4217-9a84-4d86350162c8,England,Kieran Trippier,1,616.1055489481665,0.11422721345063402
3930163,fca09b88-55dc-4912-a842-b2a5e91b9e03,England,Jude Bellingham,1,549.7584832199967,0.11163449346026204
3930163,b26c5c54-1b78-4959-a19d-59311275880b,England,Declan Rice,1,545.9765794096501,0.11871422504254886
3930163,b1bfa62f-0b79-4532-9483-b448800780c0,England,Jude Bellingham,1,543.0039406026359,0.10858502319720904
3930163,53e23ba9-13c0-491f-994d-22cf753892ba,England,John Stones,1,563.4132014285304,0.11296508972914161
3930163,bb5ea5e8-d166-45bf-a2eb-1660d2d8d306,England,Kyle Walker,1,639.3329439561924,0.10361742443228154
3930163,12ab18b4-e21c-4ada-8059-c0326fa16ea8,England,Trent Alexander-Arnold,1,595.1385663370329,0.10732668436110956
3930163,f0e03492-e99d-436f-aca4-40fd6f4d4cd3,England,Bukayo Saka,1,557.7876092543037,0.08312157553365501
3930163,b01bfca7-a2f8-49f6-9f32-6cf74f9c0f1b,England,Kyle Walker,1,392.8320903638438,0.06978695549714758
3930163,d1a9a144-52f8-49b0-b911-e709406e5426,England,Declan Rice,1,461.2230040331724,0.09628780457578008
3930163,7fcb6ed9-0962-45bb-b23e-492dda47ff42,Serbia,Saša Lukić,1,350.92347383849847,0.07822659733629332
3930163,c96b9725-7907-48c0-8813-c2339e4bea26,Serbia,Andrija Živković,1,379.26618835914536,0.06512316197905504
3930163,a26072b6-0213-4365-a2f6-d52904d688d1,Serbia,Milos Veljkovic,1,474.06015295561554,0.06354330426287003
3930163,2ee9d961-c5ee-46b9-8421-a4d9f94f9633,England,John Stones,1,246.66081213419608,0.059051654558021895
3930163,522a2740-9d25-4b61-80ad-15985ef3e38b,England,Kyle Walker,1,336.8501879412595,0.05476141848795073
3930163,96c07b9e-cbe9-47fe-b840-0e6998205960,England,John Stones,1,304.56889223201176,0.05657352631551519
3930163,71130713-e032-4faf-a724-0477e05864d1,Serbia,Filip Mladenović,1,251.81933932438142,0.2462020553248771
3930163,e32b996a-5fee-4cdb-81d7-29b954a66504,Serbia,Filip Mladenović,1,270.94376537598805,0.26614150688348703
3930163,307b5d01-939c-490c-95cd-5a7c981721a3,Serbia,Nikola Milenković,1,480.1940223289,0.14084383921416616
3930163,1be88a50-7423-4a99-b1dd-9249da27f0b5,Serbia,Nemanja Gudelj,1,465.3735182577843,0.1270460094849204
3930163,d6b08208-b1d4-45d4-ad45-7cb6762b6f08,Serbia,Filip Mladenović,1,446.0652220444498,0.1331632382202147
3930163,f5ce996d-1b4d-447c-8d59-853dadb0fef0,Serbia,Aleksandar Mitrović,1,411.6137027488173,0.1431737866017586
3930163,f9c9f470-f944-4956-9a8c-dfa7a4eb78a4,Serbia,Strahinja Pavlović,1,373.0651881838651,0.13911725892781188
3930163,462cedbc-bd93-43e2-b7d1-a7f5eab41edf,Serbia,Nemanja Gudelj,1,333.96262287339596,0.11813796738536154
3930163,0ed1f954-e02f-43a4-a2df-df3d1a0ccb55,Serbia,Nikola Milenković,1,683.6755861341572,0.11332396340412199
3930163,971e8c70-c2cf-4d68-8c15-e159db03df0b,Serbia,Milos Veljkovic,1,785.676775372111,0.09543196603173912
3930163,65b5f954-3b61-459b-b63a-58b47d2ebaaf,Serbia,Predrag Rajković,1,745.2612820148394,0.06747594567778548
3930163,385275d0-3dda-4422-b229-36babfea9935,England,Jordan Pickford,1,565.9602768402514,0.04586196366512966
3930163,aabcfdbb-0585-4ac5-8210-b99655378fe1,England,Kyle Walker,1,997.5891905533628,0.06445954660018684
3930163,9ecce7f8-5e6e-450a-9869-5f1fa52145f3,England,John Stones,1,756.0732904233416,0.049970849441661476
3930163,b04f376c-e472-460f-9ad5-d938e4978912,Serbia,Nemanja Gudelj,1,570.9078524014687,0.18465622067916349
3930163,a87169d3-280f-4fcf-9b85-b8c1b0f4975b,Serbia,Strahinja Pavlović,1,509.18332957031794,0.15144864645717862
3930163,0af7587a-5f73-41b4-8902-d7a0bd1a3c64,Serbia,Predrag Rajković,1,274.54970082558776,0.04776568804457422
3930163,34c1694a-80a3-4ce8-95e5-4270901b1073,Serbia,Nemanja Gudelj,1,562.709827950212,0.04153952161034839
3930163,06f74d5e-d7c3-41c0-bdc9-0a7f851d1dd3,Serbia,Nikola Milenković,1,370.7107523431199,0.027172349119024518
3930163,c9dbd697-d036-4896-8e5b-5061b893affd,Serbia,Nemanja Gudelj,1,335.1342134376006,0.041392113600203465
3930163,99a1839c-04d3-41b5-ad8a-0b294b18c5fd,Serbia,Nemanja Gudelj,1,266.2186133518987,0.0363449469842517
3930163,a8f16324-68dc-4539-8e2f-ee5e1280d07d,Serbia,Sergej Milinković-Savić,1,258.26177094264654,0.03816663213682434
3930163,88efb7f7-079b-4c5c-ac7c-fe245e7294bb,Serbia,Nemanja Gudelj,1,221.64805155971305,0.03984817396780446
3930163,68b516af-f799-49f2-9e50-e74b3c5b8231,Serbia,Nemanja Gudelj,1,602.04635477594,0.09205612890460639
3930163,67a99f56-7c6e-4705-b20d-057513378d43,Serbia,Sergej Milinković-Savić,1,669.2159224615239,0.10064360184321094
3930163,3b7cf9aa-45dc-458c-804d-e65ca43c40a7,Serbia,Nemanja Gudelj,1,626.4873027893709,0.1041540010687228
3930163,07992bd6-bdb7-40c4-934a-2979e7c114dc,Serbia,Aleksandar Mitrović,1,631.927313550541,0.09715148476786734
3930163,663ba0cb-6d47-413f-8c99-5449d0b69513,Serbia,Strahinja Pavlović,1,499.5298596915062,0.09803850379604145
3930163,5ef7a888-7d61-4d5e-b540-a9dc9b8ab9e7,Serbia,Sergej Milinković-Savić,1,332.5910463884804,0.14800888310915533
3930163,68e07ad2-21f7-4723-81ba-9de4853fffc1,Serbia,Filip Mladenović,1,313.0769714894248,0.13286301027611988
3930163,9d72c4ee-210f-4e8f-8a13-23b421585de0,Serbia,Sergej Milinković-Savić,1,319.7503285479275,0.13644881918637186
3930163,61f7132c-d0b7-4bec-903e-b1c6e2efca57,Serbia,Saša Lukić,1,296.8161721550104,0.1752486463680964
3930163,44d042cc-a534-48a0-bab1-8c26eb4a4522,England,Harry Kane,1,340.96805771251525,0.134216201035336
3930163,57fbbc86-9278-4d27-9339-0c1950589136,Serbia,Nikola Milenković,1,414.74557289339026,0.07739831121412838
3930163,55b7ff6a-731e-437b-ab0b-ddb641e6da15,Serbia,Sergej Milinković-Savić,1,310.525976143709,0.09759555312475576
3930163,56c8d117-9d25-4c77-87dc-a5216ed3b504,Serbia,Aleksandar Mitrović,1,339.3767381978227,0.12475621427743505
3930163,393baf29-c2af-41bf-98f9-f43b89ee5ca4,Serbia,Strahinja Pavlović,1,372.48338726253763,0.10701930998833104
3930163,2d31c7e5-4c7f-4cd5-974e-9ce3b6bb94ca,Serbia,Sergej Milinković-Savić,1,341.89887974912295,0.10309399089384519
3930163,bb31051e-d9d4-41fd-ae09-ddaba6cc070b,Serbia,Saša Lukić,1,409.52583495261445,0.13365521295142502
3930163,a91e9cf5-bf74-4f03-8f9d-9ee24b685961,Serbia,Nikola Milenković,1,468.5360809148769,0.11530583383174532
3930163,bef2eadd-e008-4c02-9166-2526129ffa24,Serbia,Saša Lukić,1,564.9905194589828,0.14254525079114128
3930163,15a897e2-323a-4f88-95b1-3a664ea49c84,Serbia,Nemanja Gudelj,1,519.0175296103625,0.14508058120823683
3930163,9e5e2feb-5b34-4f64-a337-7a85041b72a5,Serbia,Aleksandar Mitrović,1,501.7713990377104,0.17032015895706973
3930163,2dd42cac-b6af-450d-9e4f-cd70aba9a39a,Serbia,Nemanja Gudelj,1,415.8086817811953,0.13396546437385168
3930163,1ccf5aab-33af-4a65-91d2-6044dc817112,Serbia,Saša Lukić,1,514.0852290067244,0.2098750417982418
3930163,f85732aa-0462-471c-a13b-47b7cf3bdccb,Serbia,Andrija Živković,1,542.6489693788907,0.259748191711774
3930163,b9da19b7-b6e6-4495-b58b-d6ff27be9be1,Serbia,Saša Lukić,1,390.1304336760436,0.3324925822699463
3930163,58bcfcad-5c13-4bba-a714-f09f796923b7,Serbia,Filip Mladenović,1,120.77359991620314,1.0557100635725503
3930163,00e523d5-9e39-4cf3-b253-1cc3e55da86a,Serbia,Filip Mladenović,1,287.1462224133629,0.49856901932557185
3930163,27759e82-d9cb-41ca-a109-1b1e038b591b,Serbia,Sergej Milinković-Savić,1,327.3769381317846,0.4614975252542315
3930163,56fec8e5-1581-4180-ba8c-f03403af80aa,Serbia,Saša Lukić,1,297.9083561952155,0.37876020359838464
3930163,007282f5-a072-448e-9fcf-13b996bbd3a3,Serbia,Aleksandar Mitrović,2,484.40435914177283,0.10129295076408693
3930163,42338f0a-99d0-4c16-bcad-e4ccd6208b37,Serbia,Ivan Ilić,2,412.8360796198025,0.11054891747163482
3930163,07dc28b9-5f9c-443b-9293-c94080229cbd,Serbia,Strahinja Pavlović,2,408.85714566541554,0.08507794653263796
3930163,f42d325f-6e04-4958-a081-23185b46be30,Serbia,Nikola Milenković,2,593.1688777858635,0.06636255857819949
3930163,ea90391e-ddc6-437d-b46f-7779ec8a14d2,Serbia,Milos Veljkovic,2,797.237890293236,0.0460953329168534
3930163,fea3b321-870a-4ada-8870-9fb6a37ee290,Serbia,Predrag Rajković,2,571.0418775426756,0.059152643552018505
3930163,0f0ea51b-19d3-4818-b923-2dae174c13d3,Serbia,Aleksandar Mitrović,2,657.8492946389986,0.10512134840660256
3930163,e4c5af74-24ed-490c-86c1-959993e30b6a,Serbia,Andrija Živković,2,548.6120364205728,0.09955750957940628
3930163,1b26f34e-ab57-43c7-8eca-5ac5614ed132,Serbia,Saša Lukić,2,462.3500277972656,0.12854276729799596
3930163,86b4af40-ca75-4f29-9f33-76c42a7715e8,Serbia,Andrija Živković,2,579.7640075700264,0.11623270195710467
3930163,bda8ca52-049d-4b43-83e1-e0ed819f7330,Serbia,Ivan Ilić,2,472.24877460156006,0.1444417954416277
3930163,7bc5d751-90e7-470a-a628-28b2d6f1bddd,Serbia,Sergej Milinković-Savić,2,412.2840304800082,0.1297741442228864
3930163,d746b828-0db0-4eaa-9dec-f0a212d66866,Serbia,Ivan Ilić,2,330.1691272456908,0.12657762542149387
3930163,a78fd79f-08ae-455c-b10c-b3c927e72a02,Serbia,Nikola Milenković,2,706.1655106557661,0.20909418970219465
3930163,8175c909-abe5-4c87-9355-d54a094107a2,Serbia,Milos Veljkovic,2,504.6077432362345,0.17986511774086691
3930163,000a2fce-5d6f-4714-9167-0e597b06995a,Serbia,Andrija Živković,2,279.0951936713319,0.13228605996225035
3930163,05e49294-cc7f-4349-8df3-8e0703b4e3eb,Serbia,Milos Veljkovic,2,446.80593684056714,0.0977812119054592
3930163,2e9daf9b-3bd5-40b6-a2d2-74a9c10642b7,Serbia,Ivan Ilić,2,495.9296182710451,0.1330716571317053
3930163,b6d2ad59-442d-4dec-bf46-0c2b54dd3dae,Serbia,Nikola Milenković,2,774.4866317221902,0.08613430177790564
3930163,7a8aa317-55ee-49be-8b27-1afee7dcf485,Serbia,Milos Veljkovic,2,949.7814498606665,0.05724113158542878
3930163,58d89d3d-cd42-41c7-9d49-4f7e14809c84,Serbia,Ivan Ilić,2,720.3671636800759,0.09172779702832594
3930163,38633288-f4ac-40b7-ad07-c196c7d31ce3,Serbia,Sergej Milinković-Savić,2,466.2753034586652,0.12346452876961012
3930163,19cf8fd4-4716-40c8-b2b4-700edaf89ac9,Serbia,Saša Lukić,2,352.1513266255459,0.12047119433846898
3930163,1a8841fb-c2c5-48d0-9b93-b5fd9e822b1d,Serbia,Sergej Milinković-Savić,2,408.7959904720078,0.13592357046892278
3930163,d478afae-6960-48a0-8932-2bc4e9898fc0,England,Jude Bellingham,2,416.3176442709528,0.04731155806191355
3930163,7a99eb64-b6c5-422f-9896-df3c7a1bd6d4,England,Kieran Trippier,2,452.497624696305,0.0675736982553176
3930163,1bc23782-d5f4-4dfd-bd45-e627e8b08dbf,England,Jude Bellingham,2,278.1184291064032,0.0707613758856724
3930163,b8b81bf8-7d0c-44b8-ab22-8bc6caa6652a,England,Bukayo Saka,2,865.1791941246711,0.06010352794184311
3930163,bfbf3b9f-e697-4f0d-b723-3e3921de2ad9,England,Trent Alexander-Arnold,2,632.2277244173471,0.10783002219381177
3930163,81e54fc4-8380-4825-83f7-55f9b7da530e,England,Harry Kane,2,339.6919463034824,0.0905641325263363
3930163,d8813d66-9582-4bab-82fd-3f54a2e62261,England,Declan Rice,2,389.5721377426006,0.18511097968959356
3930163,584462f4-2ef8-499a-91a4-419c802c40fb,England,Marc Guehi,2,359.49989223566087,0.14124037953687735
3930163,47991a60-2c2c-4c19-9caa-aa213d1f3d4b,England,Jude Bellingham,2,302.2798584526154,0.13256566785495097
3930163,b49e8115-90c8-4117-942c-d0694ec8e2ab,England,Harry Kane,2,225.37847354648423,0.10662126259970364
3930163,f8a832be-1505-4c1e-8594-f2a255a0b978,Serbia,Nikola Milenković,2,454.83558137040944,0.06622035512604406
3930163,38eba1e1-8f8b-4e59-ad6c-6562ae921618,Serbia,Aleksandar Mitrović,2,391.23384854977644,0.060624733702089005
3930163,0350f91e-228a-4338-96f6-3312650e77ad,Serbia,Milos Veljkovic,2,383.5149679947908,0.05594406633945354
3930163,85c0d22a-7e46-4dfb-8bba-5045f70b465a,Serbia,Saša Lukić,2,437.12595684106833,0.09446672152745582
3930163,9d463713-9e60-465f-b20b-8fae14e6db63,Serbia,Ivan Ilić,2,576.4518965568052,0.10828471619871304
3930163,dfeb6fcf-f7b7-4397-b9b7-52c8fe5b6bfe,Serbia,Sergej Milinković-Savić,2,418.6798879688736,0.12131102291715917
3930163,f3bcd140-aaf0-4396-9df0-85f3bc415749,Serbia,Saša Lukić,2,236.1103621905324,0.1927054938291706
3930163,5c1ec713-1494-42fb-be55-c49b36702d45,England,Marc Guehi,2,85.30803250271477,0.060754415581110686
3930163,4bf8f901-d3b7-4828-87c0-e3bcb16c1251,England,Declan Rice,2,271.1357349681292,0.06063494289638885
3930163,f20721b2-379d-4b50-acbf-27bc9616371f,England,Trent Alexander-Arnold,2,686.7154382541064,0.07138358737988644
3930163,d0af88dd-293f-44f7-9ae5-48ffcfa3bceb,England,Bukayo Saka,2,525.5098704879107,0.08682850227374889
3930163,576549a4-2711-433a-ba58-5e4cfce1e757,Serbia,Milos Veljkovic,2,400.32436065761794,0.09461278377209349
3930163,7dcf22c3-34f8-48f1-ac4f-a84241c5fb66,Serbia,Andrija Živković,2,207.4089899987581,0.13379301962418358
3930163,fc9546c2-ea3a-4f7a-9dae-b38d115ce1aa,England,Declan Rice,2,146.6755896516483,0.0556918700340577
3930163,69dcb7ea-8a1e-4190-aba9-d6516895d589,England,Trent Alexander-Arnold,2,293.9336192376692,0.05763642355950564
3930163,12ff2e47-a60e-42cd-8700-e62c6d22c36e,England,Bukayo Saka,2,420.6774279612154,0.11511142695534567
3930163,9e678003-0ed0-4c3b-87a7-a3d0b5787605,Serbia,Milos Veljkovic,2,475.66288206366545,0.07737999583847632
3930163,74f597ca-c6ef-4f43-8c13-7ceb2389d1d1,Serbia,Nikola Milenković,2,287.93560541956856,0.08931207740938327
3930163,86ae2382-366c-4c23-9980-8840cfaf8ebe,Serbia,Saša Lukić,2,360.80033560823347,0.10857503875381655
3930163,06b8c89e-0579-48df-bf1c-56f0a5460da1,Serbia,Sergej Milinković-Savić,2,537.3464944058024,0.10716534483901433
3930163,af04fd14-36b0-494e-89d6-531d616430a4,Serbia,Strahinja Pavlović,2,576.1483255738877,0.10294971082288747
3930163,4dce5656-f5f0-4340-8eed-7efb9290eb6b,Serbia,Strahinja Pavlović,2,322.74254373121016,0.06012999128872243
3930163,17463cd5-0e0c-453a-989c-e5789b7fb6c9,Serbia,Predrag Rajković,2,468.28330022639955,0.04499793322096078
3930163,5c1eb1fc-0e87-44ad-89c5-e6e2e9f317c9,England,John Stones,2,83.95386888796153,0.05905657153542621
3930163,21b61ff4-b9e4-4af6-9b50-62bae9df3508,England,Jordan Pickford,2,74.99098007268373,0.056425480227687175
3930163,c90b527f-201f-49d5-992e-2b7f9720b8f6,England,Declan Rice,2,336.2328813239178,0.06988749564321617
3930163,914a9e6b-7a73-49dd-baf9-e050428735f7,England,John Stones,2,458.3800521227969,0.06987462898073077
3930163,d70e999e-3150-4e9f-9704-943c36e9a878,England,Jordan Pickford,2,537.3305339186429,0.05317726236300983
3930163,21ccbf85-720c-413a-b1cc-7b902b82e345,England,Declan Rice,2,582.4714032428832,0.054632071002499116
3930163,58291443-85a5-4f6a-925f-458ef4b2f70b,England,Phil Foden,2,452.98044507892416,0.05395918557876145
3930163,6ab9e371-cd8f-4746-9f98-80f8d688bb5d,England,Declan Rice,2,433.3607822125589,0.05646884298000122
3930163,94411b28-33ee-4588-ba66-9ab1f764ecc0,England,Jordan Pickford,2,645.787846663592,0.05545244727430575
3930163,24c75d94-d373-4226-a119-9c03105a952e,Serbia,Sergej Milinković-Savić,2,394.89009010777863,0.0671670997816478
3930163,85f4afde-b5cc-4db9-883d-41ac1330e0a0,Serbia,Predrag Rajković,2,303.08838685214073,0.05208378553367202
3930163,f49f15b7-5946-45bb-9e22-a2961667a4d6,England,Kieran Trippier,2,266.6110553949728,0.06621205777199565
3930163,859f92e6-c3aa-4986-ba18-3e2a10e50c4a,England,Marc Guehi,2,314.26385433705775,0.057120764025770716
3930163,a91073ac-1b0b-400b-bf98-a298376394c5,England,Kyle Walker,2,555.150804107697,0.050944823876292726
3930163,685bd451-f430-4134-ae9c-c575e075504c,England,Declan Rice,2,623.1230119723728,0.08074632583712635
3930163,6d2850a9-fb2d-423d-b52a-4bca8c1c341e,England,Kyle Walker,2,585.3940404411617,0.0677276627476729
3930163,e754a808-c88c-4bd3-9e2e-821c83eaa8fc,England,John Stones,2,657.6140904822721,0.05332257301979285
3930163,0b1d7f3b-6545-4e72-9b05-380d7cc5bbde,England,Phil Foden,2,689.6394624142188,0.05236490699841981
3930163,22970134-320b-4ebe-8efe-a2c7afb600eb,England,Phil Foden,2,511.2503979926644,0.05467037941671011
3930163,7e062035-9fef-48af-8b94-d9a6c31f8d5c,England,Jordan Pickford,2,586.3245227287562,0.05030968307755086
3930163,a272ca0a-5b06-4827-bdeb-ae3e66879b72,England,Phil Foden,2,918.87494849591,0.09130943098281495
3930163,ac33145c-2d91-46ef-b846-5b34a5ac0c0d,England,Bukayo Saka,2,774.9739246364611,0.09643156467251188
3930163,318467ee-3567-43a1-ad06-c9455d927d74,England,Declan Rice,2,48.35970563432738,0.04691228988911843
3930163,390f30ad-bb04-4ec0-bbab-5d18de16409a,England,Kyle Walker,2,7.137978742884612,0.055381156192467446
3930163,590f95a8-1086-4bbb-906d-330cf74bc172,Serbia,Saša Lukić,2,946.5607487654077,0.1380439334992179
3930163,e46efc8d-b05f-4fc6-86f1-d100f1c44b29,Serbia,Strahinja Pavlović,2,762.2757367947078,0.12863573798602776
3930163,a957f2e5-6c3a-4bdf-9ab2-64e23839868c,Serbia,Sergej Milinković-Savić,2,596.6284868980466,0.12756155909696476
3930163,d851e6b0-6990-4cb8-a650-881cb7789805,Serbia,Ivan Ilić,2,473.73209274476346,0.14386188040835943
3930163,4e39fb3e-7c52-45a1-a58a-55cb651a9c09,Serbia,Sergej Milinković-Savić,2,434.18823894046454,0.17513624525645935
3930163,872fe436-58a1-4ac1-83ae-428ca8cec231,Serbia,Ivan Ilić,2,367.312259468584,0.2337010669643758
3930163,c6c6c820-5f22-49aa-99fe-8c13a7c21ba7,Serbia,Milos Veljkovic,2,423.3533094305381,0.20165928749501505
3930163,976153e8-ed9d-465b-ada2-0fe5971b8eda,Serbia,Andrija Živković,2,619.8593197537554,0.1550517107393618
3930163,e946a99d-740f-4f5e-a8ac-124e54aa72a5,England,Declan Rice,2,474.2674481708484,0.05200690624537112
3930163,e5cb759d-799e-43ae-959d-76f633e97baf,England,Marc Guehi,2,380.9265883986619,0.05623295530438324
3930163,4b411924-4397-4ec4-9aa3-66f2b86b7380,England,Jordan Pickford,2,528.3680097379391,0.04537581998183021
3930163,990c4197-bcce-4170-945e-fad0101696af,Serbia,Nikola Milenković,2,236.89296060963596,0.02603083036967696
3930163,3bd99ba2-49cd-47b8-b926-600388dd8201,Serbia,Nikola Milenković,2,523.3922839895869,0.10187562750299789
3930163,da044386-6fd5-42ac-848e-1cbc35a6fa02,Serbia,Sergej Milinković-Savić,2,497.448417748581,0.10912857206345528
3930163,f8ba8e44-4bb4-4fc5-862f-9b887cb837c0,Serbia,Sergej Milinković-Savić,2,667.1775516457558,0.1238854284977466
3930163,8afa35a5-4766-4031-86ca-9a89af554b88,Serbia,Dušan Vlahović,2,352.2313719365004,0.17450606534197824
3930163,c0fd2216-65c4-448b-8e3a-1ba195eb7af7,England,Kieran Trippier,2,109.77545981564356,0.04397570050663019
3930163,fb568acd-a18f-41c5-bdc9-2be5c69eb233,England,Jude Bellingham,2,230.70710808411476,0.05791617598073881
3930163,7826554f-cadc-4b6b-99f3-7c1e429adcc4,Serbia,Strahinja Pavlović,2,286.99795801207586,0.25395596934461084
3930163,388424a0-ea61-4ac2-8ee6-171a3ec08f38,Serbia,Aleksandar Mitrović,2,162.2699058042005,0.30477676758122146
3930163,902ff451-5e59-43ec-8707-e7ad7bad0c23,England,Kyle Walker,2,470.83558712807246,0.07131440365308513
3930163,32c5dd0d-cb41-4d58-89cb-d3bb321051e6,England,Jude Bellingham,2,552.9074337691861,0.0737670802967914
3930163,a60b0b7d-7420-448d-b49f-f7d8878242cd,England,Declan Rice,2,357.5008051198598,0.08427445329511633
3930163,820d0d82-9cfc-45dc-882a-dc5a0d20b600,England,Jude Bellingham,2,386.0101827503979,0.08357532683490873
3930163,2863ca7e-76ba-457b-a4b9-4200b5dc3364,England,Harry Kane,2,594.0841350802731,0.07927439476342704
3930163,6b93d4c5-0470-4fc8-9d6f-e988ccb2e0f0,England,Kyle Walker,2,576.3222241971803,0.07545166379824186
3930163,b743881d-f72d-415c-9dc8-37ffa5b3800d,England,Jude Bellingham,2,522.2894250727404,0.08199435873339245
3930163,8d8fae11-35a7-48ba-b2d5-a851b5f7910d,England,John Stones,2,476.38175996636505,0.0500292248341957
3930163,52fb8e8c-f403-4391-881d-9898dfb1b5f5,England,Jordan Pickford,2,715.7816373975162,0.050270896005312087
3930163,4d263277-ff83-4cb9-81fc-90349432dd0b,England,Marc Guehi,2,624.4903851291094,0.05615322406451653
3930163,70017b09-a2b0-480c-874e-ba34db429e6c,England,Jordan Pickford,2,695.062895243199,0.04323430787540073
3930163,41722680-3378-40d6-b59b-8621ae4f81e6,England,Jordan Pickford,2,547.1346248532408,0.0409297964602495
3930163,0d61bc56-d48a-4114-bf6c-1456cc9ada7c,England,Bukayo Saka,2,855.900622590321,0.06096139163457657
3930163,69c389b4-38f7-41e5-902a-40049dfef22c,Serbia,Andrija Živković,2,451.8236622914063,0.07191471860399962
3930163,cfb90a79-5362-4062-a221-039954c1c686,Serbia,Ivan Ilić,2,474.6857670618303,0.08907761251240856
3930163,bc00f7bf-d814-4051-acb4-ab9649ff9d34,Serbia,Saša Lukić,2,470.2787068595312,0.09825230901634133
3930163,366768e5-7cf4-4c9d-bec8-982c387edecb,Serbia,Nikola Milenković,2,523.4394481433536,0.10421245859912805
3930163,73130135-4eb6-4490-8ccf-55d1bc0c5b83,Serbia,Milos Veljkovic,2,447.16974210350963,0.07799178753562616
3930163,720061a2-43da-48b4-90f1-b0ba0f323ca2,Serbia,Nikola Milenković,2,493.76267944811246,0.11659078331872469
3930163,06bed165-8c2d-4682-9690-5c8720add1d8,Serbia,Saša Lukić,2,274.6347875901754,0.18004195498431125
3930163,b7df39d9-b37c-4d93-b14d-1cfd254078a2,Serbia,Strahinja Pavlović,2,628.7332676184792,0.16569866782362605
3930163,ec1e3c05-185d-4ce4-bd57-c95f793eb0fc,Serbia,Saša Lukić,2,414.50384885522345,0.14841379156843862
3930163,ae9e52de-e8a9-4e5f-9856-ff4b58ac4e86,Serbia,Milos Veljkovic,2,489.0794517630211,0.1501724880904993
3930163,4d073cef-509f-4273-b503-be58cb830ade,Serbia,Ivan Ilić,2,492.9899705622167,0.09720373190807935
3930163,37a2e18a-c0d8-46b2-8283-9de9fe66d376,Serbia,Sergej Milinković-Savić,2,491.16246377857556,0.10669092799890745
3930163,2f452296-e703-4979-a835-4e6069fce212,Serbia,Nikola Milenković,2,971.829420277948,0.10687343194025213
3930163,3bb545bc-1353-42db-92eb-ef38c130f47a,Serbia,Aleksandar Mitrović,2,339.85022786902135,0.10152461051985123
3930163,b19ee55c-ab2a-4282-9711-db73fb3852d3,England,Declan Rice,2,442.75335015114985,0.07742931106693712
3930163,a049be79-b738-4d12-bbd6-2f4cf88a5957,England,Trent Alexander-Arnold,2,689.5095899300459,0.078345312112577
3930163,4b627548-89b3-4330-aa84-3a6178d45fee,England,Bukayo Saka,2,698.9682207600745,0.10048314318893943
3930163,c476e7be-2084-41a1-bb62-7e9ce7e32fa1,England,Kyle Walker,2,545.5933096765474,0.1121984494699034
3930163,69fd0268-bb53-4abd-822a-17569175e0f8,England,Jordan Pickford,2,571.0128622208059,0.05979683333433405
3930163,fe95897e-174b-41ed-84e3-55eeba758363,England,Marc Guehi,2,802.3941323832271,0.062492755732787585
3930163,41e62be2-2fae-4d50-ae4e-3718baacd0d9,England,Jude Bellingham,2,358.7346318045009,0.058470444825762
3930163,a2e7cb6a-8527-42e9-8758-1186f2bb3535,England,Marc Guehi,2,266.14538422559775,0.05527350106991286
3930163,bda6147d-4679-429d-b7fe-7e5c7faa34a0,England,Trent Alexander-Arnold,2,912.2209919314867,0.0996143562432651
3930163,0f31def5-3aff-40b4-8214-b1c3ec46549c,England,Harry Kane,2,535.9399235080217,0.2043672010554745
3930163,3331b19e-bdc5-4744-aaaa-1052a80cb425,England,Jude Bellingham,2,367.90637209141454,0.18322991142957654
3930163,70217a5a-00da-4771-8f35-e314fb54c601,England,Phil Foden,2,309.53422494187777,0.2060792052803752
3930163,1dd5c618-40dd-4a0e-afdc-d918ffa346a7,England,Jude Bellingham,2,253.60219108842776,0.19225854020152572
3930163,033f1716-850e-4094-bcef-37797c1b9434,England,Declan Rice,2,213.13230900861595,0.2143706553858298
3930163,99c3bf5b-26d6-462a-8518-2ac61610d32a,England,Trent Alexander-Arnold,2,245.869315532454,0.28856877578824675
3930163,3dea51d3-165d-4caf-9480-a8601f5d4cbc,England,Kyle Walker,2,645.6666319113805,0.15402809308354748
3930163,ed04d93f-944e-4e8b-b112-2699fde2cd76,England,Bukayo Saka,2,622.3443961461794,0.18149297307140422
3930163,5f5c1860-cb95-46cd-9c06-2411a2d74ac7,England,Jude Bellingham,2,326.7966069753752,0.19365167504242886
3930163,bc680f42-b5e9-4421-9ed1-f59b06bbcc84,England,Kyle Walker,2,510.41674827589526,0.1687563057650771
3930163,f8749db2-5946-4f78-995c-8154ca56bcd2,England,Declan Rice,2,487.4838156435224,0.13646554353759796
3930163,e26b4fdf-c80a-4a47-a4b4-a84f919d1e1c,England,Trent Alexander-Arnold,2,221.1646091300504,0.39260181945975614
3930163,c6d99fec-0d98-4241-9436-d52f6453a73f,Serbia,Saša Lukić,2,93.95894898402655,0.05451854220684318
3930163,a9687c34-7b0c-4e26-b95e-5609b0ecaca3,Serbia,Andrija Živković,2,719.0828466322871,0.04575497934412967
3930163,c75473f6-1b32-4d5f-8a92-2c0ff7e588c3,England,Declan Rice,2,648.0009835163402,0.1670283133661602
3930163,70bf93d1-31a1-4c75-a2a5-ea9811febd21,England,Bukayo Saka,2,368.47910543648385,0.1454948639635411
3930163,436b2591-b3c0-44e1-a6e0-a7037cc4390f,England,Phil Foden,2,503.8737470286091,0.1380456020958382
3930163,3d734fc4-3789-418c-9015-36ba679d2319,England,Declan Rice,2,461.7423888152829,0.12506156058410084
3930163,67a37bd3-0aa6-4b74-a90b-d9c097015744,England,Bukayo Saka,2,501.4615460845922,0.17115202965683915
3930163,53b0a0cc-e300-481f-97ff-e689b7296d64,England,Jude Bellingham,2,488.01498672428187,0.1498720649208725
3930163,58527e0d-39d7-4771-9201-3c431c4b7c8a,England,Phil Foden,2,453.59728018845044,0.16041888063088114
3930163,2b16a253-f4cb-437c-9d61-2353ac3e3e2c,England,Jude Bellingham,2,471.817866606282,0.1776390975545325
3930163,ea8f46d9-08e6-486b-98ca-b793a130cd28,England,Phil Foden,2,523.1731292645144,0.11537366345002319
3930163,09d9d8cd-75cb-455e-b944-80864a34de0a,England,Declan Rice,2,455.732840938932,0.10895539408509185
3930163,fc9dec7a-aaa2-421d-ac9f-339c21159ef3,England,Phil Foden,2,651.0604171496798,0.11282208901037945
3930163,90a815c2-8d2c-434b-9997-2efb7be9596b,England,Jude Bellingham,2,440.56314902784766,0.07891197502989726
3930163,a19b2430-7857-4d77-a693-7e50d2d9b000,England,Kieran Trippier,2,418.4056227716935,0.09783006861202875
3930163,5a33afaf-7bb0-4ce1-8833-1d7979f59762,England,Jude Bellingham,2,710.8925235331642,0.09701892335374107
3930163,fddf5437-7255-4a2a-a51f-09070b2e8e2d,England,Marc Guehi,2,379.0278885442119,0.10567676407848507
3930163,4ab14dca-136a-45c6-aff6-a4f941bdc87d,Serbia,Ivan Ilić,2,603.9020231719854,0.08806466550333795
3930163,4739f30f-0355-4720-9211-a39cc32bd0f0,England,Declan Rice,2,766.0278880547622,0.11101734712199363
3930163,17205810-c6cd-4353-8698-fedc9def2291,England,Jude Bellingham,2,710.8236091461638,0.1498512635297505
3930163,924cc9cb-0684-4970-942f-7732a5e12839,England,Bukayo Saka,2,404.2753699751121,0.12650424338360666
3930163,24f8ef06-3a9c-406c-becd-6a8f35635c31,England,Jude Bellingham,2,371.9687633840275,0.18329851675305697
3930163,fa8120b9-5551-406f-b259-a54a641c628c,England,Trent Alexander-Arnold,2,309.4445312687954,0.13604910069821502
3930163,4bfee128-ffd8-4962-bbcc-8e008a2656e1,England,Jude Bellingham,2,298.14779010034084,0.16550743263182877
3930163,11519c82-0c2a-463b-b2fe-5be9d6e885b0,England,Kieran Trippier,2,530.2952187376484,0.12629003703630126
3930163,ed6ab7ec-1f96-4937-b5be-44ba7a47c69d,England,Phil Foden,2,353.1927318474713,0.09646689646415034
3930163,555a4854-5e2d-4d21-b7b8-45a0ba25663d,England,Marc Guehi,2,379.60191601663473,0.08443785532225814
3930163,8229ffb2-036b-4f78-880a-8f06164ed677,England,John Stones,2,605.3106711398149,0.07366359587025399
3930163,67fd8e78-ab1a-43a3-abfb-103e0ec28f9a,England,Declan Rice,2,694.779141444042,0.07663217915978951
3930163,70fddbf0-5828-45be-a9df-acd26ba61fce,England,Phil Foden,2,687.8675518502192,0.05673820447592278
3930163,3a96fe76-840a-4e51-904f-d84cff25f1c6,England,Declan Rice,2,459.3940805598683,0.0820067733239996
3930163,ea15d28d-e398-4013-adfd-c972fdeaedcf,England,Trent Alexander-Arnold,2,689.4966537056332,0.07113914674345265
3930163,ae8e55d8-2301-4f73-ad99-7c14bcd46f66,Serbia,Saša Lukić,2,476.4485442140788,0.06283539042445098
3930163,0f7ba277-3007-4d93-bdc9-b2cc28ba3735,Serbia,Milos Veljkovic,2,665.9269944833821,0.05548912904043146
3930163,61e6b1ed-f38c-4cda-8105-e2760d03b057,Serbia,Andrija Živković,2,819.6509452605229,0.051658344916588037
3930163,5554466e-a4cb-42f9-88cb-e59c32215f2e,Serbia,Ivan Ilić,2,756.894978969275,0.06021167696457847
3930163,6ff24807-b3ee-4c76-ad3a-9317e26dec47,Serbia,Milos Veljkovic,2,478.2996049929062,0.04410210446258045
3930163,0d2515f5-73f9-4e01-a6ab-f614050a75ba,Serbia,Ivan Ilić,2,515.9805776293274,0.038690926823887736
3930163,983ba43d-052e-4221-89a9-29415a2a09a3,Serbia,Nikola Milenković,2,443.0616724834977,0.13419025248637517
3930163,b21ea30e-b337-4065-bf1e-930a510fc950,Serbia,Strahinja Pavlović,2,526.4905338441512,0.1273075884764025
3930163,eb843f3a-9430-41a8-af17-18504de2533e,Serbia,Filip Mladenović,2,214.57000020338907,0.20398210757956145
3930163,87b0e70f-d159-40aa-8369-c22c09b6f5dd,England,Jordan Pickford,2,135.02436919423846,0.05207568472874202
3930163,e70dd3e2-139e-437d-b427-a1fbc3c0ae58,England,Kieran Trippier,2,525.9738169933129,0.046129282082462426
3930163,87bc1073-c40d-436c-b7a0-bc0d8914dc89,England,Marc Guehi,2,577.3034441903909,0.04115020203271258
3930163,f3e3bec1-d010-4ed0-b09a-73b2b37f61f2,England,Jordan Pickford,2,353.1878880467775,0.0400297517681502
3930163,22cca2bb-41ca-4666-8512-7598f81455a0,England,John Stones,2,577.9862903517867,0.09017145556516874
3930163,dfe92274-8f04-4e63-a331-ae573026f31a,England,Marc Guehi,2,592.7529913503099,0.06613114469928921
3930163,58581d4a-e69c-4fac-b8b7-724fc5759e45,England,Declan Rice,2,572.7321288906447,0.06825602577561818
3930163,7a0e8d5a-018c-49f9-b385-fc4c347a1248,England,Marc Guehi,2,336.2202381499621,0.05716090856406869
3930163,50ad4268-9d45-4ff6-9516-d72f45f7991d,Serbia,Sergej Milinković-Savić,2,581.3220837986712,0.09837958822646689
3930163,73255dbd-c5d1-45b4-b4d9-4a7b7fa98fd4,Serbia,Nikola Milenković,2,483.5830267732427,0.04628881828845486
3930163,367e1bf7-0422-4b9f-aca6-4606e85c525b,Serbia,Milos Veljkovic,2,411.02652884209056,0.06377556779649247
3930163,853865cb-5e9f-4419-b982-00d82fe4f281,Serbia,Nikola Milenković,2,645.3646144752054,0.11525177912062731
3930163,bc62b801-68db-467b-b3ab-4fbeee08dcd6,Serbia,Luka Jović,2,528.4149379437973,0.12035086237808598
3930163,d7e9bc57-591b-46a3-9ca2-c430330eec0f,Serbia,Milos Veljkovic,2,515.974856218882,0.10971054993739507
3930163,725b39c5-f4a4-47a7-9806-5b7e33d8fbcd,Serbia,Dušan Tadić,2,507.57436922324723,0.13370085333007312
3930163,594a967b-e7c8-4cb1-87f4-0018b4f27853,Serbia,Milos Veljkovic,2,549.4522267764104,0.1014959986234062
3930163,95326145-b07c-4718-87c8-e9a95c380d15,Serbia,Ivan Ilić,2,429.06740830682344,0.06362318507869599
3930163,5eeef2eb-5084-4b67-8168-d41a39ad1837,Serbia,Sergej Milinković-Savić,2,535.2142099274913,0.10376727624806137
3930163,8b3cfc4a-86f3-4c5f-981c-5f1b2a87c5c1,Serbia,Milos Veljkovic,2,583.0637814067966,0.1091788928803963
3930163,632ab4cf-8d11-4d9e-82f1-f38f576ec1bb,Serbia,Ivan Ilić,2,500.9971408409255,0.1265213756452817
3930163,1acd3b89-7dfc-4cef-96d3-576a6f52253d,Serbia,Dušan Tadić,2,502.0793716968915,0.1603590133897742
3930163,05ee74f3-cb6d-4a1a-922c-e00c3b9da6bf,Serbia,Ivan Ilić,2,440.4955984216926,0.13719308674871544
3930163,400485c4-f630-4df0-954b-0ad842765368,Serbia,Milos Veljkovic,2,439.84437766562047,0.13635968211129948
3930163,2d0aa67d-ad1a-496f-a9ab-275d64a54a19,Serbia,Nikola Milenković,2,486.1179399367326,0.18290078951322639
3930163,4a70614d-991c-400f-bbf9-fa9885fe085a,Serbia,Strahinja Pavlović,2,606.1453107044316,0.18863714746052007
3930163,0ac35bfc-ed8c-4db4-8e27-e3cdd403fe8b,Serbia,Nikola Milenković,2,383.32046514194997,0.14297575546783947
3930163,fc92cad8-355e-4e3f-98cc-f038aa22b03e,Serbia,Ivan Ilić,2,428.9590011627004,0.17078694532349098
3930163,4ad7168d-ebe0-40e6-a360-03c24fd534c6,Serbia,Nikola Milenković,2,662.8370465799628,0.19194328284673814
3930163,cda1eed1-5295-4730-a232-0764df63e038,Serbia,Ivan Ilić,2,666.1138071553121,0.19921721331735062
3930163,f117d218-064e-46d1-b81c-f970cdb1ca04,Serbia,Sergej Milinković-Savić,2,678.7248119157125,0.21760025015003415
3930163,519ea953-8595-4cc4-a547-63eea5140254,Serbia,Ivan Ilić,2,566.9650263040774,0.1693346815285658
3930163,591f63d5-1003-43f5-a31e-6965d025aea2,Serbia,Strahinja Pavlović,2,739.0254868606872,0.19455702011180115
3930163,218c931a-b371-4ed2-a1e2-297ae91b2abf,Serbia,Sergej Milinković-Savić,2,584.609793903187,0.21332141352500728
3930163,7c3a2693-c324-4b61-bbc4-7d0df7c55c07,Serbia,Filip Mladenović,2,252.32716289238545,0.3723541879835255
3930163,1f3aa04e-7bb2-4704-bfbb-a34b8f57ceb3,Serbia,Sergej Milinković-Savić,2,241.73126201949336,0.3689202191324576
3930163,510f25de-c9eb-440c-b205-fe170209df8c,Serbia,Andrija Živković,2,363.0890561656009,0.516766451642459
3930163,59d32223-b79c-449e-ae00-c6649b55bbd2,Serbia,Nikola Milenković,2,436.29629846519856,0.12541458399625627
3930163,9c01f085-4aaa-4f30-9658-fdc7fbac0c29,Serbia,Strahinja Pavlović,2,455.85219521865207,0.21055800248335704
3930163,b31d7ba7-13db-4223-a63c-6133b80cdbe1,England,Phil Foden,2,235.39822444538882,0.05120900432371501
3930163,da7212a9-2cca-4c9a-a75f-f4284132f594,Serbia,Nikola Milenković,2,360.14780290204834,0.13162328523653
3930163,e3274928-07f3-4758-bafa-dab1b3cc1791,Serbia,Ivan Ilić,2,444.99861264606835,0.131094049061257
3930163,4d7ac974-e1c9-4984-9f39-bdad2f2891fa,Serbia,Milos Veljkovic,2,512.2400309013381,0.11291410236213387
3930163,b0a92147-a720-4a49-a30d-e52b87b7dfad,Serbia,Andrija Živković,2,484.0904478878298,0.0837063432734679
3930163,41cfcce1-b0e4-4f8f-9332-2307c94be53d,Serbia,Milos Veljkovic,2,474.75235270694793,0.14944394441068576
3930163,7478641c-cc6f-49db-9d8d-0b82dca8e0c4,Serbia,Ivan Ilić,2,637.3143400926298,0.22116676049987188
3930163,5652c52e-a522-4bea-a607-228cd8ccfa46,Serbia,Sergej Milinković-Savić,2,488.98792543108163,0.2853294668177047
3930163,585d377f-84db-4218-9c27-0f18a82727f7,Serbia,Dušan Tadić,2,299.18212597884605,0.22133259898865815
3930163,4138775f-cf27-4812-97eb-f3d716b0f547,England,Jordan Pickford,2,748.4056905494306,0.06566834110030684
3930163,3569e230-8024-4ce3-a977-8a84d6c62f38,England,Declan Rice,2,397.6408991517059,0.15728316570414694
3930163,c29bdd51-a317-4fd9-b8f4-3dcd19ba3f4b,England,Kyle Walker,2,743.6895140887374,0.19079773169571293
3930163,bc062fab-2439-4ab9-9baf-00708019a205,England,Harry Kane,2,702.4578602413533,0.2331073678605113
3930163,125d5e26-8b74-4999-b03f-6aaa3ee5d2e8,England,Kyle Walker,2,498.9697566615621,0.3758069723913789
3930163,62ee78ec-65e6-4cf6-803e-e0bcf2743a69,England,Phil Foden,2,641.5473199429556,0.2513584270292376
3930163,dd7438f6-cbe6-442e-bd4d-99883a344705,England,Trent Alexander-Arnold,2,625.0961490545365,0.23184753248899637
3930163,bad4c3e8-40f0-4f80-b058-1e5170ee0d8d,England,Jude Bellingham,2,133.80101724020778,0.42061588946619016
3930163,3495f0d2-e9c6-4d61-bda0-2d1718c27f2e,Serbia,Sergej Milinković-Savić,2,520.4620026621261,0.12425674481828451
3930163,e69ab1e3-87f9-46d1-b500-212f26ce8d84,Serbia,Milos Veljkovic,2,379.79819483374,0.14107348102699208
3930163,53cc3eb0-41ed-4ded-9765-f57b13f2e049,Serbia,Milos Veljkovic,2,387.47429845252327,0.21679264383646205
3930163,6f3ecd3b-510a-43cc-84b8-e2a80c37fc46,Serbia,Andrija Živković,2,262.56418760273823,0.23776649462659766
3930163,2d753f44-3950-4fca-ab6d-b884ff183633,Serbia,Sergej Milinković-Savić,2,407.0255274670727,0.2885113624030462
3930163,801aafc4-f558-40f7-bb71-9d41d33094f6,England,Phil Foden,2,502.1923717723749,0.07335803513844122
3930163,b2a78a8f-78ec-494a-bd31-f8ba93519872,England,Kieran Trippier,2,488.7203458835569,0.07932695681874234
3930163,09a8d2c1-a9ea-4ee7-9d58-03c5edbd1037,England,Declan Rice,2,476.9671312960005,0.07198917816040756
3930163,a388648a-a49d-471d-8f13-7ee465fc3d7b,Serbia,Andrija Živković,2,223.27813557289562,0.5069858565860927
3930163,42648bb6-92e0-4c56-b701-ddc767eb9cd4,Serbia,Andrija Živković,2,157.04918344167098,0.34395403452858886
3930163,e8f7bbd5-d652-46ec-ae81-0bd26b9ef2ea,Serbia,Sergej Milinković-Savić,2,253.13818943806587,0.3951411450827342
3930163,aba1dc4c-4988-4437-887e-23ba64e650b9,Serbia,Strahinja Pavlović,2,259.7127747442883,0.35209235135828665
3930163,4aad2618-e4e1-4ffb-9c15-08151cb38c7d,Serbia,Ivan Ilić,2,354.98124232725354,0.2671596369796678
3930163,e282eb5c-7a81-4229-8db6-a240dfd637b9,Serbia,Nikola Milenković,2,321.6305817822427,0.2685662325439708
3930163,089032b5-f686-43d1-b509-82d21336b820,Serbia,Andrija Živković,2,350.70193127419407,0.32295382482451285
3930163,5420acaa-73f7-4379-be2a-a3d814ef92ac,Serbia,Sergej Milinković-Savić,2,407.75029501698447,0.3267368160896596
3930163,986c33c4-34b4-419d-b986-2364e37f3ac4,Serbia,Nikola Milenković,2,462.92555113875574,0.27831917226616476
3930163,66617834-e481-4145-b0c8-7e3d0e88f58a,England,Harry Kane,2,418.4491268780943,0.08296932603412986
3930163,94039016-8dca-474c-81f6-eb475292ed20,England,Jude Bellingham,2,515.1025990636032,0.0854158506865795
3930163,05488a4b-e14c-45ea-82d7-21eac6405ec8,England,Kieran Trippier,2,633.5588320974483,0.08210420729141821
3930163,d2077443-45f6-4c5e-838e-d41eb018611c,England,Jude Bellingham,2,596.3013498364942,0.10021735907542247
3930163,56d989a5-78f3-402b-b29a-278ca811bb38,England,Bukayo Saka,2,159.68711893301082,0.5018915646203056
3930163,32019b57-749b-4103-9ccd-3d631eeac22a,England,Declan Rice,2,191.83569356175298,0.6309586218425611
3930163,0cbfae4b-efae-41a0-80e0-015b4004a183,Serbia,Predrag Rajković,2,419.4736213870605,0.06264544255132168
3930163,6e8ff901-53be-425c-ac92-b23282af2ea4,Serbia,Dušan Tadić,2,839.1608319052552,0.06911490387356858
3930163,65b728ad-8df1-451d-a79e-2144ce3b8c2b,Serbia,Dušan Vlahović,2,711.4161405551525,0.07618395525429604
3930163,e5d8758e-20df-4843-85b3-7f3b523eaee0,England,Kieran Trippier,2,393.05564613551877,0.11301991810093977
3930163,938355a5-6111-4615-bf18-382dc48c78ce,England,Marc Guehi,2,233.9683736145446,0.05528503880735646
3930163,85fbc181-63b6-4038-9f28-1f3208825c1a,England,Jordan Pickford,2,603.1952641200598,0.04466138453537338
3930163,07dacba9-81c1-43c4-9b28-56ebedd6ef77,Serbia,Strahinja Pavlović,2,1328.283443560107,0.10778221551985592
3930163,b2291e1a-09fd-4c6e-8cba-4b700d859d5a,England,Kyle Walker,2,622.561947521207,0.07238087065133157
3930163,8a1bd589-3921-466a-990b-e627da9420c3,England,Bukayo Saka,2,203.4941515487453,0.06789326977191168
3930163,7d4a3757-725a-4798-886a-9349e26d277b,England,Jude Bellingham,2,255.97296876985067,0.15110696455850056
3930163,b4016e4b-afdf-4516-a35b-0fa35b9cf4dd,England,Kieran Trippier,2,250.69297955790253,0.170009331194412
3930163,9cea4388-f31d-4159-8fde-91d5801a4be0,England,Phil Foden,2,384.9099881338848,0.23019671041360915
3930163,2ddc1ccc-7528-4d89-a33c-75615369d801,England,Declan Rice,2,352.7035976224436,0.18461211971904995
3930163,5d15b5b3-2991-4301-a4e9-fb5cb36a98ef,England,Kieran Trippier,2,379.9379989847349,0.19382337795252821
3930163,d2e83ce6-4ecc-4af4-9ed9-13dc2a069397,England,Declan Rice,2,435.8151808874872,0.18469393350327293
3930163,8d56d10e-9eed-4287-9f12-f5bf527fd286,England,Jude Bellingham,2,313.78836307953003,0.18871221086405837
3930163,6a9a2000-e727-4eb1-8085-bcf631d2e4e5,England,Phil Foden,2,315.34995534626336,0.19314591961443958
3930163,4b6699b9-4a30-428c-b7bd-2ff14818adba,England,Phil Foden,2,235.37530419983278,0.21419363555923196
3930163,f37bc8dc-904a-4b4a-918c-8499fa3bcaa2,England,Declan Rice,2,279.83900448038753,0.19889803642721163
3930163,cff30452-0aaf-4b13-bdec-fffff89c9e04,England,Phil Foden,2,381.9346454296585,0.16602213696648363
3930163,4d09ce22-e6e5-4543-a676-b882e17bfe9a,England,Bukayo Saka,2,376.74525379227805,0.15708855078183054
3930163,35765e17-94b4-45c8-9bae-12f2fbf00c1c,England,Phil Foden,2,446.2590540644824,0.14705171811461235
3930163,81ecd013-c5d4-452b-80cd-feaf3532090f,England,John Stones,2,449.7860214643007,0.13113810260136052
3930163,0c682f13-9e35-4487-8cc5-9777363cec0f,England,Marc Guehi,2,593.1125802395798,0.11558596718253446
3930163,8a6e0129-8e4d-4288-b6f8-cabeb54fb126,England,Declan Rice,2,598.0396676536503,0.11029940621637371
3930163,aab91b28-dc9c-45b7-9edc-2ba3d84ec9e7,England,Phil Foden,2,431.530293820668,0.1327599089902538
3930163,7ea4d96a-9a18-40ba-96cc-d3a9268c1760,England,John Stones,2,387.7844397341062,0.12240974474919197
3930163,c5d15f3e-f48b-4ef0-a8d9-b83636823995,England,Phil Foden,2,473.077947508071,0.14077343328259478
3930163,5f5901b7-d880-41ba-88a2-3841bb7d465e,Serbia,Ivan Ilić,2,395.34644460013055,0.07843721458280331
3930163,5fcaf781-02c6-4652-9a2f-54792d22b9ea,Serbia,Milos Veljkovic,2,604.555613593364,0.0780888680087163
3930163,5f0307c1-4225-4fcb-aebb-e8c5cf951a61,England,Phil Foden,2,554.6852249113101,0.044690274713297375
3930163,809e0216-1064-4647-bac9-d834e2e1cebb,England,Marc Guehi,2,372.5795837669277,0.06068467048159371
3930163,6b07fa0c-00cf-493b-9501-0040b0f86a53,England,Jordan Pickford,2,532.8046290676676,0.05732881525897163
3930163,d316f51b-a553-44ff-afd5-9fb20b49d6b7,Serbia,Strahinja Pavlović,2,1087.6105607210466,0.0698390994688544
3930163,b2b42d12-8bf4-4917-9e56-96538594afc3,England,Conor Gallagher,2,836.3328967937553,0.11028832051512555
3930163,f1a48bd7-d2c6-4bf0-a19b-440c22c1bbbd,England,Kyle Walker,2,1463.233100764299,0.108934046521313
3930163,8a34e228-cace-43fb-bfa3-a8dda964a8b7,Serbia,Strahinja Pavlović,2,824.5053959866252,0.09829630502692546
3930163,6dd2013b-40d0-40d5-9b67-a59c16bc2831,England,Jarrod Bowen,2,239.69665582225838,0.2494537223571859
3930163,843582ff-7963-49d3-8e9e-953aba3bd8c1,England,Marc Guehi,2,383.9778430081133,0.11152563024105717
3930163,aa57c972-c84d-42ab-bb6f-9e01d1405f08,England,Kyle Walker,2,440.1817799736555,0.10104306692873201
3930163,887c5766-808c-4303-a6c3-3ce262cf0a3a,Serbia,Strahinja Pavlović,2,662.3801010447473,0.08499022711082292
3930163,151f432a-7553-43ed-a9b4-f8e8b85099d8,Serbia,Ivan Ilić,2,444.88693512589305,0.09367630128824071
3930163,58d808a2-b4bb-4ed9-af71-e4970fa8b56c,Serbia,Sergej Milinković-Savić,2,412.01258977437783,0.10684774236350193
3930163,4a73f756-9dfa-4389-adb4-a4632f2cd338,Serbia,Milos Veljkovic,2,428.753590115255,0.07413565352485774
3930163,af45387c-fc52-47e8-be19-f7d8aceafa1c,Serbia,Ivan Ilić,2,402.1172903660656,0.09512807164171372
3930163,f58fc004-fbfc-4b63-863d-6a56532aaa8f,Serbia,Nikola Milenković,2,544.8338293059926,0.12450577101890697
3930163,78ff9833-1047-47cb-a803-9065a173c1c5,Serbia,Filip Mladenović,2,594.4779590342464,0.14732728539233583
3930163,8c880752-ee34-4098-b6eb-7ca1ead532de,England,Kieran Trippier,2,237.0263911414882,0.04977682509585347
3930163,410522bb-4230-4022-905c-de747fe1b315,England,Jordan Pickford,2,243.30569730214785,0.0555041049296867
3930163,12072e8e-b2ab-40e7-aa9c-68021b1344a8,Serbia,Milos Veljkovic,2,579.5208106753453,0.09321550951587501
3930163,58196022-c663-49a3-88fe-a125a53cbd64,Serbia,Ivan Ilić,2,417.0306107081574,0.1183595007632432
3930163,6478d248-8418-4780-bfd7-c5b7a97aaa42,Serbia,Sergej Milinković-Savić,2,510.71859791888375,0.17258178769727817
3930163,b2f718d9-8a34-425c-aaf7-dc96c61b31ce,Serbia,Veljko Birmančević,2,230.97925462425246,0.19543770874964586
3930163,464d7025-d6dd-46a6-b0ff-20002648c60b,Serbia,Dušan Tadić,2,222.61183703589447,0.1823136444148137
3930163,281d72bf-1b8c-475a-ad6b-69a9e4132bc1,Serbia,Sergej Milinković-Savić,2,302.42653452274396,0.24477232590918796
3930163,475da26b-e2c4-4f59-b6e9-6d96b36cbe44,England,Kieran Trippier,2,540.8815422532585,0.0742827489994885
3930163,3ce36561-2cfb-48b7-97aa-26248c981b3f,England,Jude Bellingham,2,373.87364273907895,0.06725451466369023
3930163,27ec3d3e-258d-49a1-b250-c123b9ca1409,England,Phil Foden,2,290.4506897555512,0.07800140332315181
3930163,51c3d03c-7dfd-448a-b6ce-deb8a4a07d98,Serbia,Filip Mladenović,2,146.18242573618028,0.05051182740722754
3930163,789c0a12-9183-483f-b47c-113c928bba7e,Serbia,Sergej Milinković-Savić,2,129.18399794528534,0.05094245853072186
3930163,b534c90e-98fc-4430-8f22-1829cd6edcd5,Serbia,Strahinja Pavlović,2,380.7652887380006,0.07858249515635758
3930163,9984206c-9665-465c-9fee-8d2e58603209,England,Phil Foden,2,655.9827994753988,0.04711770677212229
3930163,5fd94762-1879-4b98-b613-0754f44a8f6e,England,Declan Rice,2,837.4243800305892,0.051914059435698115
3930163,aec088d2-0fe2-428f-86b0-e77d07830b54,England,Jude Bellingham,2,618.3094552051534,0.10185429672368658
3930163,410eee49-eb81-473b-bb32-7baacd1867fb,England,Conor Gallagher,2,518.8684562679931,0.10585080129543814
3930163,b0393b8e-6ef4-435a-8642-0bf2f193ef5c,England,Kyle Walker,2,419.65892340430025,0.08471828292128021
3930163,4efb9e86-3046-44e0-a3ad-9d1b962e65a6,England,John Stones,2,260.492327337185,0.0748962573857504
3930163,df500cab-b9e9-4bd1-b2ef-5efbe68274e0,England,Kyle Walker,2,226.5175102847645,0.061610893748480555
3930163,447149e6-5202-4a41-877c-4b1fe15f2484,England,Jordan Pickford,2,515.1909545189806,0.06050965909270707
3930163,4f57002e-ea0c-4540-a5be-95c3a5758b44,Serbia,Nikola Milenković,2,325.5614234252391,0.05191251017701904
3930163,aaeaf62e-d21e-4969-bbf0-036f90c0adab,Serbia,Ivan Ilić,2,542.3233285709313,0.1027352562514783
3930163,a5203cd0-9f39-4b58-84a5-2dfc0d3ba38e,Serbia,Nikola Milenković,2,590.6883559932155,0.1308464553166161
3930163,befe8bf4-7d49-426d-aab3-85990b70edfa,Serbia,Strahinja Pavlović,2,656.3142130144029,0.13330964587328611
3930163,3a8c4173-1965-4106-bbc3-6e5ef6899e9b,Serbia,Nikola Milenković,2,468.33991349738983,0.1125849804019794
3930163,81805726-3f49-48c8-92e5-5cd7f3025025,Serbia,Ivan Ilić,2,386.06864546205276,0.1704101252701826
3930163,b12a12ac-00c2-4813-9724-2b50dca3b59c,Serbia,Milos Veljkovic,2,383.29246051347786,0.2829600656058528
3930163,e6a98a59-a068-4fef-9565-495121b432fc,Serbia,Veljko Birmančević,2,387.6558269934941,0.23595220245541537
3930163,e8518288-62d6-43e7-999c-03bf60f09d32,Serbia,Ivan Ilić,2,373.98140114450683,0.18816095776177322
3930163,b96e939d-98d0-4beb-97fe-d1b140e1317b,Serbia,Nikola Milenković,2,352.9673715759909,0.1685826935334541
3930163,b443e4ab-28b8-494a-b35d-2f8cd2b49ba6,Serbia,Ivan Ilić,2,372.6065718484556,0.14466320661724677
3930163,f123eefd-8c17-45a6-9963-5dc6a6075797,Serbia,Dušan Tadić,2,381.93067888528225,0.17157495982943677
3930163,1145dff9-af9d-4eba-861d-35363f53f842,England,John Stones,2,537.9299340951433,0.06003797274340194
3930163,36ececb0-cf39-455f-ba6b-5fcfff88ae71,Serbia,Dušan Tadić,2,202.96366372530494,0.9991402523580968
3930163,9991c763-960b-47fb-b0cd-4424f4ab76c0,Serbia,Luka Jović,2,368.15852331530186,0.07769032677498663
3930163,6f0d12da-72e0-4ce0-8cb2-1fd2a7047e14,Serbia,Filip Mladenović,2,495.51806092819675,0.07349455727961421
3930163,68285816-2221-4383-944d-a5c13deec311,Serbia,Luka Jović,2,385.582861964445,0.09478285120178163
3930163,3e9f4279-ea7d-4619-a16b-76bdee104115,England,Declan Rice,2,564.3550738444246,0.10633814001452649
3930163,d76ea36a-5a17-49d7-a6c6-5aba1f67700f,England,Marc Guehi,2,527.2751724227421,0.0941342271025181
3930163,17329c43-19fe-4b06-a247-661f80c03df4,Serbia,Dušan Tadić,2,626.2244196683488,0.06627661110165287
3930163,88264a52-85fa-42c4-b862-cff3724f8dc0,England,John Stones,2,456.17427709823545,0.11528236253415332
3930163,bd930e9d-a723-46da-aceb-bab763730258,England,Declan Rice,2,385.86965518297905,0.1056912625442071
3930163,9a481a91-c8e9-4fd9-a1e9-4c038bb95915,Serbia,Filip Mladenović,2,483.276416142111,0.07857737310206506
3930163,e605465e-ef5c-46fe-a318-5e00c523e189,England,Jude Bellingham,2,715.7343193222332,0.12063610847021038
3930163,0cc8ceab-4f09-4288-a90e-3801fc3dda8b,England,Declan Rice,2,703.9456247426026,0.10920585960347054
3930163,33d1cc65-69e9-4938-9bc0-fe3f21310b53,England,Jarrod Bowen,2,534.4235661531274,0.13377060754365247
3930163,080f295a-19bc-456b-a162-4ab0d80e4413,England,Kyle Walker,2,685.782721954201,0.0926261364478746
3930163,711e47d6-3c0a-4aae-a666-024699b80788,England,John Stones,2,777.9539912903242,0.07087663137569403
3930163,28dc6e48-0c06-4bb4-8620-cc07012ed3c0,England,Jordan Pickford,2,770.6512690532401,0.05249734639163499
3930163,a4749d06-2036-4059-b15d-b8bf762624ca,England,Jarrod Bowen,2,691.6737059772221,0.09874987573282762
3930163,ea9effef-5943-4c52-b127-8dcc8dab71f7,England,Kyle Walker,2,704.0694141317576,0.09209150497261594
3930163,a522a8aa-40fe-4117-b014-95201de00d5d,England,Conor Gallagher,2,820.2497918838442,0.09176212923618597
3930163,69a699d8-4e4a-4da8-9b9f-37cb6328f655,England,Kyle Walker,2,686.6919762476616,0.09120397792510998
3930163,38a61ac8-2d52-4553-8fc8-12f51d36c97b,England,Jude Bellingham,2,406.2221827042898,0.07928729245412289
3930163,62c5fffa-5d6c-4df1-ad98-24ac58df60f4,England,Harry Kane,2,310.9920095604308,0.1323488620827007
3930163,6b420f8d-c584-4c08-b3d0-03366b18ef41,Serbia,Veljko Birmančević,2,185.21803383917924,0.07115428226890705
3930163,f42fb31f-672f-4349-9d56-a0c0053fe001,England,Kyle Walker,2,338.8852809682937,0.0873836954795753
3930163,cf7cfedc-1c2a-4509-810a-57033f076607,England,Kieran Trippier,2,364.92408685260693,0.05865413666868438
3930163,cd896893-29c3-46db-8a42-0c26e6d0d10f,England,Phil Foden,2,397.7806402355079,0.06523336077287889
3930163,e8ba1283-e35b-40cb-b629-160c809cc930,England,Kieran Trippier,2,325.8129305409317,0.05031760051317648
3930163,09a42539-3664-46c0-9a99-125f89129e8b,England,Marc Guehi,2,679.3155272481555,0.06414137937664625
3930163,e74b9d3e-0430-4360-ae79-ead1a0eabd8c,England,Jordan Pickford,2,888.8749694726562,0.05674251116843585
3930163,8e327fba-1575-4369-8dae-053118e5e9a9,Serbia,Sergej Milinković-Savić,2,453.87858091610167,0.17951410870357518
3930163,9fcba54e-4358-4783-b0d1-24d5cb61c7d1,Serbia,Strahinja Pavlović,2,804.1067512416058,0.17635045232960983
3930163,cd1e1991-e426-440e-bab1-414a51606545,Serbia,Filip Mladenović,2,740.4893764735966,0.2034592621361666
3930163,ec65d98f-524d-48f2-a1d2-40873e231b3d,Serbia,Dušan Tadić,2,728.4905073756776,0.1719844643125553
3930163,20a3fe1d-e201-489f-b1a8-2f005f87a8b7,Serbia,Strahinja Pavlović,2,563.8602463142439,0.21144803532164266
3930163,5d8ee061-cbf6-41ce-a3e7-e21b1504bb66,Serbia,Ivan Ilić,2,430.9832597757187,0.2656302278308759
3930163,fa08a756-2342-4670-b334-793f5ab75c52,England,Kieran Trippier,2,652.5768183023126,0.07369128382152862
3930163,022d38f1-3986-4fb3-b2d3-df103e7bb62c,Serbia,Filip Mladenović,2,208.17210699450726,0.10591215699284609
3930163,ede64d74-64dd-4409-89cd-b7f92d023e9e,Serbia,Dušan Tadić,2,664.3640270940228,0.16735897712114445
3930163,8044d2d1-c050-4a8a-9718-81dcaf58c6f0,Serbia,Sergej Milinković-Savić,2,560.710839598805,0.1830355483615752
3930163,61bab30a-2809-4e76-a935-00fe37c4b317,Serbia,Dušan Tadić,2,712.0376981376268,0.1644288740145159
3930163,56663824-a31f-46cd-9e5c-602c19b28af6,Serbia,Strahinja Pavlović,2,343.61400926029415,0.17159655442588567
3930163,bf59dce6-7fb6-4271-b49f-9569aac42e0c,Serbia,Ivan Ilić,2,370.12191144635625,0.18503369820629006
3930163,d2a7898e-d7bf-4327-a270-1ca9785790c8,Serbia,Strahinja Pavlović,2,519.1973044363149,0.22694259876497197
3930163,bc9826ac-295d-4cf8-9e40-8d5358498a03,Serbia,Strahinja Pavlović,2,295.7159305878237,0.292143361252362
3930163,0d41bcb6-0f6f-4bc8-bc16-7dd561316236,Serbia,Sergej Milinković-Savić,2,535.0319051487695,0.16806320198935337
3930163,3ea25b3d-05ae-4888-9ea3-e51e131526c2,Serbia,Ivan Ilić,2,442.4665830506806,0.2215362920954369
3930163,5c5e80a7-a971-4742-afd7-aa0ed0cd6372,Serbia,Milos Veljkovic,2,374.7625277023353,0.22826126311477332
3930163,e0b2632a-9534-4c3e-ab28-3e0192c4eaba,Serbia,Ivan Ilić,2,472.02771810632987,0.19058213055066736
3930163,5fd4ceed-27c8-4eeb-9272-09a9dc2a2da8,Serbia,Nikola Milenković,2,443.49741802933465,0.21277422328588674
3930163,b3034afa-7173-4fb5-b6bf-c18dcaf5677c,Serbia,Sergej Milinković-Savić,2,523.333154985193,0.24147352301646147
3930163,0ba12fae-17bc-44b8-b9cb-284fff76c3e2,Serbia,Filip Mladenović,2,302.39935516797624,0.3839610242058791
3930163,f738ebb8-f70e-44a3-842b-0b0ea94a00dd,Serbia,Strahinja Pavlović,2,211.0213001072355,0.06553607366333333
3930163,97c0903f-45ac-44a7-a6fb-ea0c7cf841c0,Serbia,Predrag Rajković,2,415.5355133909609,0.04505430661661965
3930163,41157293-b45c-4a2f-a40f-a98a851d8140,England,Conor Gallagher,2,474.29757850981684,0.09379115814996225
3930163,4d15baf3-e337-42ff-a0b2-a8ae544a6001,England,Kieran Trippier,2,463.6163731348137,0.07678843553767427
3930163,04e44ada-5ce4-48f0-a90c-22c1d999b2ae,England,Declan Rice,2,477.87320924787764,0.07873437668089166
3930163,68710f21-9656-41a4-99bc-a1c28c8b1896,England,Marc Guehi,2,623.9849557979823,0.06570729336104612
3930163,aa3b0083-aeb6-463e-a192-4979b841a11e,England,John Stones,2,538.62624454468,0.052775294217276336
3930163,00dac45e-6aab-45bc-9575-27ca7d2ef2b0,England,Jordan Pickford,2,711.8185174666128,0.049428561925584764
3930163,43a629db-08a2-4a04-a886-c9c7bf636adb,England,Harry Kane,2,869.7047486319368,0.07518249247724323
3930163,7794a133-24c0-48cf-a48b-5838e4d4291d,England,Conor Gallagher,2,659.2336433972247,0.07037320200684756
3930163,94959f5b-0a3d-4b2b-be3a-c5606ef79957,England,Kyle Walker,2,584.1247465659063,0.09055301845073666
3930163,f6bcf66d-2b43-4e40-ab9a-bd23fdc0ae7d,England,John Stones,2,205.6675298274998,0.08141514125505064
3930163,a9bbbb7b-de45-4b7e-9e26-c0a8785b7d4e,England,Marc Guehi,2,285.73094750361065,0.06663647293551736
3930163,885f56bf-baef-4204-8774-124fdab5fbea,England,Declan Rice,2,477.6309435666612,0.09880973908064357
3930163,13278976-7026-4704-b689-3cd74e05aac8,England,Conor Gallagher,2,451.81308682992517,0.11367036746104701
3930163,e3ce6f0f-ae38-4442-a473-de99a051af7c,England,Kyle Walker,2,970.6332612726733,0.10434435589642034
3930163,581663fe-d0fc-4eb2-b277-1d79a72a9044,England,Conor Gallagher,2,940.1799763089047,0.09896101868343149
3930163,5bb26390-1ca3-4b5c-8d46-52a81c29a7fa,England,Kobbie Mainoo,2,873.448729612558,0.09820439954264598
3930163,5864b9d5-f095-4bf7-9f93-78160a6549c2,England,Kyle Walker,2,831.8514954779764,0.08353456150254444
3930163,274c4627-6b22-47d2-bac2-2a0989b22757,England,Conor Gallagher,2,484.6834483249948,0.0925671124021732
3930163,e69b00e6-882f-4ad0-a9df-9784be13861b,England,Kobbie Mainoo,2,516.838254954175,0.12108148815634157
3930163,450f2474-30c4-42ad-b6fe-bda47de7e9f7,England,Conor Gallagher,2,538.2121915719553,0.10835212044581402
3930163,125a1080-d62f-4ac1-8823-8ccbe3208411,England,Kyle Walker,2,562.5049244346923,0.09567217837721634
3930163,71b33493-f5dd-4a34-a4e6-a76cd21bf71f,England,Conor Gallagher,2,522.6358567277146,0.11071612863752452
3930163,bf4fcc72-c8d7-40f7-a839-a0be0e7f6d3c,England,Kyle Walker,2,555.8836049869185,0.08670305519205833
3930163,0a22d1fb-5caf-4352-81c6-c19b7e99ca4d,England,John Stones,2,624.0170688161492,0.09031378269867195
3930163,b34bed20-6943-449e-9a93-cba8fef042a7,England,Kieran Trippier,2,471.8114887056507,0.06612461776194155
3930163,390e1664-f988-44de-9114-7e821d046f39,Serbia,Milos Veljkovic,2,242.94185361966623,0.044780845110640115
3930163,6cb2a439-6892-45ca-8605-839e2ded135c,England,Declan Rice,2,807.2672302400523,0.17037993723919415
3930163,e4454d1b-6f05-456f-baf0-0dad8656b0af,Serbia,Nikola Milenković,2,366.8873663809185,0.03968772910493489
3930163,e42bb842-cd71-4c88-acf3-f1ba3ea1de6b,England,John Stones,2,828.9543814849519,0.12178332446926268
3930163,cb02cdeb-629a-46c1-a185-b749bdea985c,Serbia,Ivan Ilić,2,368.5007039794131,0.08608962157409436
3930163,9640cbf0-b5f9-4a50-8205-e3728214c08b,Serbia,Dušan Tadić,2,466.9394634153532,0.10282593130322931
3930163,7242b783-c22e-420a-ada5-8b5df4817fd8,Serbia,Veljko Birmančević,2,408.6599755690188,0.16928108147067808
3930163,e4777298-a2d5-4955-a211-f0ebb8dda158,Serbia,Veljko Birmančević,2,247.02700141933536,0.24106904560794531
3930163,e8c40803-67d9-43dd-a504-c27c29cfb60c,Serbia,Dušan Tadić,2,264.222674789222,0.12381667688015874
3930163,0e0bd335-8147-4d56-8739-16b74c7389c2,Serbia,Milos Veljkovic,2,233.93998286836018,0.16591153708011164
3930163,ef40d31d-e3fd-45d4-bcaa-308d2d7830b8,Serbia,Ivan Ilić,2,400.8100919129319,0.24265287447797879
3930163,0407940f-284c-4a52-9812-20b804cf3075,Serbia,Nikola Milenković,2,363.9156628887228,0.42027110253575
3930163,0bec7417-7dfa-4370-a12b-6f16a6f7a8a0,England,Jarrod Bowen,2,230.22609269914543,0.05530071905660764
3930163,c7c6626f-c347-4728-a238-268ca24308d5,Serbia,Nikola Milenković,2,333.0806574527782,0.3174107626933376
3930163,f45c3d5f-3ab0-4373-97aa-be96d2dee0e1,Serbia,Ivan Ilić,2,307.7512506464808,0.2388147909592091
3930163,48e8bd00-2c0a-4478-8973-b7feadb767dd,Serbia,Strahinja Pavlović,2,577.5644217870984,0.28583579038449675
3930163,b4928970-1450-4e7a-88c7-97ed5e6f5e68,Serbia,Nikola Milenković,2,557.3808805007777,0.34698042381322247
3930163,bffe114b-b762-4c34-9aea-261d10e4a0cd,Serbia,Ivan Ilić,2,303.00506241636236,0.1074689489010236
3930163,4bcff0ee-b82f-487a-bde9-528db341d817,Serbia,Milos Veljkovic,2,254.57750720021187,0.08910721737142317
3930163,6a3d23e3-e976-4513-8da2-114181b05d07,England,Kyle Walker,2,154.75698742625622,0.055791912723946686
3930163,587529f9-9321-4247-8eda-4bddd4524d89,England,Jarrod Bowen,2,178.9286092515494,0.056823250980117174
3930163,d68236e1-9906-4315-b336-6dab9af383c9,England,Conor Gallagher,2,474.7619358537177,0.15928762514851985
3930163,3fdf2349-ddfc-40dc-8a80-11321b20d83c,England,Phil Foden,2,231.63538205822343,0.13708196187503124
3930181,5c629533-2c74-4aa8-993f-c42e3b052663,England,Phil Foden,1,997.0313752129646,0.13341305788893848
3930181,ea00fc0e-d583-4e91-ae02-813d0b4a6286,England,Jordan Pickford,1,1077.2311774620916,0.11331497619106379
3930181,e6b2c218-0e7a-4496-8c8f-a975b0cd4116,Slovenia,Jaka Bijol,1,525.4831182287567,0.08126327115778975
3930181,0e8db481-f3a4-4180-b68b-81986f67e8ce,England,John Stones,1,316.827661062343,0.11890251827283871
3930181,6a0ac174-b08d-4207-b912-7990b42c5456,England,Kyle Walker,1,496.27667078062234,0.09149025788069014
3930181,92d15339-a627-4283-92bd-5c17de9a232f,England,Marc Guehi,1,450.9727163371678,0.08991194242036409
3930181,092363dc-2fdc-4de5-985c-dce4cab4410d,England,Phil Foden,1,621.2149884521734,0.09595611391503811
3930181,b2320611-2cc9-487c-9026-367c4799d81c,England,Kieran Trippier,1,600.7647063724461,0.09874855142631372
3930181,af58eefc-9010-4c6d-8d6d-e36bbbbc4b19,England,Marc Guehi,1,550.2787746935694,0.09219594807732662
3930181,9f8482b5-875a-42a0-a3b4-7afc82332872,England,John Stones,1,662.3038678791835,0.10563526658668924
3930181,d692ee4b-5b5c-43fd-bfd6-7a148cd4f0ff,England,Marc Guehi,1,650.6961713861147,0.10228544690820852
3930181,a814948b-6536-46ca-aa10-cfacab8cde52,England,Jude Bellingham,1,720.8733539078147,0.08240864440250611
3930181,f09c382c-cbdd-4ea6-8662-fb76b9c1a0e0,England,Jordan Pickford,1,361.97646476379975,0.053512678217742575
3930181,24ea2663-9406-47f5-a911-63e5550a585d,England,John Stones,1,393.62146051324663,0.07002924149261758
3930181,0029898d-2311-4643-bcc4-6bc1b01ee81b,England,Jordan Pickford,1,356.81627247691347,0.04949722920726292
3930181,91b97dd5-e136-4b61-b8fd-28e4220acd08,England,Marc Guehi,1,321.58042359443573,0.049117501936388475
3930181,c7b2de5d-27b0-453d-ab34-2e923fc0807e,England,Declan Rice,1,305.54469108022937,0.0692768409020226
3930181,64a32d32-edb1-4069-8f5c-9ad1f937974b,England,Jordan Pickford,1,431.91045226792005,0.05838492746740668
3930181,eb83014e-4854-432f-ad53-2eb9f8a4da56,England,John Stones,1,364.9714497511002,0.06200985072691709
3930181,074f9d5f-2fb0-4b5e-a248-8d5d90ba41cf,England,Jude Bellingham,1,606.1166006621639,0.11861246953391957
3930181,ef3d8de2-5dc7-41b6-97d4-89c6cb747d63,England,Declan Rice,1,319.36329401885774,0.09657242571175803
3930181,6b785604-96db-4578-b169-631d0e143e70,Slovenia,Timi Elšnik,1,968.4061516281391,0.16211460974200456
3930181,54602228-824e-4752-b010-ba6f4d70f96b,Slovenia,Jaka Bijol,1,592.6615776804491,0.09200352345701322
3930181,6e09f730-e34a-4b0f-8a60-6a3b7c42503a,Slovenia,Jan Oblak,1,502.2845606625355,0.03425432074720745
3930181,14a591f4-ca4f-4110-868f-1095642aa4c1,England,Kieran Trippier,1,607.9977775051517,0.1684871017038327
3930181,4435736b-1aea-49f3-94eb-ee0854d0e660,Slovenia,Vanja Drkušić,1,434.4213147930242,0.06756011343224873
3930181,24c8fc89-8a0b-48d9-b968-e1defcb28328,England,Declan Rice,1,673.4760049799919,0.15902698085421926
3930181,8559e165-f2da-4170-b8ae-3202e91a5daf,England,Kieran Trippier,1,709.4072363268118,0.14036788029505873
3930181,388b3a0e-6820-4c84-ae23-59a7fed7d89f,England,Kieran Trippier,1,638.2196544115994,0.1335048890117617
3930181,107df2c4-76ca-4e6d-a13a-a8de62fa5c4d,Slovenia,Benjamin Šeško,1,825.6707408914468,0.10792092301585963
3930181,a69aafa8-ce86-429a-ad4f-8452dcf62cc4,Slovenia,Andraž Šporar,1,733.7742920049769,0.0984550762951655
3930181,f30d37f4-af5c-4443-ab57-0637264a574d,England,Kyle Walker,1,71.98821828053082,0.05494478471567869
3930181,5b37619b-8979-4394-a090-cd60e2012102,Slovenia,Jaka Bijol,1,897.6552064899957,0.07408698121724623
3930181,b3ca280b-8ad9-4899-a998-779c005950b1,England,Kyle Walker,1,460.61744317977013,0.09972736497745964
3930181,6ea11839-7abd-483c-b0fc-9552f220d939,England,John Stones,1,384.64699803755934,0.06759198206989205
3930181,4a14785d-eb55-4a43-824f-e3972a78ff90,England,Phil Foden,1,681.8137636294106,0.11830303914607929
3930181,0845352f-64df-4b05-8866-a09f7ee0f1b6,England,Kieran Trippier,1,610.8112585129231,0.11669435274402681
3930181,00be9f2e-6480-4c7e-8516-e5df72228c89,England,Marc Guehi,1,674.3356044396447,0.11608546666251354
3930181,60af9ffc-8d8e-44dc-bd5f-089c9665b1b8,England,Jude Bellingham,1,581.3335868950269,0.11599913211809451
3930181,7fd0ff81-ec2c-44da-be0c-46164b38675a,Slovenia,Benjamin Šeško,1,1244.1078492185436,0.09793994369215996
3930181,20b68337-cc55-41fc-8e15-7f219e3b1f17,Slovenia,Adam Gnezda Čerin,1,438.16574855140107,0.12656569382788335
3930181,619f44b9-c5d4-4d46-a79e-ecf03971f474,Slovenia,Adam Gnezda Čerin,1,484.7769702654832,0.05615852048260776
3930181,7215957e-7d28-4075-bef8-8447700b2a44,Slovenia,Jaka Bijol,1,494.72815864302254,0.06990250426132814
3930181,2c752eac-7d41-43d2-acd3-0e9965d0cc64,Slovenia,Erik Janža,1,799.3285065017818,0.08511093415753346
3930181,de87713a-9693-4a7a-9ee5-127cb894c120,Slovenia,Adam Gnezda Čerin,1,495.68780405779904,0.10610523992016577
3930181,e7356146-ee13-49f9-a6d2-cfea413928db,Slovenia,Erik Janža,1,523.5323979147024,0.08080482902440048
3930181,03fbb378-8f29-4999-866c-175d3cd0b787,Slovenia,Jaka Bijol,1,830.9772949076421,0.04353529055962894
3930181,bf2ee1d3-30af-453b-8642-3a63199a7bc6,Slovenia,Žan Karničnik,1,786.0867499980435,0.1503470370089696
3930181,27ec6d24-8f03-4d0e-9dab-80c7df452830,Slovenia,Timi Elšnik,1,520.1053653570398,0.18941620622288968
3930181,c505597d-6c8e-45a0-9c00-bbcb322a3cc6,Slovenia,Jan Mlakar,1,282.5889709757949,0.23981996461388366
3930181,abd706ea-70de-41d8-9069-a789040110bd,Slovenia,Petar Stojanović,1,243.96938221918856,0.3724792951850888
3930181,c141e533-d317-4afe-95de-32dbd0520186,Slovenia,Adam Gnezda Čerin,1,1058.255811372268,0.12017503126387535
3930181,b56020ad-ec53-42c8-8781-d0fbeae3f43a,Slovenia,Jan Mlakar,1,854.3588370462747,0.16269281146950731
3930181,48f3f190-9c57-4e34-8129-b6598fad6a26,England,Bukayo Saka,1,566.7853445549986,0.06582783682741396
3930181,87cb7fc1-a85d-4562-9f3e-69399bc8bd7e,England,Kyle Walker,1,355.0486637119782,0.08596902629102228
3930181,2b8f89e5-3eda-4239-abac-42f2b2fcbfb5,Slovenia,Adam Gnezda Čerin,1,345.1136061166923,0.0876767870293833
3930181,abec0a8e-8422-4081-ad2f-76defa6e2dae,Slovenia,Erik Janža,1,586.8234737006412,0.10062039821547282
3930181,07909f34-b5b3-4c46-b009-8ff87aad017b,Slovenia,Jan Mlakar,1,354.22872060434685,0.101254597114561
3930181,5ed1dc22-1653-4bec-a9b3-9e6a36799b2b,Slovenia,Vanja Drkušić,1,590.711829144495,0.08989675344044967
3930181,a0dee871-984e-41e3-9ecd-1e34a1604e58,England,Jordan Pickford,1,248.53272043935414,0.04381966946006766
3930181,4a6a3573-a7ee-4a53-8349-d2671cf904fa,England,Kieran Trippier,1,541.9146934876769,0.16381680615517397
3930181,f80bc5a2-cbdb-4759-8bac-801c1f31c069,England,Marc Guehi,1,692.0990941216219,0.11361194031957873
3930181,7266a594-338f-462f-9537-5570c0404ad6,England,John Stones,1,622.7555295592853,0.09119230200447462
3930181,3a80daf6-c559-4dfb-bb93-5bf45f49b2c2,England,Kyle Walker,1,622.0801466803144,0.10233822059040686
3930181,4b79265a-a160-40a8-a962-1ec1d9b506fd,England,Marc Guehi,1,882.4384103885232,0.1271738688182754
3930181,1010b597-4b85-445f-9bda-959e57623d5f,England,Kieran Trippier,1,907.352983598234,0.1318639979886942
3930181,0cfa085e-da2b-457c-b1e5-8e0ee1e09c69,England,Jude Bellingham,1,886.541000470796,0.15995521972472285
3930181,097cf552-794e-40e5-8cb8-f1bf89f0c433,England,Marc Guehi,1,506.3236847259282,0.11528575307692297
3930181,df1cb84b-ff0b-407e-84d6-43099c34689d,England,John Stones,1,581.8935642236817,0.09614706995703474
3930181,5eae55c7-1722-4393-8b5b-e5fb7e7ea96f,England,Kyle Walker,1,628.2020059140332,0.11897339125400658
3930181,31fc5ba7-7aca-4fb3-88e7-aee18d67b157,England,John Stones,1,735.170907064478,0.08253998028258842
3930181,0c261642-e098-4fda-81d0-ed7f485093ca,England,Kieran Trippier,1,783.1181373990158,0.07970229331450167
3930181,df73fd2f-719e-49e7-acf2-e591511f0af3,England,Marc Guehi,1,632.7274896482685,0.08844062244819184
3930181,2fa0e053-d40c-4890-9832-fc62e9f581d5,England,John Stones,1,616.8986416643336,0.0924455831168684
3930181,a2a211f8-f438-4e6c-8804-9fe92b43cfd3,England,Phil Foden,1,830.2420931503293,0.16380086148476122
3930181,b3fbdd09-cd48-487d-8a4c-21907eba9f09,England,Declan Rice,1,462.6899275373287,0.11622476490728723
3930181,e573fef5-22c4-45af-aaba-9c615bd188c7,England,John Stones,1,460.85593799994535,0.11860929508947912
3930181,04a5b502-4184-42a6-b321-e0e3c335f6d1,England,Bukayo Saka,1,543.2360496704973,0.0911840425647974
3930181,92ef4a5b-8de4-41d3-85ac-c0a3c6e12cf1,England,Harry Kane,1,891.9885094565101,0.1564897672234955
3930181,408d4585-01ee-4752-913f-41b593b136bd,Slovenia,Erik Janža,1,757.4109878815365,0.06457414260732977
3930181,61d31f33-1188-41ed-93de-3ea3c0f81856,Slovenia,Jan Mlakar,1,692.0339947261798,0.06193624441676951
3930181,f69b7041-4d05-4e8d-aa06-e335026ad7b0,Slovenia,Erik Janža,1,793.1126242428635,0.048664338303457115
3930181,b9d85e70-26f8-4974-b97f-9bddf1237c00,Slovenia,Erik Janža,1,249.87424257216634,0.0449094706520189
3930181,a588072d-719c-4ef5-adc0-79f34d4710e7,England,John Stones,1,351.98530848510734,0.1584198829014615
3930181,2b594c80-ccd8-4da7-9fdf-4c6e89c99b80,England,Conor Gallagher,1,347.7836382909546,0.17696108152087123
3930181,a30fc493-e7a6-4df5-9d7e-9fc72d9fc19e,Slovenia,Petar Stojanović,1,411.4831895925002,0.06615050794373734
3930181,fc886d6b-52a4-4cd0-b094-7b77e7d9828a,England,Kyle Walker,1,328.28748041775236,0.06420287838281906
3930181,b096accf-6383-403c-9774-183098ad3c86,England,Marc Guehi,1,179.00883191444586,0.06277227035099545
3930181,fd211227-b5c1-47ed-a776-82dad29e5c7a,England,Declan Rice,1,506.5977966614414,0.08247126040652393
3930181,863d8031-f3b3-45a5-a9eb-bdb1a802dfef,England,Phil Foden,1,638.7861628665789,0.10509695149992111
3930181,f0f4a287-6c28-4989-abdb-aa548d457902,England,Kieran Trippier,1,498.5240455957238,0.0963801806988022
3930181,b2541098-0304-4e8b-ad22-827e90f2c4cd,England,Marc Guehi,1,499.596791418227,0.11418289681711702
3930181,f61a8a79-cdf5-45a2-a3a8-543a87ab9ab7,England,John Stones,1,564.1030436228478,0.1010000079575873
3930181,3b4b6707-6042-4176-8287-23547fd689f6,England,Kieran Trippier,1,969.8922602993194,0.11326352800861125
3930181,368a68f1-51d3-4e24-8634-472deb06fa72,England,Jude Bellingham,1,938.8391984375988,0.10977534871685803
3930181,d60e9f14-44fc-416a-ac0d-a814b7b67d99,England,Declan Rice,1,592.5442623205657,0.22304425829581379
3930181,d8145e5f-2745-46e3-9ba6-6fb63772d505,England,Harry Kane,1,351.6993701629543,0.260778549103904
3930181,943034ab-bc8a-4366-ab86-dc76b044c7b7,England,Declan Rice,1,232.8837018583418,0.2871770887849556
3930181,7e9f18a4-899e-4724-926d-ac5a75a7fbd9,England,Marc Guehi,1,559.7862055493974,0.18981658983241148
3930181,5df1843d-6446-46f9-bc6c-aafe043892fd,England,Kieran Trippier,1,686.9137128463285,0.11347608106897698
3930181,40da59c3-8884-4fdc-9782-c6653fc67eb0,England,Marc Guehi,1,446.34924011106216,0.10371322455567046
3930181,f226dc72-82df-4ebb-90c0-768d9c0ac45c,England,John Stones,1,629.5671091208214,0.11253534006529078
3930181,a784b29f-dca5-442f-9a5c-77e9c65c0b78,England,Marc Guehi,1,632.2050942000093,0.10789186009888008
3930181,c9bf6ebc-f413-4bde-9778-a36358b781ae,England,Phil Foden,1,556.894000715301,0.12011061583049104
3930181,cbfade96-83c9-46c4-8e0d-2c67733fe50b,England,Kieran Trippier,1,902.7354447607494,0.13430137885365004
3930181,4a0ba26c-d25e-4084-b215-a7e60172649a,England,Jude Bellingham,1,914.633069169487,0.1174917675211424
3930181,96c5806b-004d-4a05-83a0-ca126f9e06fa,England,Phil Foden,1,562.1252705840585,0.12511958728126704
3930181,51d6bec4-ca2c-45a6-b026-3cf48f54fb00,England,John Stones,1,641.4637476256812,0.125218011835507
3930181,5b02e300-977c-44bf-be75-2ee77cf9cb9d,England,Kyle Walker,1,692.2909286649682,0.11655090344676686
3930181,838df7c9-6648-40ce-b17f-1ff3afc4fbb9,England,Bukayo Saka,1,463.35557409538245,0.08341458746799725
3930181,475f6666-6708-492a-8de1-585c31e11443,England,Kyle Walker,1,453.52139918358154,0.0928440127201636
3930181,3569d817-24cd-4f70-b172-8e264faf58f1,England,John Stones,1,395.0377092595348,0.09518162365066439
3930181,cb32fadf-7835-4154-84ab-1a6286eb60db,England,Jude Bellingham,1,798.4193173406732,0.10224101632911332
3930181,d1cc8630-e018-4643-a4ef-afe4e4f794fa,England,Phil Foden,1,728.2856011293154,0.12979205477469566
3930181,13aeb1a2-71c9-4035-bd2e-cf5bda1270cb,Slovenia,Žan Karničnik,1,643.9404325468187,0.09142099419911418
3930181,a4bacc5c-3c30-4911-8d9b-881dd1fd975c,Slovenia,Timi Elšnik,1,428.18338994866764,0.08649579661843888
3930181,b92581d6-e368-43d2-97e0-e3e3979d24cc,England,Harry Kane,1,725.2555551140877,0.09204153684323728
3930181,1808c1e7-431e-4b80-9ead-efa2a356ee64,Slovenia,Vanja Drkušić,1,281.2693685558591,0.06042282294731992
3930181,0d7380cb-0b01-49f5-bb62-0467fcc85476,Slovenia,Jan Oblak,1,601.2973171105531,0.0445995259356419
3930181,abc6c4d5-056f-4282-be08-d35efb4f4b6c,England,Marc Guehi,1,1246.0421034785597,0.10313206662380778
3930181,3faf1bd7-1b0b-439e-a56b-5e9260e82cdf,Slovenia,Petar Stojanović,1,327.3385576735492,0.17288216476576604
3930181,b02d2751-9216-4d28-8035-e6d884b8cff0,Slovenia,Adam Gnezda Čerin,1,897.3246718215366,0.14456827263202532
3930181,140fe59c-0fdb-4af8-8da4-e42a4e7c4053,Slovenia,Vanja Drkušić,1,527.3941908116113,0.10372418499780481
3930181,c3ff33aa-1dec-4f12-bf44-44a927fe6be5,Slovenia,Adam Gnezda Čerin,1,618.6078156819262,0.12348619821880366
3930181,283c6f50-8f0b-4a09-96ad-c813fbfa89fb,Slovenia,Petar Stojanović,1,676.4654216469713,0.32542619224038377
3930181,68f70380-839e-4a76-aa7a-d786ad6b83ac,Slovenia,Andraž Šporar,1,549.9378108000191,0.45103991093540585
3930181,0c22922b-99a0-45d7-a113-4189b6714cd9,England,Conor Gallagher,1,586.3782174604278,0.06707336414593912
3930181,8fb03c33-cea8-42cf-b6fc-0fbbe36ae615,Slovenia,Erik Janža,1,491.32406802089787,0.17021847070915272
3930181,e9dbfc6a-0355-450d-8cf0-c983cf68482d,Slovenia,Adam Gnezda Čerin,1,590.8700993047074,0.21776322802232168
3930181,0068350e-3f6b-4cc7-b955-af02d7be6f34,Slovenia,Timi Elšnik,1,636.2686260532967,0.162025387524222
3930181,db9edd31-dd7e-427f-9a74-5b3588685bce,Slovenia,Vanja Drkušić,1,476.3894587321086,0.13751776134373564
3930181,298a1cd9-d553-40d3-a8c1-b0e172366406,Slovenia,Jaka Bijol,1,665.8582817822427,0.08572491836054423
3930181,51e66085-aa68-4367-9da7-c424916cb1d6,Slovenia,Erik Janža,1,737.3246116442328,0.08888066630503116
3930181,56f933e6-b90d-47a8-853e-805660034b1b,England,Marc Guehi,1,297.66252329233754,0.07040910001834758
3930181,7ac707b6-7203-499f-a88e-15060b56e8f5,England,Kieran Trippier,1,635.3508175370266,0.08653954560722076
3930181,603821fc-51b7-43d2-b1b5-e66a340f31b0,England,Phil Foden,1,907.3453928492788,0.11040915109460477
3930181,d871992c-390e-4d79-8978-f99764c2a928,England,Kieran Trippier,1,876.3243893356657,0.13085393403871792
3930181,19b8b295-39bf-4514-8d00-bd3511f82043,England,Phil Foden,1,845.2770096236784,0.12561584120794014
3930181,1d471769-a40c-4286-b4d7-938e4d3ea71f,England,Kieran Trippier,1,609.7962772756947,0.13900529355295602
3930181,93a012c3-29c9-4c49-9478-e6a3f8ec5c7c,England,Marc Guehi,1,551.5547224469781,0.12763534697731277
3930181,4f2e732b-4797-477c-a210-3485d2786927,England,John Stones,1,575.3916313668483,0.13148535938246045
3930181,294cf2b2-705e-4075-bdb0-397757e5d07a,England,Harry Kane,1,409.87331020132,0.15240503122413823
3930181,f4deb2a7-7b3c-43fc-89d6-17ecb27e4438,England,Conor Gallagher,1,520.8024878696133,0.10765635002319643
3930181,47b92565-bb43-484f-b14a-6786e4ca99fa,England,Kyle Walker,1,591.2001866099965,0.14227859570605272
3930181,fc7c05b1-1415-48d0-852b-4483e834ee9b,England,Conor Gallagher,1,500.63971771710254,0.1318921729389152
3930181,8af0128c-601c-4048-a0f0-ab54b3e1cccc,England,John Stones,1,359.8099153868458,0.18510159077166613
3930181,3f0c54cf-58ea-4a3f-9bf1-da5990522b52,England,Kieran Trippier,1,568.3601087568662,0.13694541764832036
3930181,946b1f92-f681-4c24-9b41-76539a3b7bc7,England,Jude Bellingham,1,738.2841992540294,0.1479833763176569
3930181,3745e3a4-9716-4b0d-a4ac-9da8556bc202,England,Jude Bellingham,1,649.8936792657262,0.1744860224325725
3930181,1f73e8da-0d1a-4829-b592-34e8bc589d1d,England,Marc Guehi,1,719.1383834967238,0.15601020095497264
3930181,e9faa543-0fd0-4b25-b56d-f5e477f0eeff,England,John Stones,1,486.4704239136467,0.12085212821380595
3930181,97340380-b917-49ae-a1f7-91c974f2d5c4,England,Kyle Walker,1,467.9801726357103,0.10748460209640076
3930181,c78ceccf-5821-40e0-ade9-1d226b1f0105,England,John Stones,1,459.0149886409539,0.1029233680926527
3930181,448a268a-5811-4c48-8f85-5c91615b6aed,England,Declan Rice,1,446.78783992665024,0.1093428246822267
3930181,7816d4ef-261d-4db4-a3cf-f613979fc46e,England,John Stones,1,439.9309866388795,0.10125932060536227
3930181,c394c67e-8586-43a4-bf41-330ed9147907,England,Marc Guehi,1,395.07168451901464,0.12811756144859218
3930181,648355cc-f9ea-475a-a5d4-275a45a6bc21,England,Phil Foden,1,617.755432902579,0.177817348415511
3930181,0d50d1f4-11a4-4ecc-96f4-1e535d2fc6f3,England,Declan Rice,1,625.3890102891122,0.19457513056481562
3930181,f8f37988-61b1-40b4-a29e-03007a7c70ec,England,Kyle Walker,1,640.478206672839,0.18047033164763285
3930181,08f105cb-447a-488e-b466-289bdddedab8,England,John Stones,1,548.7039472056806,0.13752830053365078
3930181,f0917a2b-7187-4b2e-b28a-573784c5dc8a,England,Marc Guehi,1,512.5278348526457,0.13359988540270695
3930181,a8fe16a3-5913-4b0c-9122-e18078563b06,England,Kieran Trippier,1,575.9951556294304,0.11766252774236771
3930181,4127e853-c51e-49af-aa86-f58aed7b5e6d,England,Marc Guehi,1,561.9196639587927,0.12732035585094165
3930181,ba6377ac-301b-407b-a18d-b3fdb3c1f773,England,John Stones,1,596.6761267873595,0.11146921667680093
3930181,8c60e5d8-d00c-4615-9f83-ac49e7cb8fd6,England,Kyle Walker,1,536.171145775302,0.1025766865504703
3930181,663c8b53-1425-46c5-b2ec-9903f14bc136,England,Conor Gallagher,1,473.5524661930129,0.11573152338389617
3930181,125587d8-8eca-4d64-83d8-76e086569240,England,Kyle Walker,1,565.1282293166444,0.08082793762196966
3930181,0e7abf74-41bf-4bdf-9be1-c6603f8381ed,England,Phil Foden,1,630.8298818881165,0.0815603918887725
3930181,d77cca27-b7da-4fe4-9d89-6878c712bc44,England,John Stones,1,463.29974948326236,0.12228537534064707
3930181,38c50ff6-045d-45b0-b7dc-614bea144f59,Slovenia,Žan Karničnik,1,540.1039384314945,0.07611962918962659
3930181,d02584ce-3709-48bb-8533-9d4320089e91,Slovenia,Adam Gnezda Čerin,1,548.047137947982,0.07608427079244662
3930181,00e27b06-229a-49c8-8e72-cb68f6737f19,England,John Stones,1,645.2378814922741,0.09267322818984747
3930181,2014dc71-cc03-432c-89f7-97bfb591db2d,England,Phil Foden,1,658.7317474580889,0.10067432326537593
3930181,929c93aa-f648-4b97-bfd1-f1a8fb895661,England,Kieran Trippier,1,604.5319665319618,0.09632308317102936
3930181,cff95c98-eff8-465d-b177-602b42de171d,England,Conor Gallagher,1,526.56070246632,0.0968964519718655
3930181,0337f6fa-8e23-4c39-9b89-dce662592365,England,Declan Rice,1,290.8411513781908,0.05891666269483701
3930181,430791b7-2ac5-49e8-a9a8-1f8428cc8603,England,John Stones,1,335.55928002776164,0.06457805068912426
3930181,abfc7c55-f7d4-4c25-8d55-365dcf4091b3,England,Kyle Walker,1,630.3368209452635,0.056819486971907314
3930181,44574b3c-780e-4e01-8454-83e1b39b1727,England,Bukayo Saka,1,456.97521996869335,0.06384309638548581
3930181,1b659d33-1be2-45a8-95c4-e07ebe8f8adb,England,Conor Gallagher,1,430.7349011912217,0.06280572862665461
3930181,52d8a95d-9752-423d-871c-401ce807c495,England,John Stones,1,163.74283843164628,0.04366495684562577
3930181,1198eec8-9e22-4ec0-853b-85925d8df980,England,Jordan Pickford,1,253.23808468219477,0.04698403010875086
3930181,27846893-6c19-4607-8ddf-a5a528f0e8b1,England,Kieran Trippier,1,603.5112935757451,0.09509707537902204
3930181,34e66e41-4027-4caf-96fb-66b1bdc195c2,England,Jude Bellingham,1,601.2694740843954,0.10478315384828686
3930181,8a7e3570-ebff-4cb7-996e-885d2f78e039,England,Marc Guehi,1,584.5213420268901,0.0869795430424004
3930181,fa8443bd-fddc-4bea-bc89-ef77291020c8,England,Jude Bellingham,1,615.7141860906394,0.0964132704319489
3930181,ed91598c-1ab4-40f9-a7e0-5ec2b9daec70,England,Marc Guehi,1,527.2288473801794,0.09455264748643731
3930181,ffd730f6-4faa-4ee5-868f-6fea7ca8ad93,Slovenia,Erik Janža,1,442.2124779829434,0.12454760744246456
3930181,97a0eb4e-b865-4cc7-b924-6dc0dfcab40c,Slovenia,Benjamin Šeško,1,423.4826213582468,0.14322152734529917
3930181,7208717a-be85-4f54-894a-ddbdec3c89e3,Slovenia,Timi Elšnik,1,479.08442136726876,0.10945010001448127
3930181,96c46a56-4499-48dc-9a65-95cdf60a695a,Slovenia,Erik Janža,1,142.92709064358792,0.5649607201774755
3930181,f7b21901-9886-4a28-87ac-7a1f4032cdb7,Slovenia,Jan Mlakar,1,206.01336231944563,0.319607290719234
3930181,1f98c63c-51f1-438f-9c14-84cc9deaaaa2,Slovenia,Erik Janža,1,280.89595716374845,0.3662751988261402
3930181,0055634f-b0e6-43d7-9a19-3ca9ce1721bd,England,Declan Rice,1,841.144615485724,0.062496171139453126
3930181,8a35f7e9-8d35-49a2-9b0d-5d083e99a0f9,England,Phil Foden,1,686.8780521579852,0.07151832041752876
3930181,ad36ca16-a217-42e7-9a8f-e11f1f335a38,England,Jude Bellingham,1,607.8894548507872,0.14292494344579731
3930181,2bbad83b-b304-4cd2-bed7-72b2f37b537d,England,Kyle Walker,1,718.7301559189023,0.14760192323934113
3930181,a3a89ae5-283b-4ef2-a9ee-192887e4954b,England,Conor Gallagher,1,729.0672928377891,0.16345549346661364
3930181,39ee3d51-fd78-494a-aca4-6aa0bc540866,England,Bukayo Saka,1,380.46128144805135,0.29946842060438056
3930181,90375895-f96f-4d9e-853f-c8e157fbaa29,Slovenia,Žan Karničnik,1,629.2495995273525,0.06421885711064812
3930181,178a1f19-c968-4e11-b6dc-88a46209d316,Slovenia,Andraž Šporar,1,713.7555339994803,0.0795352546195283
3930181,009aa5fb-ebcb-4eb0-9159-1ab28a172c25,Slovenia,Timi Elšnik,1,580.9938314292372,0.1167642059596703
3930181,67c04dbd-b8bd-4493-91d3-7120126b04a1,Slovenia,Petar Stojanović,1,420.8586605818315,0.14730951545496163
3930181,4b2a307d-240f-45e1-9456-6e24788888cd,Slovenia,Andraž Šporar,1,544.014127147366,0.2150985253253502
3930181,935165a9-6fc8-4664-9472-d74d46afa054,Slovenia,Erik Janža,1,189.49886651627048,0.6221397791203024
3930181,d09bea47-bb47-48e8-9aea-1b4b5a8d433c,England,Marc Guehi,1,204.14470706296197,0.04626321005452888
3930181,c82e99b3-0fa5-44d0-85c3-2ca2f2c22bdd,England,Phil Foden,1,853.5346798700841,0.05733940432966078
3930181,0fb703af-9a1b-4857-9ad0-d95c48325d20,Slovenia,Vanja Drkušić,1,1133.5177792529805,0.09938731159830647
3930181,7cf1cac8-6312-4775-90bf-684250a7f67e,Slovenia,Jan Oblak,1,479.01769342465593,0.056908235419700165
3930181,0e362273-e24b-4379-9c7e-6ce4b412290f,Slovenia,Timi Elšnik,1,651.9013085115783,0.10915090388895618
3930181,779f944b-3806-48bc-be16-ab1e6670bc0c,England,Kyle Walker,1,227.44349645936836,0.07137541383341274
3930181,7de2662e-ff06-4fe7-8250-072ad04e8c88,England,Declan Rice,1,357.70530534057946,0.05238511668155137
3930181,d5d5adc9-2dd3-4877-adfa-e52aedb1c4a9,England,Marc Guehi,1,611.9877829636027,0.10505467415095718
3930181,4010ca9c-8e2d-458e-90ff-5b6746beae3d,England,Declan Rice,1,624.1317680584758,0.11050643409734917
3930181,d284f1ac-9c27-43c8-9251-06d862221afa,England,Marc Guehi,1,652.1892278921407,0.1265113101447311
3930181,6e8e8a50-f56c-41b6-ba5a-fca286057888,England,Conor Gallagher,1,663.1664487070168,0.11086414021142742
3930181,c21420c7-bb8a-423e-86e7-38be3791b6e5,England,Kyle Walker,1,574.6393582594089,0.1231708883895548
3930181,4ca146b6-8e33-4ab0-9c91-99edde69b26c,England,Conor Gallagher,1,400.0252825363986,0.06230190631061518
3930181,1e984947-d0b1-40d8-ad02-bcb46f79c943,England,Bukayo Saka,1,342.79647130354925,0.23697244523145244
3930181,69d221a8-321e-4d0f-85de-32c7ef5670ff,England,Jude Bellingham,1,283.6760673891679,0.27391330479989917
3930181,56f41d84-9c44-4a60-809a-f568ab2fb7c7,England,Declan Rice,1,348.49836590752335,0.2233230062857802
3930181,06355cfa-2b12-4d1c-b945-133645abe9b7,England,Kieran Trippier,1,374.6403801540575,0.2771066807292075
3930181,8a9a6886-7d50-469b-918a-b80b35ce2a36,England,Phil Foden,1,301.73502431987987,0.2761733341174085
3930181,d1bac88b-498a-469e-8d23-fb2a23e3497a,England,Kieran Trippier,1,318.96146358433907,0.22594370115551693
3930181,e465a9c1-6da7-45e3-9093-9c4cbed25c9a,England,Declan Rice,1,509.8737707938225,0.262382503239701
3930181,aa19dd35-da15-4332-beef-7078a790bd56,Slovenia,Benjamin Šeško,1,680.1677091900781,0.14847536001553607
3930181,26cfea8b-bfa9-484f-9423-4ccecd088af9,Slovenia,Petar Stojanović,1,802.131543364179,0.16319096700614674
3930181,443c53ed-3f55-40d4-86e9-f568ab0c638f,Slovenia,Adam Gnezda Čerin,1,714.4689906592928,0.19680556989763504
3930181,0e394849-0264-4c5d-ac8e-cddf05239cfb,Slovenia,Petar Stojanović,1,610.7391527494143,0.16906698435620643
3930181,b4c2c2e6-06d4-4e73-b64d-5a53f3ea1c97,Slovenia,Žan Karničnik,1,615.8845796629439,0.15492377487224032
3930181,cdf7bd61-dc55-472c-be48-f0afbb3ebde4,Slovenia,Vanja Drkušić,1,585.3319560277722,0.1253683636099606
3930181,ab0bdf14-1131-4521-a31f-d85602e14fb2,Slovenia,Jaka Bijol,1,884.604475059063,0.0956520687846121
3930181,d84cc1ed-91cc-4665-9abe-57857e5685c2,England,Jordan Pickford,1,175.54608676722665,0.04272090460525614
3930181,1156b1f7-6532-404b-9847-90ab4b7dca15,Slovenia,Jaka Bijol,1,843.9499086950615,0.06930808534110851
3930181,7cbf7153-2f25-412c-86cf-be7333ef779a,England,Kyle Walker,1,549.8658210258135,0.07535303339167543
3930181,9187e724-ab78-445c-93f6-0c74bd13b38c,England,John Stones,1,592.2824191903757,0.13738153034707246
3930181,692d0edc-0c0c-476a-a20a-1b96fa8573e8,England,Kieran Trippier,1,1055.6698331805646,0.09336804860438987
3930181,8c88f23d-7990-45c9-bd29-9555a0efd912,England,Phil Foden,1,1004.8326820368163,0.10396352046815296
3930181,a9f6f238-78e7-4a9c-9463-7338cf36ca07,England,Kieran Trippier,1,569.4774957671779,0.13278102456365173
3930181,10384601-63aa-430e-90f2-ff4f51f4c243,England,Marc Guehi,1,601.9243714752484,0.1114616897906146
3930181,b376eef0-01c4-475b-833c-7ccf057c4bf9,England,Kyle Walker,1,734.4381931954479,0.08359271330664905
3930181,03ae213b-10c5-47dd-8009-a102481e91f4,Slovenia,Timi Elšnik,1,912.4952173617238,0.08335985232865337
3930181,3de63720-a81a-4c4c-b81c-e64f86c68216,England,Conor Gallagher,1,578.5707447474094,0.10886337135597901
3930181,f7ed40e6-dedc-4d5e-860b-e3494adb8518,Slovenia,Erik Janža,1,595.605800761014,0.0764102797812252
3930181,edff71dd-322d-40ed-bc64-3ef55f0e77bc,Slovenia,Adam Gnezda Čerin,1,537.5145156438324,0.08064804892646603
3930181,8585e0bd-93d7-4c3a-8f45-9f2a82dbfc32,Slovenia,Andraž Šporar,1,554.6491095363169,0.07596026284456579
3930181,ff44ce60-d952-409e-a88c-6d62fa6c83cc,England,Kyle Walker,1,476.00753200419575,0.08264358467073257
3930181,789ec644-3a14-4bc1-98fa-61604046ed77,England,Marc Guehi,1,425.9372934764344,0.10495139395698977
3930181,ed066c94-fdc7-4445-8086-9b174531cdb0,England,Jude Bellingham,1,593.3347097054508,0.12730663873525638
3930181,b5db6887-4118-4be6-834d-e2c2cd164b5c,England,Phil Foden,1,488.0893991487644,0.13714783127787783
3930181,931b4037-5c1c-4db6-9eff-1bc9b3c84f1c,England,Jude Bellingham,1,498.91482885633155,0.1261971005868925
3930181,16a9a0c5-66f3-4ab3-a761-968bd0d7a84c,England,Marc Guehi,1,514.542299422941,0.1111248866401211
3930181,8b28e9c0-7297-42e0-a8e0-c4aaf937a253,England,Jude Bellingham,1,987.0955312125361,0.12391867793513218
3930181,b661b9f3-6cc1-4244-b321-ceb701927445,England,Phil Foden,1,589.2505206623784,0.12530965097057833
3930181,f18789d6-4d40-4457-a1b9-292b4c3170d1,England,Bukayo Saka,1,477.89165969160695,0.08886208168049178
3930181,758265a3-7a84-40a5-970d-9918c006b3dd,England,Phil Foden,1,589.0865254708284,0.13068342756246482
3930181,647e4650-6df4-4ddf-8cdc-cf897f9a1e33,England,Kieran Trippier,1,601.6608505161158,0.13644295401565892
3930181,957477b0-3e42-494b-ad6f-dc1e224dbb95,England,Jude Bellingham,1,531.3532003439897,0.1876140353239308
3930181,c08f1edd-6186-45fd-9e87-6c743b00936b,England,Jordan Pickford,1,588.1274954392134,0.0935492679221383
3930181,490db639-e8df-4552-8a98-2be392db1ad9,England,John Stones,1,569.4800155028216,0.11300463268348411
3930181,9c3515f8-f16d-4644-af6b-9c39cebea466,England,Kieran Trippier,1,840.7984391397194,0.13150929319395052
3930181,c77f181d-fa71-4dd4-bd33-3a8a44690c3e,England,Phil Foden,1,735.632122681351,0.15484720436980393
3930181,199806da-c7cc-47e1-af9c-226fb3e13c15,Slovenia,Vanja Drkušić,1,753.8069073687225,0.08569477169249327
3930181,b8734fb9-c5fd-488f-b93f-f1f65eca5f50,Slovenia,Jaka Bijol,1,714.8999958887991,0.0829451124854888
3930181,667c88f3-a94d-4596-9fbd-f7782a5943fb,Slovenia,Žan Karničnik,1,478.1522432363695,0.06869252994335266
3930181,ccb70ae6-6f5e-4400-8c7d-546f37196c43,Slovenia,Petar Stojanović,1,486.3320969271227,0.047431486030715404
3930181,b2a8b5c1-461f-47ae-a237-6d622ee174fa,Slovenia,Žan Karničnik,1,450.75607227616183,0.047000789248618696
3930181,856ad14f-585c-4a68-9bab-533de84c6405,England,Declan Rice,1,827.7261514539191,0.1561391659124181
3930181,17b61913-4788-48fc-b02f-5b9b0ec413ec,Slovenia,Adam Gnezda Čerin,1,305.6006571998272,0.08316767418527912
3930181,66a143e8-8959-40ca-a952-f85bc5a1ab38,England,Kyle Walker,1,855.6625540939683,0.15706555752101176
3930181,6542504b-d0d2-4ba0-b1b5-8bc399687287,England,Conor Gallagher,1,276.13244724603436,0.0549554938715708
3930181,8f89fd30-492a-4e57-8d11-efddc63858f6,England,Kyle Walker,1,171.41705053204808,0.03500765664325746
3930181,8ef5d66c-d667-4629-ac7c-a98a23f0f1e2,England,John Stones,1,67.29656892779909,0.032189760421096066
3930181,b44581c1-e653-412c-9be5-a0a0994e0cc6,England,Kieran Trippier,1,790.1049704186198,0.07353595761566237
3930181,7ada9dac-d751-4fdc-b723-799d6b753345,England,Phil Foden,1,765.5078009033799,0.08501987573066226
3930181,be0abbf2-4ce3-4b3a-a7c7-bfd479d364e0,England,Kieran Trippier,1,806.5894002217445,0.09392407175948644
3930181,4f73811d-3f0d-4c55-9580-15a440818df6,England,Harry Kane,1,801.9951719260797,0.09495700069824756
3930181,c966ce6a-3f48-4e5f-99e0-2acc1cedb47d,England,Marc Guehi,1,700.9005897875794,0.11287886434018639
3930181,72a2184a-4376-4f8a-9d4a-35200e1b8546,England,Harry Kane,1,986.9092065896511,0.11247366251060564
3930181,d44fcd25-479f-490b-b224-ba15ab29c47f,England,Marc Guehi,1,553.6523036818813,0.11506833347677516
3930181,5f091162-e599-4ca9-87c0-86170a1f6baa,England,John Stones,1,617.1386358953285,0.11115581940153155
3930181,fd262410-3704-42fe-ada9-3de3e0e820d5,England,Kyle Walker,1,629.8991382616367,0.09840861574254432
3930181,bb75be2f-d8ac-41d5-8586-d3423aff61c6,England,Bukayo Saka,1,477.5108913956792,0.11408263916851369
3930181,4c1a05cc-43b1-4666-b150-6562a93ebc73,Slovenia,Timi Elšnik,1,900.3320088956976,0.07293688322907707
3930181,2ccba89e-2058-43e2-aebc-39fa32033706,Slovenia,Benjamin Šeško,1,679.1213184607584,0.060993784333723
3930181,fa5afdca-1786-44cd-b5ae-d17f780ee3a0,England,John Stones,1,425.21889296215386,0.1042507613287195
3930181,10921a23-c416-4fc9-b1a2-1e090344bba9,England,Phil Foden,1,601.6346657648172,0.21218408086892523
3930181,9afba7cd-bfad-4e17-851a-fc7de93d1fa0,Slovenia,Jan Oblak,1,377.2185259283749,0.04281830375687328
3930181,ddc5cc7f-c49e-42c4-bd96-5ace30f3673c,England,Kyle Walker,1,905.7526421847161,0.13580014760622014
3930181,ab8be5eb-bd91-448c-9dbf-1c4a53ff87f4,England,Bukayo Saka,1,630.4603449759809,0.08808436617239043
3930181,62c8ea7a-4589-49fb-b795-afc586f6b23f,England,Kyle Walker,1,537.0254977426916,0.06296839703334418
3930181,7a2e29a7-8d46-4252-84e1-824126ecf334,England,John Stones,1,659.0269004223886,0.12022833905704404
3930181,f442d978-5c20-4dac-b037-fa3ce6b0d838,England,Phil Foden,1,683.336531697745,0.10376312982793197
3930181,7365963b-5c13-4ad4-a601-e281108030b4,England,Kieran Trippier,1,684.6193132239712,0.11356627402025792
3930181,6fb327cc-9e53-4ffa-84c3-13b0e330c2c3,England,Marc Guehi,1,686.0894034380221,0.11270560055221317
3930181,1ee305c2-cd7a-4af7-ad5b-2829af11f05b,England,Jordan Pickford,1,348.92811676866927,0.04573469645556372
3930181,58c1c693-0f20-4cf4-8d74-124e51aab113,England,Marc Guehi,1,652.0566793615137,0.09890862961539305
3930181,b2fea7ba-5306-43f3-a621-9ff4366dcba5,England,John Stones,1,730.2596654725213,0.08205161666489467
3930181,37c61b25-f01b-41dc-96b1-7f3376a3674c,England,Marc Guehi,1,848.2685229005332,0.12335534361054627
3930181,3136a8a7-bd96-427b-bf99-4605f367bc82,England,Declan Rice,1,606.3195931932541,0.1706744180322006
3930181,82a62e54-8345-45b9-8f66-a19380b0aa6b,England,Kyle Walker,1,670.5054818678402,0.17152923076004248
3930181,946f4030-f216-42c7-88c7-8986d7c46b44,England,Bukayo Saka,1,631.2938414835027,0.12787184963819268
3930181,16712934-76ee-4903-a4e5-5b971e9f882e,Slovenia,Jaka Bijol,1,716.4230422277318,0.05745854909173852
3930181,0ed0512e-65a8-483a-bdad-41a53d0f5f4c,Slovenia,Jan Mlakar,1,653.2725906696842,0.05467104627150476
3930181,827187a2-cc0f-490e-a7fe-39edd330b00d,England,Jude Bellingham,1,235.11601505424142,0.2297063447270803
3930181,f578531c-4d33-4249-af75-ba6fced3eec3,England,Phil Foden,1,237.83162416024183,0.23770862047368116
3930181,fb2bdb3f-9020-4e46-9e94-08cee4236f91,England,Kieran Trippier,1,213.6193846921077,0.24822737165252004
3930181,fa47ed47-3236-4eca-adb1-91070586e6b6,England,Phil Foden,1,221.9152170423361,0.35648604137894574
3930181,da8f8b26-e719-46c1-bbe4-33849c076309,England,Kieran Trippier,1,327.9264831768283,0.28738202943301083
3930181,7df3036c-24b3-4bdd-b357-3c55ce9b998f,England,Phil Foden,1,262.5397420724705,0.268517093475341
3930181,b4be04cc-57b2-4c8d-b41b-529db1c1504e,England,Kieran Trippier,1,290.912358436471,0.2784373162417004
3930181,2ce6cebf-5aad-4525-bc4e-2f5144ece907,England,Phil Foden,1,508.25538447032034,0.2674075482132606
3930181,a39325af-da7d-4a82-a75c-8329f291851b,England,Kieran Trippier,1,434.8479249082478,0.27833603285514297
3930181,816273d2-67e7-4c97-b569-6ecaa92c163b,Slovenia,Žan Karničnik,1,443.1470038496898,0.08499380823762334
3930181,97f5fdac-0c35-4791-bc88-24c0c13f539f,Slovenia,Jan Mlakar,1,542.2276243794565,0.08048460165280846
3930181,2d3808b9-675d-4b5f-974a-59cc285e6a8d,England,Jordan Pickford,1,477.5552421861804,0.04365963047511052
3930181,00ade380-692f-440a-90bc-f7d701e020db,England,Conor Gallagher,1,738.4750867570318,0.056213581057812434
3930181,63da5384-cb0e-4750-be45-4fff31fcd5bd,England,Kieran Trippier,1,794.9770884758709,0.07287609808165031
3930181,c169ff15-9c92-46ad-8161-1f44cf4e2f4e,England,Phil Foden,1,560.002353251679,0.1349317768985963
3930181,dfd98250-db9e-4771-a2bb-7ca7de14cb8b,England,Jude Bellingham,1,619.3143341273734,0.1497303421787466
3930181,b6967e75-470b-47ff-9c55-c135ffc76526,England,Kieran Trippier,1,496.3190420802805,0.13844399040758382
3930181,67eb4ec9-c1af-4fcb-97df-d224527635bf,England,Jude Bellingham,1,466.88514787788296,0.16455201091106209
3930181,844b2a0b-02a3-44ff-96da-b25d0f28d140,England,Kyle Walker,1,515.3512070499304,0.15292222636535557
3930181,4e07e495-6475-41b2-ba68-f6a624d2ddab,England,Declan Rice,1,354.1582562500269,0.24195954185545587
3930181,31a0bdbb-7f8e-4d20-b971-9e8128883324,England,Kieran Trippier,1,191.01134681398327,0.800492937198997
3930181,55594a90-91aa-45dd-b5dd-9b456b712128,Slovenia,Žan Karničnik,1,291.72451315606634,0.05446507834428474
3930181,80199645-39d2-4cfe-bceb-bf718f7a18fd,Slovenia,Jan Oblak,1,268.13062178823645,0.04979726315026786
3930181,36d18e44-e4eb-4eda-97c4-010f8a2bf77c,Slovenia,Jaka Bijol,1,573.0735218108716,0.0362939855330818
3930181,8c025998-a513-486c-bca7-c50dde856f8c,Slovenia,Erik Janža,1,488.4471673844224,0.04102244595619702
3930181,b2f067a9-0fa5-48d2-9a46-e5fda6d4ef5b,Slovenia,Jaka Bijol,1,331.95889017689626,0.037438449101276014
3930181,2545f1b6-a3de-4528-9022-ebe4b3d6b576,Slovenia,Adam Gnezda Čerin,1,403.86600685246526,0.06034551249736043
3930181,80e76ba0-a39a-42f9-9086-cfe538a179a7,Slovenia,Žan Karničnik,1,663.0531468765812,0.09170934572684672
3930181,8bd53d77-faa6-45b7-b68d-d25fc0465b31,Slovenia,Vanja Drkušić,1,338.7818468780396,0.060991784040301006
3930181,c13f31c5-36e5-4441-b051-2f770780d0f5,Slovenia,Jaka Bijol,1,442.8533723950851,0.07984935902202207
3930181,7c022efe-3817-4137-9c2b-a48dd1c53cad,England,Conor Gallagher,1,1151.1080166075287,0.11859385567486073
3930181,220f29c2-8dc0-49b3-a886-339b679b6c1e,England,Jordan Pickford,1,48.714911998342615,0.05317774406252052
3930181,5434fae8-6fa5-4071-80c0-25bc26b2589c,England,Marc Guehi,1,26.518226427980444,0.05272199298158301
3930181,0f16b5ef-4ac8-48c2-a065-83770cb6793b,England,Declan Rice,1,337.15884736956775,0.06103965890542071
3930181,4e2b3618-2bbc-4a14-95eb-cbd7e58922c0,England,Kyle Walker,1,499.7302044064935,0.08036893899126359
3930181,f051edca-21ca-4a30-98e5-40a54ff4e5bf,England,Bukayo Saka,1,598.6612608450694,0.059100479912996814
3930181,d7e67f61-5718-4fb4-8a20-723e1949aaaf,England,Harry Kane,1,402.0856021050572,0.07791368876710167
3930181,e5a28d44-3aa3-4ce7-ad02-23268d87317e,England,Kyle Walker,1,575.6228335020604,0.06999882493357411
3930181,57796617-00c3-4a91-82da-596c45d0b631,England,Phil Foden,1,928.1579211039486,0.1059327845069621
3930181,106ebf0b-e5e3-4109-a9ea-b66b8f24991c,England,Kieran Trippier,1,876.4375881382729,0.1386758789035098
3930181,4854fbfe-95cf-4045-8666-64b05984900f,England,Phil Foden,1,593.4560546741532,0.12227898032395122
3930181,08ac6792-e998-4877-adee-0463e495445c,England,Marc Guehi,1,603.6562806731026,0.12116925346342036
3930181,684f92f6-907e-4b41-8c46-a327c75d0403,England,John Stones,1,474.3124525761021,0.09688068163696287
3930181,5d7cc926-c57e-4188-b1b2-58c55177b600,England,Kieran Trippier,1,899.56074940083,0.12835437237802516
3930181,2e43a545-253e-4646-bca0-adc7315e083c,England,Jude Bellingham,1,822.8923306419734,0.11186317953177129
3930181,3097cc77-1718-4226-bb82-03f83c09caea,England,Kieran Trippier,1,762.155119362099,0.13744753255939243
3930181,5fae9502-87b6-4271-bd27-aaff56596037,England,Harry Kane,1,663.7511223753688,0.1788450117928638
3930181,8047bfed-3ea1-4b5b-a845-14b77c983781,England,Marc Guehi,1,380.68245753716747,0.11089188529786317
3930181,9d63c4e7-6dd1-40d8-8591-0985b1728160,England,Harry Kane,1,550.1180523309134,0.11545007925193385
3930181,4931e7d6-bd75-4057-96f6-ba04d8ed205b,England,Marc Guehi,1,477.1775835230844,0.127589492548555
3930181,8e910bfe-5c86-4c46-9346-3852aa90a01e,England,John Stones,1,478.8124817271711,0.10631059945392735
3930181,25ec1ea3-b92f-4fa0-acb6-100e433be457,England,Kyle Walker,1,697.1904694067549,0.10563353526378085
3930181,4c143bbb-bb6b-49fc-9f63-75b3951c4f8c,England,Bukayo Saka,1,596.7987153304639,0.11631858254164072
3930181,997e884a-6be3-4403-93b5-ec10c304085e,England,Kyle Walker,1,440.73012490336055,0.07860735820270359
3930181,95736b48-7262-4091-b378-18c8630fbc8a,England,John Stones,1,491.6781301149681,0.10090718047576697
3930181,54174372-6741-480e-928a-6f727208816e,England,Marc Guehi,1,780.311846720416,0.13899785731942518
3930181,4b9648d4-c08c-43e1-ba64-6b2cb3e4eefb,England,Phil Foden,1,652.2109480756726,0.1476602197515874
3930181,66621ba7-c9f5-45ba-8a9d-739b02c6f0e3,England,Kieran Trippier,1,722.204091070389,0.14987572882142097
3930181,7e3e2abf-9fb5-48fe-b1c8-2a52e7ee9c50,England,Phil Foden,1,652.1616668380534,0.1816528827583922
3930181,4fc35e65-e39d-482d-aaa9-4766c7428844,England,Jude Bellingham,1,682.9387229239792,0.2088179621142137
3930181,6e958951-b920-4aec-b03d-9c89b849e450,England,Phil Foden,1,724.0060123300427,0.2079862074207182
3930181,de4db5e3-4569-4297-a89c-115166e9c6c5,England,Kieran Trippier,1,705.8192862105042,0.17412359629081633
3930181,de0b54dc-6f69-4c39-b357-5fc1256eaa4b,England,Declan Rice,1,346.26959804326907,0.3294798981730138
3930181,da693645-a4fc-440d-bf3d-d5e17c09891f,England,Kieran Trippier,1,400.24707016066213,0.2916565680279069
3930181,342289e6-3032-4dc6-b694-18672725e9bc,England,Phil Foden,1,350.0594905176732,0.6366708829834311
3930181,792bc82e-7a28-47da-ae64-76cab76a0d0d,England,Kyle Walker,1,351.35527531193674,0.465892258530208
3930181,951d8364-929f-4183-9063-71ed84b351c4,England,Bukayo Saka,1,306.27811648687737,0.22279358864283727
3930181,87a553db-4b55-400b-a342-6946d0a238f5,England,Conor Gallagher,1,297.7326275372758,0.24201105239251003
3930181,e6f2292d-62dc-4df5-bb9c-4685efd6f234,Slovenia,Jan Oblak,1,653.7190112487243,0.07361522725650246
3930181,74f6a6f5-cd61-4bf8-b4ce-0fed0d62728d,Slovenia,Žan Karničnik,1,390.84361616277056,0.26012683000237313
3930181,d240cf09-a857-41ea-8aa3-7bfea1ad8cfd,Slovenia,Adam Gnezda Čerin,1,393.5700201287313,0.24474457814684397
3930181,708dd7d1-df3f-4231-acb4-e85c3c79af47,Slovenia,Žan Karničnik,1,366.6689103162124,0.2500707807486563
3930181,53230eaa-530a-416c-beb4-9dc8e6531872,Slovenia,Adam Gnezda Čerin,1,317.2053042517048,0.22288790709360176
3930181,0cab7bb9-80b6-4fb1-b9fc-a3c635e3a826,Slovenia,Žan Karničnik,1,328.8068611530352,0.20964806979830347
3930181,f2e89cbc-fdb4-4b08-ab6c-3770fefa3010,Slovenia,Timi Elšnik,1,468.4093857236371,0.24996412521495606
3930181,e0df0d0d-235b-4fd2-a1d4-9795ff62c209,Slovenia,Jaka Bijol,1,543.7727206493241,0.1651239710258067
3930181,dc5b28ef-86ac-4113-8fbb-bd96e46ffecc,Slovenia,Erik Janža,1,789.1484856207792,0.1465105348828835
3930181,1f52ee36-bbe3-405c-bb7b-51ab3205993c,Slovenia,Jaka Bijol,1,494.6582801725059,0.1105388492401977
3930181,7bc317bf-46eb-44e7-a079-e7a93cc01134,Slovenia,Vanja Drkušić,1,817.3170570191834,0.07608683368731048
3930181,068eb0a7-4586-468e-9787-44f2973f60f6,Slovenia,Adam Gnezda Čerin,1,943.3761185974986,0.09937901679110539
3930181,db265b28-6bbd-4283-ab1c-b625f590a958,England,Declan Rice,1,664.6233337556523,0.05350590342165254
3930181,5028e36d-c6ce-4324-be89-d85f45e0cb1d,England,Phil Foden,1,560.4260404866553,0.04873868703880341
3930181,9ab83dd5-aad5-4c41-8d08-c8e6adb86885,Slovenia,Benjamin Šeško,1,892.1307505980429,0.1393242045397586
3930181,bf1d6853-035e-4235-84fe-bb9d27b93822,Slovenia,Jan Mlakar,1,667.0597379549082,0.15458545239077562
3930181,9deec055-e544-41a0-bd70-47964700fbe3,Slovenia,Jaka Bijol,1,540.3768374519726,0.1079554787947047
3930181,61c91451-6070-481e-ac14-37c4c3c81532,Slovenia,Timi Elšnik,1,676.487945816278,0.15772305723728539
3930181,c486fb13-d5b7-45b8-8b20-53a6126ae971,Slovenia,Benjamin Šeško,1,364.728749300476,0.2725666034987025
3930181,a8342e05-990a-4c9d-acaf-5f5ad3dd97d5,Slovenia,Žan Karničnik,1,230.7661297009097,0.4910655652007031
3930181,06fb6e24-3c1c-4512-8911-574b20897a83,Slovenia,Jaka Bijol,1,293.42587982589794,0.316089240935811
3930181,b42e14c6-a51b-4092-8c2c-d3f824e6668e,Slovenia,Benjamin Šeško,1,473.82802267466406,0.39130062270154486
3930181,32ef7dc7-c74f-424b-943e-afc3825e7faa,England,Phil Foden,1,337.3655252208429,0.08154092357884637
3930181,9796b73c-d62c-4a2c-b173-01332709509d,England,Kieran Trippier,1,354.84350602386763,0.06181760679049189
3930181,752ee0e0-5bb9-4a44-804c-accbd06a9c4e,Slovenia,Petar Stojanović,1,508.79751233810236,0.352081169757901
3930181,d2307f34-647a-43d5-972b-20efdc2a314a,Slovenia,Žan Karničnik,1,433.7147899392618,0.6024333297615824
3930181,7f719a28-5ba8-4ab2-85a5-58336254bfd2,Slovenia,Petar Stojanović,1,373.0306326630879,0.321876773177122
3930181,f4ab7c5d-c302-4332-9a00-9034cb50cf86,Slovenia,Žan Karničnik,1,405.28643714142794,0.2552648087878478
3930181,48b071d7-dc8b-4965-bba5-8033f44592e9,Slovenia,Adam Gnezda Čerin,1,582.6579010009527,0.21643588287266388
3930181,d76e05b0-21c3-41cf-803b-7d53a576d911,Slovenia,Vanja Drkušić,1,636.1159516502985,0.11725754695797831
3930181,a7e5214f-a9cf-4ed5-b08a-58452d84a82a,Slovenia,Jaka Bijol,1,610.8908282384982,0.1113489887502088
3930181,013e5d1c-c2eb-4925-bd96-942652ddcdce,Slovenia,Timi Elšnik,1,427.61472375882994,0.10040768640638346
3930181,fe6d0f4b-1555-4fdd-9c6c-9fc15536383e,Slovenia,Vanja Drkušić,1,524.6733348580833,0.1007536095448089
3930181,b56d3b43-2e7e-46c2-b1ed-c3a9e68a4eac,Slovenia,Timi Elšnik,1,874.3541787815943,0.16359265240776924
3930181,4a57709e-eca1-48a8-bb24-7a7343c60587,Slovenia,Adam Gnezda Čerin,1,864.6177669204696,0.16686344996454816
3930181,96f44116-4c47-4860-84aa-19e58095dea9,Slovenia,Timi Elšnik,1,559.7347911662583,0.1514658556528892
3930181,8808decf-3507-4980-90a8-5d9e8907a7b6,Slovenia,Jaka Bijol,1,566.1652969377612,0.12312919685751464
3930181,61a75df6-7ee1-4441-9531-7e7c11e56b1d,Slovenia,Adam Gnezda Čerin,1,475.6612371894694,0.11208684810725901
3930181,4d8858e7-18ed-4586-affb-827163a31769,Slovenia,Petar Stojanović,1,980.9216217372374,0.11348035234554821
3930181,1f7b6367-6be8-4c72-a433-3f7f29111e62,Slovenia,Timi Elšnik,1,865.4325684301624,0.1313783294253886
3930181,d4fa8766-ad2c-4f4b-84fa-058492751fde,Slovenia,Andraž Šporar,1,846.0295991893213,0.12870780722055727
3930181,9cb3d926-b773-462a-926b-f92275f10009,Slovenia,Timi Elšnik,1,714.1804476659798,0.15426432744951465
3930181,8c2baf53-7fdd-483c-940d-791fcf1781e7,Slovenia,Andraž Šporar,1,620.4382592234361,0.21630396423622567
3930181,bfe53bea-7ad1-4650-8d94-2b83cfcb145d,Slovenia,Žan Karničnik,1,613.4361805284934,0.23299137431716535
3930181,a90da368-384e-4ca2-b1db-51a36da21997,Slovenia,Petar Stojanović,1,497.84302586170816,0.2505443981406625
3930181,4295ba2d-4c9d-42bf-b03d-7187159a103d,Slovenia,Andraž Šporar,1,513.8584329504936,0.21597825296142326
3930181,476e2e7c-cdbc-4ea2-8898-079e9a4e00c1,Slovenia,Žan Karničnik,1,585.7923230944141,0.2118622789289184
3930181,a54e8fa0-8e1f-4823-8302-431049ee2a39,Slovenia,Petar Stojanović,1,464.25564909295593,0.4538850825338409
3930181,590269b0-cf13-4e23-b5db-cb428b54c84b,Slovenia,Adam Gnezda Čerin,1,458.45511879719913,0.6316530736436702
3930181,2abb87c8-2603-4939-b561-fcbbbfa8d90a,England,Bukayo Saka,1,619.0100898222927,0.04794123115065954
3930181,e0ae8790-6a1f-44e9-a049-6383644a9470,England,Kyle Walker,1,725.7459941166932,0.044708319781709194
3930181,5fe952e7-2bd1-48a5-80bf-f9da9cf3919b,England,Kieran Trippier,1,576.3415549783216,0.0869655447784872
3930181,8ec73bdf-4e0b-4fed-8fe1-613ff881b5f4,England,Phil Foden,1,670.9746897626304,0.08955134996031054
3930181,92e7218d-76b4-4004-a889-a3767e321b02,England,Kieran Trippier,1,734.8731213640439,0.1004488617203692
3930181,0915f8e8-4afd-4c34-9944-0c779a9bc49c,England,Marc Guehi,1,672.1603331561031,0.08968573025279866
3930181,cd97c3df-252a-415f-865c-75320366a766,Slovenia,Jan Oblak,1,545.6099599294379,0.10032413479686841
3930181,2c2531dc-681c-4515-a481-8eabb6b916ff,England,Kieran Trippier,1,442.77196861756744,0.07151632995881907
3930181,9cb00058-99c3-40fb-9b6f-d872888f3081,England,Jordan Pickford,1,234.32035114803202,0.05822433610860951
3930181,9e4b0f3f-4afb-4f47-976e-32b1c2f9b51d,England,Kyle Walker,1,529.3521064875126,0.0604586480393505
3930181,f2f55d89-6031-4d37-bbe0-132bcd69aed2,England,Conor Gallagher,1,624.9198532970913,0.06562995164844042
3930181,363c9a6e-75dd-4c92-b792-5813bb51f0c4,England,Bukayo Saka,1,615.2174165576286,0.059364275871320114
3930181,8600f645-a5ea-4a3d-b0ac-819efc3fd047,England,Conor Gallagher,1,331.4027648124534,0.09183918200392599
3930181,3f58af40-70ce-4868-bb98-b7563b51949a,England,John Stones,1,340.8037828719071,0.10404127504344757
3930181,275d7653-d096-4437-99cc-65819b2d5b56,England,Phil Foden,1,499.6242991780662,0.15764849152016983
3930181,5c757e18-f165-4ff2-833b-7752a00edebc,England,John Stones,1,575.9295747781865,0.16095809597399752
3930181,751a6bb4-4711-4f53-ab91-2b7d471b8aeb,England,Kieran Trippier,1,606.4207534705406,0.14591696409408822
3930181,23963a01-55c7-4e83-9e1c-31c769141be0,England,Jude Bellingham,1,580.8948094903233,0.35300657282582215
3930181,76c8b92c-c9cd-49bc-b9a7-59d9fcfffdd4,England,Kieran Trippier,1,389.6559400681779,0.3176404864597922
3930181,fd19d23c-a99a-4044-a8ce-f44e6fb3cdbb,Slovenia,Vanja Drkušić,1,564.933270872595,0.042685645106586324
3930181,5849c59b-35e7-4564-b353-3b5bcc01e037,Slovenia,Jaka Bijol,1,768.8781035074875,0.06253105488001844
3930181,f6e962d7-f7c3-4301-b47f-76ff19667a12,Slovenia,Jan Oblak,1,723.7387560740378,0.07735303895590125
3930181,db09cc6d-3776-4fc8-b103-aa8d1c04f9db,England,Kieran Trippier,1,919.0151986275143,0.19713969096993605
3930181,d2a9754e-d9b1-48a3-a560-edc8eff378e9,Slovenia,Žan Karničnik,1,909.4975912306155,0.08973313764533786
3930181,5b66124c-cdcd-47b9-8e77-9ac2ffb68911,Slovenia,Adam Gnezda Čerin,1,813.6155769748424,0.0960077935418186
3930181,1df62bd8-1fb5-4ac4-be9a-2c2a487c1e1c,Slovenia,Andraž Šporar,1,695.2864048807938,0.06986633767537005
3930181,ecb44f9d-611b-40e3-99c1-5faa4c52576c,Slovenia,Petar Stojanović,1,813.3768592317207,0.08827493277483509
3930181,9ba1a998-e298-4456-abfe-bc8cba53a973,Slovenia,Benjamin Šeško,1,662.9215468426121,0.0863974611579825
3930181,5c712367-40a8-470d-9dbb-ed7fb41d899c,Slovenia,Žan Karničnik,1,849.1007330173263,0.09854973483031586
3930181,49ea6a42-04f3-472c-9f03-2aed74d73f02,England,Kyle Walker,1,842.2772785683189,0.0687674581056628
3930181,0059a940-c623-483e-b99b-e79f90422507,England,Jordan Pickford,1,676.5573796231615,0.06001401126627163
3930181,35b52075-062f-41b1-88cf-27976a263f37,England,Kyle Walker,1,393.51184078506685,0.04815532924186966
3930181,b3cd03f2-c94d-4cb1-806f-ccab5d3ac2d3,England,Declan Rice,1,413.0092051337757,0.04815243445622956
3930181,b9b4be97-bfd7-4363-979a-83998a9f7452,England,Kyle Walker,1,458.9076648890306,0.05634067201509211
3930181,1b578e7a-2c98-4c82-b3ee-1118fe657c4f,England,Declan Rice,1,410.3649337468974,0.05800106063405945
3930181,4159fe44-c5b5-40e5-9a7b-52014bc069b4,England,Jude Bellingham,1,1193.7938088425199,0.09229968483053702
3930181,008bdc61-9c07-4c2a-933c-4b1578317460,England,Phil Foden,1,683.740285892938,0.1229855585883311
3930181,931a5da6-f2d4-477a-8c1d-87b813c3931d,England,Marc Guehi,1,490.1497118642013,0.10462256146064287
3930181,aa730199-d038-4b90-8b7b-bc61e70ad958,England,John Stones,1,659.7359484031598,0.118887934882538
3930181,29e796b4-7690-4c87-9ba8-4e79b3701cec,England,Declan Rice,1,409.011234690949,0.20870581298082244
3930181,7870ba10-d687-4d6f-a6ec-a79fdf400db5,England,Bukayo Saka,1,373.68997160989613,0.18326594989818829
3930181,a65e263a-55cd-4862-8063-1f3ecfad3410,England,Kyle Walker,1,436.51182033085814,0.16630319952014672
3930181,dd82dd93-6bfc-4548-9488-ec6b5ae274a9,England,Declan Rice,1,485.49332378277137,0.12866009002335507
3930181,30d91e72-2a1c-460a-aa7c-80e634b96840,England,John Stones,1,422.9113392071971,0.12191772096594625
3930181,77be73b8-7be9-41be-ad79-ec7697f1e859,England,Harry Kane,1,385.66061325059667,0.10939831301056645
3930181,dd072d62-9803-4287-a2bb-41e0d2412725,England,John Stones,1,340.6200091835479,0.09823259693022349
3930181,6fb66574-19f9-4b69-8fc6-3ac4fcf25033,England,Kieran Trippier,1,209.59579145890856,0.8068374838883414
3930181,ea9dcade-2c84-47ba-afcf-d94ccaa5655b,Slovenia,Jan Oblak,1,995.2082917425711,0.08687596478349519
3930181,bc008a41-2955-4411-b98b-4edafa3a2077,England,Kieran Trippier,1,335.21041480541135,0.08477129470372015
3930181,9cfd5e0a-6146-42cc-b6ec-2c9580720c1d,England,Jordan Pickford,1,420.09300994912604,0.049771646520277525
3930181,d1c40edc-4042-4846-9e6f-d807b8cfadbc,England,Kieran Trippier,1,430.1786670577255,0.04641622363857899
3930181,58b57b75-3dd2-4cc2-ae51-da3f2fb16526,England,John Stones,1,507.2191005057268,0.08674276116832894
3930181,a15a15e8-c854-4198-8e8a-e95761a2cd05,England,Kyle Walker,1,705.0312774597103,0.06624949044462579
3930181,984e9640-be76-4a80-8dfd-0d99af0b79ef,England,Conor Gallagher,1,530.7245350572537,0.07009428080633452
3930181,079cae41-0b28-41f1-83a5-f8e86416691c,England,John Stones,1,300.6728266554802,0.08247137533184415
3930181,74faa5c8-e2a4-4ffd-aa9c-1c8ea15362af,England,Conor Gallagher,1,535.8355060639474,0.0802463799245851
3930181,dfe134d1-d65f-4c77-8c30-0d550570b385,England,Kyle Walker,1,422.62078708104326,0.0922365439706235
3930181,7233a625-a689-4ae3-a6a8-82bdd7e9e559,England,John Stones,1,432.8005085119948,0.10026101225985566
3930181,7afa97fc-e2bb-4943-8ceb-5223f3dd3afa,England,Conor Gallagher,1,496.7215764236637,0.09754013546386944
3930181,d54c9395-c52d-42a5-a52f-1b4d68f8555d,England,Kyle Walker,1,609.1273738711001,0.1303124918713036
3930181,afe40870-0a0c-4748-9092-58433f031791,England,John Stones,1,560.9692526394133,0.13318172966073075
3930181,79905cb5-1335-448e-865d-12b9cbc84093,England,Marc Guehi,1,933.7978624115233,0.16716673736850723
3930181,274f4f97-5ddd-4f43-bd2d-7a3314ae69cf,England,John Stones,1,840.2120001105491,0.12061824987896029
3930181,a144f5bc-29f5-43dc-a880-dc2478a7be40,England,Marc Guehi,1,823.1620394646994,0.15052645561149836
3930181,b08b6926-5e9f-4666-81db-3c75c0676b46,England,Declan Rice,1,671.112486721733,0.20671111169850692
3930181,a5ae88cc-ecca-48b4-b851-3c4197dc0c6d,England,Conor Gallagher,1,711.5092058825878,0.17773256669281612
3930181,1208a423-dcac-47c9-8a7b-5a0c05e867dd,England,John Stones,1,727.276839255511,0.15614932945366736
3930181,5ed25b31-a7d6-42fc-b42d-7dba364fa5df,England,Kieran Trippier,1,758.662790563503,0.16647784615325326
3930181,43d0e8b5-018f-4f2a-be0b-a789cff30d8c,England,Phil Foden,1,601.2084458500726,0.2502137397400676
3930181,a7b17ae6-75fa-4785-aeeb-906db7b250e7,England,Declan Rice,1,579.9321674056873,0.17687961239976538
3930181,8ad9789b-2ea4-4ccc-9606-6dba6cbd726d,England,Kyle Walker,1,793.1105493253119,0.19936388533684096
3930181,958cf2a6-e6cc-4112-a615-b92b2f2be8d5,England,Bukayo Saka,1,653.3818580053149,0.26139020279068115
3930181,1b737c4a-9130-4d42-bf00-1e7230870667,England,Jude Bellingham,1,294.69000212943126,0.3655177989721697
3930181,62d88e8f-2bfd-411f-afed-b896240b9b3f,Slovenia,Adam Gnezda Čerin,1,386.64049013695995,0.06919911528610667
3930181,e9216862-742e-4ac6-b3cf-96df81117cee,Slovenia,Benjamin Šeško,1,484.05202397105825,0.05920688033461059
3930181,ab1667b6-63b4-451a-ac2a-095d5656bea9,England,Kieran Trippier,1,457.35093388219906,0.19922072865538243
3930181,2cf6c8af-be08-43c2-adb2-d0c07274b2ef,England,Marc Guehi,1,576.3559567446241,0.13193074046670242
3930181,ec81d0ca-01ae-42ed-ac1d-120e9c98c313,England,Declan Rice,1,437.93656081968714,0.15072920954467725
3930181,ee42ed6d-7d53-473b-9dd8-3db9db025975,England,Phil Foden,1,401.6820994812659,0.17032320472223733
3930181,d5975be9-fe46-4f85-bb11-ebf8d41eff9b,England,John Stones,1,482.9006663241731,0.1442944266332971
3930181,c06af783-9ba1-467c-b1b9-e160b46138a8,Slovenia,Andraž Šporar,2,1202.8256825925773,0.12121972724544956
3930181,87d3b46a-940f-4152-b6f8-23d46a760222,Slovenia,Jaka Bijol,2,675.5727765402803,0.10611886826541539
3930181,affea8cc-6b64-4116-92af-31f5b404be9f,England,Kieran Trippier,2,713.1242049759576,0.06242951241810091
3930181,a5b25c25-2fc5-4ca9-b4e5-7116a65b4419,England,Jordan Pickford,2,508.277717674618,0.0629639292322127
3930181,93b5f957-ce81-498a-b7bb-8d4358562de5,England,Kyle Walker,2,512.7354398781083,0.0672755485022879
3930181,01e06088-5241-4b48-94a3-61c073157bfa,England,Bukayo Saka,2,404.0862121996357,0.06242330560854808
3930181,da77d05f-851d-4a44-81c7-4ebbeaed2aa3,England,Kyle Walker,2,85.79953226282628,0.07530806713354231
3930181,9c586378-12b7-4112-a58d-6e38e7736858,England,Marc Guehi,2,307.953899059839,0.06673620704396602
3930181,558e244b-3985-487e-b58e-0e1ec5f82713,England,Phil Foden,2,502.2077408067735,0.07946695379466012
3930181,ef082f39-5041-4280-96a8-6c89befc035b,England,Kieran Trippier,2,537.5404204345461,0.08177078231137944
3930181,0913b799-0804-497a-b5e0-490be7169782,England,Marc Guehi,2,476.62762676132877,0.09626127385892004
3930181,3d67e4e1-af57-4b60-b591-8d25c8f8dc70,England,John Stones,2,625.0956984477936,0.09606288296933622
3930181,96aec4ee-373a-4a34-8907-66c813c006bf,England,Kobbie Mainoo,2,537.1620426042273,0.11631696105944452
3930181,06564265-0344-4612-b7a9-cb5376974875,England,Marc Guehi,2,551.1539540552831,0.09777810049012337
3930181,371ce62c-4a66-4555-b241-96857bb35519,England,Kieran Trippier,2,537.7009406174066,0.07811956115576946
3930181,4ef26734-457a-468f-9bff-ddb875e1403c,England,Phil Foden,2,371.6540888902181,0.10722697344448232
3930181,00ca8a82-931d-4cd6-9eb4-0f2fc2320db9,England,Marc Guehi,2,393.14375294125267,0.1128527358050679
3930181,d61f9cb9-6a08-4306-b174-90f5a448b408,England,Phil Foden,2,456.05977694848673,0.10878089940991717
3930181,de8aeb1f-49cd-4dae-afbe-595ff6dd54ae,England,Kieran Trippier,2,510.1955687457004,0.12425539221783452
3930181,c7c2b1e2-c364-4591-bea6-a72d971ee0c8,England,Phil Foden,2,408.2845548036461,0.15654825461052715
3930181,7bb3b754-3c57-443b-9382-e27b44cac7b9,England,Declan Rice,2,345.5292270790775,0.17984396687618096
3930181,95b52e7c-1e2f-444b-9e07-1811112aa33b,England,Kieran Trippier,2,315.33017716817346,0.16298194652630646
3930181,7ac1f8fc-7224-4e35-b688-c5a12297e0b7,England,Jude Bellingham,2,433.80211344938346,0.15599309822014468
3930181,249ed6af-187a-463c-919e-8c91f16cec56,England,Kieran Trippier,2,451.1481943635823,0.13578646246861018
3930181,98a2d576-b477-403a-a252-4c8fac9d4420,England,Kobbie Mainoo,2,278.447918845392,0.15291278565448357
3930181,9f04f883-b0cd-474f-b1bd-978c8a562efd,England,Kieran Trippier,2,309.0527470133145,0.13606419527159008
3930181,6826df81-8c0a-4a11-a5a3-c446dbc0fedb,England,Kobbie Mainoo,2,355.12393699153074,0.11807225060843525
3930181,bbf081c9-1f53-4c21-bb0d-47e886891d70,England,Marc Guehi,2,385.2686397517906,0.12682910960857166
3930181,7b805c0e-80de-42c7-bf84-9641b5fb313d,England,Kieran Trippier,2,430.841055865402,0.12067798923759915
3930181,f71ad197-1ae5-4a50-93f8-e633e19e4e08,England,Phil Foden,2,403.1634902993812,0.16740886474679392
3930181,43ceaec3-0a58-49d7-9e13-17885f060804,England,Kobbie Mainoo,2,367.34597332679317,0.1919477766181197
3930181,93acc66b-b2eb-4116-b48d-6c15eca714a8,England,Jude Bellingham,2,390.90432153574704,0.20187210555653684
3930181,9184ac30-ee85-4b39-a003-467027f20774,England,Kobbie Mainoo,2,391.4556844702802,0.21749810906679978
3930181,fddddd34-dbcd-4f65-82d5-dee880966907,England,Kieran Trippier,2,375.7586637077026,0.16444300725558572
3930181,c5174e9c-ac1d-4688-87f7-53470a358fcc,England,Jude Bellingham,2,493.35331480594675,0.199621028680942
3930181,d3b00e8d-b23b-4ffe-a18a-bd5f61213975,England,Kieran Trippier,2,432.85643445251327,0.1792288200604883
3930181,ef5a4353-d18e-4e4a-9a4b-5ebeb7367fda,England,Phil Foden,2,476.67802478477716,0.18061011704783275
3930181,836934bf-e289-4792-8b5e-02acc67105ca,England,Kieran Trippier,2,504.99854863715075,0.14788939983580757
3930181,3efba4bb-de04-45ac-bad8-4152b0563379,Slovenia,Žan Karničnik,2,569.6524374335761,0.05790615637349604
3930181,f69cffd5-5bc0-4cb8-bbcf-518ffc8b864a,England,Bukayo Saka,2,555.451079747079,0.1163970813019635
3930181,41b18785-7b94-4644-81a8-7872ff9ca08c,England,Kyle Walker,2,813.1237043758416,0.12439761565219158
3930181,c963dfc4-c777-4be5-af3a-75ed3a69ee99,England,Bukayo Saka,2,688.5367497080078,0.1513353855928108
3930181,63018351-a26c-408a-9297-89e2924dd8c0,England,Harry Kane,2,291.0092816930837,0.1671410039499285
3930181,7d85e797-35cd-433f-b95a-0d51915a421a,England,Harry Kane,2,314.2810362305455,0.14800572333074788
3930181,f9c68d95-d8d3-495d-8793-3e9639eb0779,England,Marc Guehi,2,55.9324025165105,0.06597960199966449
3930181,fea47c2d-cdd9-4132-9fe1-99bbe7d0be2b,England,Jordan Pickford,2,160.43427534622367,0.060809149176212274
3930181,ae657410-1b8f-453d-990a-e0c71ec28e67,England,John Stones,2,518.1579665191781,0.09191123796083087
3930181,ac9e0b88-77e3-432e-a734-9ed9de6b5192,England,John Stones,2,638.7351875113834,0.09077443713302745
3930181,52f76823-9f33-4967-92ad-c62f727492b2,England,Kyle Walker,2,852.6948836580358,0.08388226395081647
3930181,74635b3e-3101-417d-8065-7b5fb98248a7,England,Bukayo Saka,2,613.1996299364694,0.11888095179716511
3930181,5c8ae877-6b6c-4b62-8b28-3c10f85d7cd4,England,Marc Guehi,2,559.424340818257,0.09506313329013262
3930181,845d27ad-59d2-4ea0-914c-9dccb89d3c6f,England,Kieran Trippier,2,592.2908485204788,0.08017740578425907
3930181,33b9e85a-c14c-4b2d-ab61-7310d9183a69,England,Phil Foden,2,547.5138259129006,0.09006168509747357
3930181,4deb6abe-2158-42e9-8b61-d7836dab378a,England,Jude Bellingham,2,713.3853188143536,0.16908393959134263
3930181,9f048287-2f2c-4976-b6c6-209d9d517e0a,England,Bukayo Saka,2,528.9066570647973,0.21128344317452927
3930181,8e1b6218-a0fd-446b-b0f7-c4d3dbef7c97,England,Kobbie Mainoo,2,496.27266863298894,0.23238273867365003
3930181,afc6da49-f5bf-4d2d-a9ee-e499a7c5beca,England,Phil Foden,2,244.0326398275011,0.5580304400693876
3930181,e7c4c536-1629-4b7f-9654-cca1b2a8af64,England,Kobbie Mainoo,2,247.31736375329695,0.49637286625964383
3930181,7f51aa38-4ad2-4213-aacf-fed169157dcc,England,Kyle Walker,2,340.2179594004712,0.3977640831743189
3930181,585c4f6d-548d-4682-8509-25dfe3ab38c7,England,Declan Rice,2,346.35034201336094,0.46224398392194677
3930181,a1048239-2255-4a3c-84a8-68a71578c21a,England,Harry Kane,2,172.30997463843823,0.5607617788177935
3930181,1c39639a-2f6a-414b-91ec-1a8a3b926b6d,England,Jude Bellingham,2,186.24014671579482,0.5501742307553055
3930181,f6e86676-53e8-410b-b171-8cc847b05eb0,England,Kyle Walker,2,549.455549114803,0.22964360553970237
3930181,55c9c05b-d842-47df-8aaa-8dd14d83e0f2,Slovenia,Erik Janža,2,497.3528268399813,0.07493001980168865
3930181,20bccddb-44af-483a-964e-a22ee236fc2b,Slovenia,Žan Karničnik,2,283.16271586576573,0.07431025847231541
3930181,98c62b31-49e4-4b47-95ce-85e94786c967,England,Phil Foden,2,450.59545758992914,0.14643096701380237
3930181,acb868fd-606a-4828-be07-66dc1a9131c2,England,Jude Bellingham,2,416.9817644248167,0.21190632209023458
3930181,16f891a0-aa05-4e55-b285-ffd607952442,England,Kieran Trippier,2,465.2106798410855,0.21749917682141579
3930181,2c7f8276-4067-4029-9f4e-0af749df9b5f,England,Declan Rice,2,304.01814365533204,0.17639625824261054
3930181,fc231bf1-9228-4ff1-a22c-836b16efe180,England,Kobbie Mainoo,2,230.84286408557202,0.18910131941448766
3930181,f4edb524-3f78-4642-8c9d-c95b9b2e092c,England,Jude Bellingham,2,394.0329980498533,0.19407193125034128
3930181,68539912-00f2-4970-b76d-5011a79da0b3,Slovenia,Jaka Bijol,2,382.3202433321836,0.08054323849758052
3930181,d702a067-9d83-49d8-b1c3-d383e97835a5,Slovenia,Benjamin Šeško,2,448.0445749877631,0.07740832928915116
3930181,c741a6e4-5233-43b8-b2e2-b1141a90a76c,Slovenia,Adam Gnezda Čerin,2,410.0497551530738,0.07740185816665343
3930181,cce11225-d481-46ea-91b5-bb617f94a57d,England,Marc Guehi,2,635.3299122916408,0.1224350202251888
3930181,18823a92-2c20-4ec9-b987-580eb8fafcb8,England,Bukayo Saka,2,465.885090798384,0.15733217648251938
3930181,afbf375e-a753-495c-87a4-69649465f7a2,England,Harry Kane,2,358.4967715975896,0.2854841958654403
3930181,f4472589-f443-4eda-b44c-9f62f312aa4b,England,Kieran Trippier,2,170.51691092162386,0.7642765281112742
3930181,cf2fe95a-3752-4fea-b0f0-f63b16f4b4f7,England,Harry Kane,2,127.65493409389214,0.7717599593382146
3930181,16f6006e-4c34-4d83-b0de-c76ed7025da8,Slovenia,Jan Oblak,2,390.2819102878554,0.04418096701598226
3930181,246200e3-5777-4893-a585-893786d8f49e,Slovenia,Žan Karničnik,2,546.5648946274877,0.08035621755934527
3930181,5513568b-8027-479e-bf01-22908ee2706d,England,Declan Rice,2,501.6089341804692,0.07120373967560158
3930181,3c86735b-076d-4446-9ad7-ecac329c1a73,England,Kobbie Mainoo,2,288.6293781883102,0.07149558881474256
3930181,acc7c259-5713-4f8c-9b11-41c33ae53476,England,Declan Rice,2,151.6936556551666,0.06576800658076618
3930181,8d689283-e415-4363-a795-9f2bd70028e0,England,Kyle Walker,2,632.2673422197188,0.10884791143921993
3930181,dcef6078-0232-44e3-a976-54f000638762,England,Bukayo Saka,2,741.2890265846353,0.10431441393711857
3930181,159b3e29-5024-4600-999b-06156ed4346c,England,Kobbie Mainoo,2,621.1371108047522,0.08943657469224447
3930181,8a2d2d44-266c-448d-ab4a-1069bbbeef96,England,John Stones,2,311.0317344103524,0.09502010302930622
3930181,324b1d68-98b4-4403-900b-72c811c80d80,England,Kieran Trippier,2,492.98726349589595,0.07794331625717477
3930181,178b4c83-65e9-40b4-a8ff-caede715f7a9,England,Jude Bellingham,2,481.08443603993555,0.06927967191591786
3930181,7d5ab1d3-7b8c-46c7-82c1-7f122fab0dbc,England,John Stones,2,596.4038808755682,0.10806681919197864
3930181,062e1e07-243c-46c9-a37f-05fbc0bf430c,England,Phil Foden,2,522.0487407018763,0.11403213520946166
3930181,81cc8bdb-f4c5-460e-bdde-2bc96a1a222f,England,John Stones,2,531.7190536512442,0.10359582510534303
3930181,37750c7c-26e8-4547-b6ed-7b9a623a351b,England,Marc Guehi,2,483.36161918017325,0.11740659675886175
3930181,819b352f-bc1f-4b5e-a484-5e26dd0e6825,England,Kyle Walker,2,871.0460193101234,0.13757949335197572
3930181,e0e94b1d-f22b-43be-9b6d-62326d7188d3,England,Phil Foden,2,630.0293169151068,0.14827920168453523
3930181,ba203aa5-ba1d-44de-a621-50c522b1b35b,Slovenia,Timi Elšnik,2,616.2608592654501,0.07838818392440539
3930181,06fe67c6-a924-415f-b2ef-3a3b79f7fd6e,Slovenia,Erik Janža,2,596.2769232111199,0.06973916590256946
3930181,dd1d245d-ff6b-4641-ba93-378138b06cfe,Slovenia,Jan Mlakar,2,309.20671469505,0.06776119703578927
3930181,4f56df18-6884-4df1-9ea9-0ab744ad6854,England,Marc Guehi,2,448.0501789952588,0.14837434050102938
3930181,8fd6d494-a477-4046-8e63-108a6883096f,England,Kieran Trippier,2,436.86184376427906,0.12757265882473964
3930181,20ffa93f-c282-4d56-bada-e1221ee2d592,England,Jude Bellingham,2,482.1201230346424,0.16133542159968187
3930181,9de514ac-3a1c-4dff-badf-61a3acc78808,England,Harry Kane,2,352.6873504569831,0.1822214390923064
3930181,a50ba5c9-ce38-4fee-b2a0-f7726d43ac83,England,Kyle Walker,2,173.06492019661573,0.49922605753422244
3930181,d596b8c2-a5bf-4a33-bdde-74bdd811df68,Slovenia,Jan Oblak,2,375.150911338654,0.04808700784859584
3930181,bb93292c-ae77-4f72-a8af-5e456ff2fc02,England,Marc Guehi,2,456.2080364597175,0.07283552504976332
3930181,a4b209e5-c9c0-45d3-951f-aea24f1585ac,England,Kobbie Mainoo,2,186.05290216031176,0.08718770614286528
3930181,98f6b990-43d0-47a5-b3a6-2563bbce5f70,England,Declan Rice,2,199.0411394630511,0.08203448467484338
3930181,8e9edf81-caf2-48cc-9138-cf51ef7bf707,England,Kyle Walker,2,457.67248932039865,0.08612447600093112
3930181,3adde44c-afbe-4c2c-b3f1-734dcd49bcc9,Slovenia,Adam Gnezda Čerin,2,557.806297952547,0.06440981761275258
3930181,15450635-1ada-4453-974d-2b4a490a4d7f,Slovenia,Timi Elšnik,2,644.6872285637149,0.0781994966362918
3930181,f495c076-4a67-43db-80d7-b8b1707a26d7,Slovenia,Žan Karničnik,2,385.11667101036096,0.05207540036215251
3930181,6798286d-8a35-4af9-b526-6907df042c14,Slovenia,Jan Oblak,2,389.94812491582826,0.05212340313225977
3930181,412be2cc-b645-4bfa-8b6a-f7615330120f,Slovenia,Jaka Bijol,2,755.307238203271,0.08164675757769665
3930181,21451212-b25e-4d7b-b0a3-2806ccb5a25a,Slovenia,Adam Gnezda Čerin,2,623.2442412501355,0.1081499332469858
3930181,9a2792f8-3fe4-4ac4-ba3c-8b6d8ac1697a,Slovenia,Vanja Drkušić,2,891.5755995923,0.07407676109222025
3930181,aa92cf18-2bd2-485c-9611-93fcf40c8a1a,England,Marc Guehi,2,450.34756804915014,0.09365638757914511
3930181,fbfd65bb-34d9-4a6c-b277-97a44ecbd9ee,England,Kieran Trippier,2,302.3114222997552,0.07253389451679684
3930181,b7c4f2f6-f30a-4ddf-b73e-3498a71600a9,England,Phil Foden,2,346.3823939787136,0.0878102524420318
3930181,ac4c019d-7033-4ff5-9327-f482fbc2efc0,England,Kobbie Mainoo,2,369.6064976798382,0.07446113858517832
3930181,d0b00810-3046-4541-bece-24b77da512a6,England,Kieran Trippier,2,311.85715105654015,0.07245014783029677
3930181,43d8e913-c266-4b60-ad85-3f2abe818ac6,England,Marc Guehi,2,180.81974055537066,0.08374720648394209
3930181,eb7caab5-90c2-4246-8b99-8b8fec4273d7,England,Jordan Pickford,2,224.38878571356716,0.0774257155500649
3930181,c03d7fa7-f4d1-4a71-ac93-e227852e84f2,England,Marc Guehi,2,324.72500729250487,0.0781391579663398
3930181,2326f189-d978-432f-9987-cbbdb7ce3884,England,John Stones,2,339.7049246454343,0.08031366955209335
3930181,7eb7ed78-7b7e-48de-9fc0-c62519906bd2,England,Marc Guehi,2,299.5482836889485,0.08428143324316575
3930181,602b088b-268a-4183-ada8-c8812b0a2e13,England,Kieran Trippier,2,367.55096400335844,0.05895854861827173
3930181,f44137e3-9cc3-4c1a-b031-9ab6024be10f,England,Jude Bellingham,2,338.9964351856306,0.06841416983661622
3930181,428df5a7-602c-4564-bbd8-c29a93fbfce6,England,Marc Guehi,2,333.25115705661017,0.07703381515803216
3930181,3b51c785-b078-4b87-8e62-6f1695267505,England,Bukayo Saka,2,451.8297138067894,0.1434419675020832
3930181,4ccdd0ce-95f7-4e89-9bbd-4815bdbcf396,England,Kieran Trippier,2,478.4889697534578,0.12975351855587003
3930181,449c203a-a9dd-492c-945a-817c3ae8ceda,England,Jude Bellingham,2,478.5710204336819,0.15930917521545468
3930181,79b4dd1c-745c-4bc6-8018-63935fcbacf3,Slovenia,Jaka Bijol,2,494.3001049693345,0.07513338755390228
3930181,ef2c0c9d-f742-42f5-9ae9-3b784772946c,England,Declan Rice,2,372.5502622637359,0.1810940625410767
3930181,2b5d356d-cd04-4edb-a41c-c409c46e6c26,England,Jude Bellingham,2,301.7726938190718,0.2025913322377797
3930181,9ac914e2-6592-4b65-b4c4-6e354b68442f,England,Declan Rice,2,382.1275820747872,0.16800438030089188
3930181,3007648f-5829-441b-a6cc-90ad357b7a0f,England,Phil Foden,2,189.21985080595334,0.37967363809382443
3930181,fa8a92dc-5fc2-479c-a326-1d4796304058,England,Bukayo Saka,2,123.48239521317068,0.5747171054935658
3930181,bb53c756-c3b3-4617-b06b-6049de4691cb,England,Phil Foden,2,145.95983207288285,0.7895272914149907
3930181,b242b1df-32bf-4f39-84bd-4c80f250e052,England,Marc Guehi,2,128.1452946408707,0.7330309940938035
3930181,0c2f601b-5d5b-4073-adc0-a6f16a0aead2,England,Marc Guehi,2,119.96241918412936,0.9127574567979403
3930181,c1f2809a-1b3a-4429-bc02-d0c5ba4705f8,Slovenia,Jan Oblak,2,201.6655587752371,0.11983522844932326
3930181,5b8173bd-284f-470e-8151-16702d5b52ab,England,Marc Guehi,2,569.359053333437,0.09523662691956707
3930181,31122569-8279-4b68-9be8-b0cb197a8494,England,Phil Foden,2,581.9927989661031,0.0909106588499785
3930181,7d5094b5-b942-4b59-99f4-eeb43bca9228,Slovenia,Adam Gnezda Čerin,2,370.02856038209956,0.11303804990883498
3930181,8575ddae-4c7f-4fdf-9b8e-34114d79e09e,England,Kobbie Mainoo,2,546.7456081719274,0.11891481412834713
3930181,4f35221d-b48e-44f3-8592-def46b94b44a,England,Harry Kane,2,337.14145131645614,0.09137831779999324
3930181,d1efc3b8-0bf2-4062-bb7f-711407f79069,England,Bukayo Saka,2,623.0641843552687,0.1618272468908172
3930181,4ac506cf-240d-4410-b2c0-e3aa0fa96f63,England,Kyle Walker,2,680.65550983801,0.15803003367427138
3930181,b4a7959c-7362-4d6b-8f7c-e58acd01a369,England,Bukayo Saka,2,605.1511833707021,0.18026959696321776
3930181,e377677c-1d4c-4ca9-a998-a039bfa5780f,England,Kobbie Mainoo,2,596.0362491098592,0.1764874978342468
3930181,80c7d56a-3578-4b37-9173-be49dd4b0d4c,England,Kyle Walker,2,614.8797562886133,0.16900718047104446
3930181,528ba3bd-f3e4-447f-8069-ec3cf27462bd,England,Jude Bellingham,2,709.0196975946244,0.2614962757686492
3930181,835359df-32f6-4d9f-8612-b55a1c114192,England,Phil Foden,2,450.15566380738954,0.16369058408676146
3930181,8a4e8591-3413-4d12-bfae-11f566209004,England,Jude Bellingham,2,325.9816995291891,0.13544705641420263
3930181,3ef2da8f-8f70-4e4e-9033-6a954311fa9a,England,Kieran Trippier,2,336.7559437522349,0.1460802568895912
3930181,0c185108-239d-4f46-9cb0-77b6a2071e6e,England,Declan Rice,2,342.6673516502195,0.17524796786324706
3930181,d86a5e83-6c0c-42c6-ae60-2d725167c08f,England,Kieran Trippier,2,311.8080369041493,0.126616429215367
3930181,4cdf1594-e754-4c02-8934-9c7799df167f,England,Declan Rice,2,640.5183365047918,0.2051165435995732
3930181,00ed1f68-5da6-45d2-b2a8-0cb83a58102f,England,Jude Bellingham,2,584.8641845597659,0.2500080169488203
3930181,5425336f-e051-4261-9367-9886e2840dae,England,Phil Foden,2,544.7301713778808,0.2313453739723739
3930181,3c1fcafe-a40d-452a-9a69-5914a7f84214,England,Kobbie Mainoo,2,511.45785250370943,0.26266441707782434
3930181,faef21a3-b33d-4204-afc7-b819177b20fc,England,Phil Foden,2,537.3218920438687,0.21300316717919965
3930181,17e17b08-460d-4a0b-aa14-7e7f8897f4e1,England,Declan Rice,2,549.3252041678952,0.1840981423722433
3930181,e7be27b2-97ee-47f3-82ef-a599109de785,England,Jude Bellingham,2,627.029806197576,0.20959182042007285
3930181,c154955a-9723-4d0e-bd57-53132637018c,England,Phil Foden,2,588.3522286341935,0.22454474318699824
3930181,50fbfefe-53a9-4b1a-82d8-175160ae3491,England,Declan Rice,2,577.1331284052333,0.20351729088853274
3930181,3d8902c3-ebe6-4c52-9f09-36d19ceae2d9,England,Kyle Walker,2,580.8972199898237,0.17166950374697096
3930181,8541e1e8-d8ce-4a67-bb37-83639f63faa1,England,Bukayo Saka,2,747.8660976314908,0.17138183556139608
3930181,dbd77a0f-7227-455a-9a2e-2f0f821a8f05,England,Bukayo Saka,2,644.9282237207437,0.16531533497234824
3930181,87c88386-bb4a-4e3c-9d83-3093310fd3d4,Slovenia,Jaka Bijol,2,338.32533901743005,0.06661015373041762
3930181,524761df-bd9e-4fae-a415-13766cf4c062,England,Marc Guehi,2,244.3441293531262,0.165132955623668
3930181,e9b95c23-eb5f-4941-a7ef-88b93a5e86ad,England,Kobbie Mainoo,2,494.6948295534992,0.21769932236725767
3930181,9f2f00ed-826c-4213-af0e-39f92b0656eb,England,Declan Rice,2,455.748447451779,0.32373122258960957
3930181,4df712cc-118d-4842-8eb1-ff10afdf95a4,England,Phil Foden,2,396.11028892990754,0.43014458761860974
3930181,e9b5970b-0536-49da-9934-52565c1039b3,England,Declan Rice,2,216.58414044153895,0.38496479072853573
3930181,39fd2fe7-72c6-4979-8ed7-0986a5c1d46c,Slovenia,Jaka Bijol,2,483.7300296013977,0.06462004353807073
3930181,f3afccc4-00dc-44ff-a365-371b032f4960,Slovenia,Benjamin Šeško,2,535.7273833370581,0.05427984330249781
3930181,f5a83a8a-fd1f-4874-a61c-cf726804d65d,England,Marc Guehi,2,212.10488475193415,0.23870780060241248
3930181,be935190-4592-425f-89bb-eaa9146ffe8b,England,Kieran Trippier,2,356.9752345713588,0.14271345585494574
3930181,fc6b9426-ffc7-4100-830f-60facf87881d,England,Jude Bellingham,2,342.4360222230716,0.14555602699171327
3930181,b845fc41-ede7-41ff-87d7-71134cda7081,England,Kieran Trippier,2,406.3078398830958,0.19147541992542372
3930181,46a71f24-446f-41de-b7fc-0df89b2835de,England,Phil Foden,2,346.44286724473096,0.1976505515500701
3930181,95fcd5d8-4465-4108-8148-04c667f2dd44,England,Kobbie Mainoo,2,533.1598979882998,0.2254763419966565
3930181,bff6feda-1339-4297-b9e3-1bbaaa99bbe8,Slovenia,Vanja Drkušić,2,312.3165224782754,0.04832528193183131
3930181,92b5ba65-5b0e-4db6-9b19-3a44984bb861,Slovenia,Žan Karničnik,2,579.3288053343719,0.05887722642841767
3930181,4bf4513b-64ec-400c-afbc-8d5cd8ae1da7,England,Kieran Trippier,2,510.524800266158,0.08284167883089398
3930181,a722ec10-1d48-4859-9d5b-406fe73c6838,England,Marc Guehi,2,306.31577037977326,0.05880503408219356
3930181,7e5d2cca-c85e-49e9-b30d-05d556df892d,England,Jordan Pickford,2,222.49459641291435,0.04611679614102722
3930181,b06341bd-e943-4776-93d9-51dd0a709a89,England,Kieran Trippier,2,438.64019027706536,0.07873627747226487
3930181,6c92eb8d-fb82-4c90-8450-888552ec90db,England,Phil Foden,2,421.77304811901325,0.0864282153726123
3930181,6129534b-d965-4b6b-8e09-261034a412a1,England,Jude Bellingham,2,446.45217211005587,0.08642645778709655
3930181,4bd2e43a-26bf-4779-8282-db9385bfe2fb,England,Kieran Trippier,2,432.972291906804,0.08148161080979147
3930181,df8a880f-3e27-472f-8438-b793bb5884aa,England,Marc Guehi,2,418.91153798759433,0.09998200780578417
3930181,6d90d7f5-5809-4939-9e25-82290106a608,England,John Stones,2,847.7192439554234,0.11883619518270883
3930181,80c89abc-62b0-4122-a102-f4139d28b643,England,Bukayo Saka,2,749.6526086736858,0.10666636435151097
3930181,8cf47a0d-e10f-4bee-8273-7fa80bb73b60,England,Kobbie Mainoo,2,745.652463839131,0.12092800079384393
3930181,64df1e9b-e963-490e-bb34-6739832fa559,Slovenia,Jaka Bijol,2,360.7944609660908,0.07969383545335594
3930181,2d324b4f-3233-4e06-9e99-fc2f45e2b36f,Slovenia,Jan Oblak,2,707.7795103692213,0.05482369453878463
3930181,b513baba-9e6f-467d-aac3-f137e04f9207,Slovenia,Petar Stojanović,2,899.734664743862,0.08200730232481145
3930181,fe6f9bdd-f8a2-44ca-b272-f8826fab7f4e,Slovenia,Žan Karničnik,2,547.6217241169545,0.10091731091148905
3930181,e202467f-aa3b-4254-8b49-385119cc4975,Slovenia,Adam Gnezda Čerin,2,514.0089854803485,0.08559351561683032
3930181,47c79cc9-016d-4142-8902-0a6b3f4c1cbf,Slovenia,Žan Karničnik,2,518.4531372607439,0.10220811679704594
3930181,900fb706-f754-4ddb-8cfa-e48ddc553ea4,Slovenia,Adam Gnezda Čerin,2,457.4884441214153,0.14610789617895534
3930181,92c7438c-7638-4ade-ad8a-e5d16619e74f,England,Marc Guehi,2,190.3731826733324,0.04643906590994051
3930181,6e8005ef-3ddd-483c-8718-eb5c00d686e8,England,John Stones,2,462.3482093535291,0.07436267042162356
3930181,259b1244-a27d-4f67-9a96-981a6d1491c9,England,Kobbie Mainoo,2,466.72087414560826,0.08357622567078195
3930181,a99286bc-a692-4a09-a6a1-6ca9f02d0184,England,Marc Guehi,2,492.7783474625421,0.10689091561293011
3930181,cb34629d-2e48-4ff0-bb5b-a0949ea9aba8,England,John Stones,2,522.9235752012646,0.1265096952452791
3930181,fbef6729-82e2-4816-b4ca-f82d3a4c53da,England,Kobbie Mainoo,2,475.83068394331985,0.11551456763296908
3930181,9e688793-5b72-4d63-951e-47b748f81339,England,John Stones,2,533.440678858163,0.08728482692771705
3930181,09da6889-abcf-4ae3-8a33-235b48b128da,England,Marc Guehi,2,550.698220454685,0.1044751234621157
3930181,12655257-efca-4f23-80fa-8f78bec78403,England,Kyle Walker,2,868.7463462466318,0.08149218057018695
3930181,0c81d015-4750-441b-a009-97a77d98d813,England,Bukayo Saka,2,736.7455238664487,0.13348647726791874
3930181,5465446e-8bd4-4b57-918c-21fdf1a4a2da,England,Kyle Walker,2,510.0687667574834,0.11813290327683015
3930181,6ddabe15-e818-42ff-9613-40c6131b2a32,England,Marc Guehi,2,489.4621760438015,0.14733834314522073
3930181,76b9ef83-a32f-495c-ae6b-aff34560468b,England,Jude Bellingham,2,454.21018841814293,0.16407986072788092
3930181,49a51a98-af85-4b7f-97cf-567b20d1a48c,England,Kyle Walker,2,800.324494118889,0.11738225061803803
3930181,a549ed77-2c86-4e49-bddb-40e50f9da961,England,Bukayo Saka,2,410.05135908632997,0.24502038764275685
3930181,831d96f3-a959-48b2-bb19-a4925b3ef33a,England,Kyle Walker,2,583.6664758622856,0.2563269994685133
3930181,dde99414-f115-4240-aae1-a90c867c1522,England,Kobbie Mainoo,2,480.6694554629954,0.23526653745046489
3930181,f164546e-c36b-457c-ae03-5216ea89c85a,England,Kyle Walker,2,451.01290547677246,0.1478453110548325
3930181,3a8d3cba-49c0-44fc-8216-4b398837e436,England,Declan Rice,2,315.7286661788274,0.16596079312925233
3930181,a63cf704-be44-47d5-8f2c-ec72c3b8a317,Slovenia,Jan Oblak,2,489.90750800584317,0.049106036280593034
3930181,5e086074-b2e9-4ff2-b777-087fa6726b4d,England,Declan Rice,2,428.3331116943125,0.12844791856121848
3930181,a289e616-b856-4209-bcd0-57b1cbbc2dcc,Slovenia,Adam Gnezda Čerin,2,669.3546910376151,0.0793256702152076
3930181,d972bd1f-a541-43d1-b49e-f9f704ac1996,England,Declan Rice,2,237.26455890217292,0.10984821618334656
3930181,45210206-f283-44ac-a9cd-4bed688700eb,Slovenia,Timi Elšnik,2,455.0142163322156,0.08802258596502845
3930181,7d5950bf-1172-4195-95e6-1a9c73beafe5,England,Marc Guehi,2,651.336592339539,0.08349430900423654
3930181,6af5bab8-ff20-4f6f-81e8-1c5d87de5b08,Slovenia,Žan Karničnik,2,611.8884637334493,0.06572305858638554
3930181,69500361-95a0-4bf0-a1f7-51303d5b1b0e,Slovenia,Žan Karničnik,2,532.9181480647584,0.10120403439134214
3930181,15b75f45-2239-45e9-a625-e443e0cc569e,Slovenia,Andraž Šporar,2,571.2260407527012,0.10937345222103707
3930181,6c771abf-7240-4c65-88a7-e0ca57160159,Slovenia,Žan Karničnik,2,386.38858961479883,0.08050479497907084
3930181,6f0932e7-8fdf-4ead-a00b-010ce3d64edb,Slovenia,Jaka Bijol,2,187.68189855092973,0.04928640342878214
3930181,3d8806a4-2a06-4acc-9b9e-a2a4b445a092,Slovenia,Erik Janža,2,650.0469506346916,0.06838877724380117
3930181,56c3a009-fdf1-4c69-8ae8-6061329bd156,Slovenia,Andraž Šporar,2,905.401792163962,0.08506241251681541
3930181,35593e29-0bcb-40c2-a573-ce02ee3a6529,England,John Stones,2,144.32095035925266,0.06773156603036593
3930181,191733ea-2496-4ef2-ad62-4c466259ba48,England,Kieran Trippier,2,293.7283011826496,0.06552462803115677
3930181,b612fa87-ec71-4413-ab48-df21b7208f61,England,Phil Foden,2,479.3614651040142,0.08958270626447029
3930181,fae37af1-8caa-4808-8bb9-a0c14a341ead,England,Kieran Trippier,2,308.77371762471086,0.0830114820939033
3930181,edf515a0-daa7-464f-b9a1-86d83390af65,England,Phil Foden,2,341.93078062070225,0.08282222041419963
3930181,a97a1927-2c66-41bd-b4ff-3690b6133e83,England,Kieran Trippier,2,332.5930403835536,0.0928053435215292
3930181,be833c6d-8319-4db6-b061-a4145a1b765c,England,Marc Guehi,2,390.65837203998194,0.11751481798006817
3930181,428da800-12df-466e-b9a4-deec97a6627a,England,Kyle Walker,2,951.0725820343308,0.1296726016115669
3930181,8060596d-389a-4673-9cab-42b5775c0c7a,England,Bukayo Saka,2,889.8793486548105,0.1300954166217327
3930181,7e5a6bac-5551-4fc7-b3ba-0b4c261ca670,England,Kyle Walker,2,772.4623086265617,0.13368299654467783
3930181,efdd74b0-5b1a-441d-85e6-0f3efdae5753,England,John Stones,2,783.174053233495,0.1373964678767498
3930181,1d89d98c-797b-496c-bdde-656200c4fd7e,England,Marc Guehi,2,782.9476544150648,0.13710926267060045
3930181,1341df1d-82c7-4616-99d3-770dd95d4ffc,England,Phil Foden,2,673.0835640077844,0.15150218192011847
3930181,d6ed0e25-4a78-40b5-b4f8-4ed38ef3645f,England,Kieran Trippier,2,412.9475257830139,0.13884992102379196
3930181,4b44ab8d-88fa-4732-ae35-f0a037472045,England,Phil Foden,2,444.7422686933535,0.15652475199475538
3930181,5547ad64-c971-43d0-8b95-d412feaf5f74,England,Bukayo Saka,2,836.4501838061582,0.1536151723855165
3930181,a7ab55c4-c7d4-421d-b012-edddb0f20218,England,Declan Rice,2,600.8197666804891,0.2105225583618099
3930181,570265ff-c969-4801-941a-4ec8d9e92129,England,Phil Foden,2,465.88653019117544,0.1805704064365255
3930181,134a631a-d3fc-4678-b3a2-0e253249bc99,England,Kyle Walker,2,576.478820140863,0.18503722015593826
3930181,b5b97a94-bd9a-4f24-b44e-62394d339850,England,Kobbie Mainoo,2,525.850023765599,0.20887346912762111
3930181,867cd688-f551-4669-a106-40dafd5efe26,England,Phil Foden,2,526.2405069791532,0.17453852218364033
3930181,a4a968e9-7d04-4bd8-bc2f-967319bc5840,England,Bukayo Saka,2,539.3364250587342,0.202690379870742
3930181,4b95cb2f-ff63-477c-b0ad-7777941fbd43,England,Marc Guehi,2,337.02198306700126,0.18857420776683323
3930181,b3ce4688-1a1b-4db7-a78d-a7fb0b0382c6,England,Declan Rice,2,310.95971007022786,0.17703762005129586
3930181,495ca331-e3e5-49d3-b055-90d07f6632f2,Slovenia,Erik Janža,2,150.9613087383531,0.3943086894894361
3930181,0a388641-8360-400e-970d-b2e0403d0464,England,Kyle Walker,2,290.09527431942115,0.06581828151608043
3930181,46691295-06ab-4875-bbde-a205de971d74,England,John Stones,2,364.99821666987873,0.06309624476701496
3930181,d5f3123b-f84f-463c-a8e1-a4476ff1358a,England,Kieran Trippier,2,370.98248684231123,0.05635962735753085
3930181,d29cdcdd-50ba-4e58-979f-4a5c07efa7cd,England,Jude Bellingham,2,349.44072995991854,0.05521157739776404
3930181,7bfee132-3130-4b11-836a-5c6290b5b137,England,Marc Guehi,2,504.5618456402336,0.08078642060516594
3930181,730d3787-4ee1-4982-9bac-70ff3d0a627f,England,Kieran Trippier,2,528.52192338584,0.07239963091521676
3930181,35dea004-d03d-45da-942d-7ae448dd0270,England,Jude Bellingham,2,348.49455143093525,0.08562935766574431
3930181,6e4400eb-8461-486f-8edd-e183059a9b88,Slovenia,Erik Janža,2,796.3805495846177,0.059324364099252756
3930181,3b69ea4a-961e-4b0e-bec9-bc7ad5e7ac92,England,Kobbie Mainoo,2,653.3378299235591,0.13149796910914818
3930181,cd9b4fac-2753-4436-a3c2-9ad9edbee3a6,England,John Stones,2,578.966250211091,0.11900646062929038
3930181,0def9803-e1f8-4f7b-9fbc-fa9bea5d21a1,England,Declan Rice,2,474.37643408998645,0.12153355470858274
3930181,1a807391-cdd7-499a-bc21-c6a6e337d161,England,Jude Bellingham,2,483.6131233137853,0.11031161802587348
3930181,1482a786-07c0-4d5a-8de6-30e0a28b3c0e,England,Kieran Trippier,2,568.9767549072428,0.09453219795088218
3930181,308fabba-05d1-4b25-9737-7ba433dc1843,England,Jude Bellingham,2,549.47187011334,0.0979965906555405
3930181,bd05a7b7-69b7-4a56-8787-d35d140fefb2,England,Marc Guehi,2,353.35327305730874,0.12071231600904986
3930181,406ab43b-ca2f-48e8-b6ff-56cfec22e89d,England,John Stones,2,458.196512857815,0.11062010470330094
3930181,449757d1-e6ce-46dd-aa20-3b688cf86bf5,England,Kobbie Mainoo,2,352.5193515319689,0.12905188555636027
3930181,033b2568-e527-4a71-80ea-7d80c01c54f6,England,Declan Rice,2,382.91659205365664,0.13556403850222584
3930181,fba63d41-9092-4511-be16-30f728f31df4,England,Phil Foden,2,902.9659427520342,0.12074615170209027
3930181,1add550f-1a29-4407-a47d-b6a2761d6db7,England,Cole Palmer,2,813.0039087352086,0.13885779077618243
3930181,9e190d16-e3c0-41de-9c75-8c95da7c6ce4,England,Kobbie Mainoo,2,545.7305334479373,0.202696505197548
3930181,99641fa5-1c40-4967-9a97-8a0bdd8c7393,England,Kyle Walker,2,539.730495471327,0.14242736735382408
3930181,ddc2327e-a79c-4156-875f-8d3997666be2,Slovenia,Jaka Bijol,2,945.9274513483628,0.07793554152239551
3930181,5563a1f6-1b0a-44cb-8eab-631a70cd0a7c,England,Kieran Trippier,2,130.86933373311962,0.5434408150374535
3930181,771d714c-9004-48b5-855f-7aa1c5d3f766,England,Marc Guehi,2,157.28822086621904,0.8785918061942901
3930181,06012c28-d72d-460e-a1f2-d584dc409e1b,England,Kyle Walker,2,329.6847289440558,0.13671895887436938
3930181,f422b114-6c2c-44d4-a0b5-4c2da2f08ad1,England,Kieran Trippier,2,544.4862921278249,0.09817965459930582
3930181,2370c3d0-2a39-4862-9b1e-36481934f771,England,Phil Foden,2,727.7887583371132,0.08429614686359566
3930181,b330871e-55d6-4fd6-bee1-07fb0d18f7fd,England,Kieran Trippier,2,697.3838750088883,0.09244447867573602
3930181,83c237c6-fe31-42dc-b2fc-d07c1f8a4f05,England,Jordan Pickford,2,214.4362616593023,0.04951128364032545
3930181,5c05f6f2-6f59-4684-a027-605572e163a3,England,Phil Foden,2,193.02460692038875,0.09094533235375679
3930181,b34d8738-89cd-4126-bc59-4e2f0354d87e,England,Jude Bellingham,2,550.7808807319986,0.10736443575777448
3930181,e5a9760c-13bc-435e-be6a-abbd5413d72c,England,Phil Foden,2,509.553832487871,0.11237083251051376
3930181,27732551-5f93-4c27-88fe-43b274fa80d5,England,Kyle Walker,2,494.314434145729,0.12027504982509246
3930181,c1cc2897-45a5-40a3-8723-334d43a30dab,England,John Stones,2,498.0431682863613,0.12303564115424795
3930181,34267d56-a060-45ee-ae7a-48b3e1b6fe7f,England,Cole Palmer,2,586.280238020689,0.11166338176987728
3930181,c5a783d6-00fe-4b0d-9104-a8267aaf2d9e,England,Marc Guehi,2,469.0461535784855,0.1273695845496385
3930181,967e1123-8679-409f-b040-bbff8929f824,England,Declan Rice,2,490.3927319744249,0.13191961834863858
3930181,da95c3e8-80c4-4dfa-ad40-353e49fc43d1,England,Phil Foden,2,422.1105243667653,0.12921696946825972
3930181,795079d1-43e7-40b3-85c8-37886bbc4ce1,England,Kieran Trippier,2,520.274968211338,0.12073378154833372
3930181,13bb2e41-d580-47a7-b394-9641b89c3dec,England,Declan Rice,2,547.3151322979977,0.22808323090979107
3930181,e2710655-6b1d-4978-94fb-ec2f972c3771,England,Phil Foden,2,421.95992910812424,0.2615161485210382
3930181,6a33f599-e092-42ea-b6ef-1388faabe73a,Slovenia,Timi Elšnik,2,426.7306234540862,0.050999711267980086
3930181,6bb665a8-752a-4874-b6ac-b42f3771337f,Slovenia,Jaka Bijol,2,340.9513565981807,0.04694678362694459
3930181,f13450f4-57ba-4a66-ba34-363217801a3b,Slovenia,Vanja Drkušić,2,495.9499343596008,0.037879167072648025
3930181,a22ee642-3a30-47f3-83d5-5046bff48112,Slovenia,Žan Karničnik,2,460.6865719752414,0.04072061747121407
3930181,f4725972-d303-4fb1-b273-920e32893ebd,Slovenia,Jan Oblak,2,487.04878477308273,0.04511235449364693
3930181,b8ae1f85-f029-4bd7-a4ca-ab0941f17ff6,Slovenia,Andraž Šporar,2,581.5591608134575,0.0653643070790249
3930181,3f97f5fe-e21b-4cd0-8acb-3640b67e1854,Slovenia,Jan Mlakar,2,541.7225515114663,0.11244827343741434
3930181,004835bf-7ac4-4c5e-b9f5-6e7d34a65137,Slovenia,Timi Elšnik,2,764.9869517370284,0.12622819820069628
3930181,b3dd9940-eec6-403f-b188-c5a6d107c16a,Slovenia,Žan Karničnik,2,730.206417197616,0.11275636207999223
3930181,eed4aeab-368d-40c1-95fe-29baea826270,Slovenia,Timi Elšnik,2,565.7108972335454,0.16021704436793074
3930181,2781585e-ce8b-42a0-96b5-e4238456d452,Slovenia,Josip Iličić,2,545.9890992053295,0.16081136146749447
3930181,5df6c127-bac2-4048-9fa4-2d4fd820d400,Slovenia,Adam Gnezda Čerin,2,734.9033955613696,0.14451262099752885
3930181,d0f88ed0-a4f0-4d38-bee4-fc337216ae77,Slovenia,Vanja Drkušić,2,506.08219558779194,0.1378895842369679
3930181,6ceea4d1-0b9a-499b-8559-c91e57be658d,Slovenia,Vanja Drkušić,2,749.2544403791692,0.09441976240594585
3930181,7c5aec65-e02c-433b-b174-085f52350597,England,Kieran Trippier,2,921.9780407504272,0.07368119408286074
3930181,f01a4b06-771b-4cc0-ae55-945000ffeef5,Slovenia,Petar Stojanović,2,830.4171874963663,0.11193433069355582
3930181,c0fd0bbf-55eb-4842-9f6d-34bb0db8c81d,Slovenia,Vanja Drkušić,2,463.2850756506431,0.054109554479246084
3930181,b95cfafe-983b-4625-8792-4cc05bc6be82,Slovenia,Jan Oblak,2,451.1502587144238,0.046357145462358765
3930181,29a881ee-9360-4ffd-82e1-aaec96baae32,England,Declan Rice,2,659.8406586910916,0.10813239241739821
3930181,08f9f9dc-a64b-43bc-a162-0cc4bb676c00,England,Phil Foden,2,537.2287632458573,0.11132099023525302
3930181,40e4893e-8b05-44cf-88e1-9002532b06e4,England,Kyle Walker,2,574.6009227298217,0.10277944065215308
3930181,26a49eda-5526-41f4-91e6-16372782d866,England,Cole Palmer,2,496.91922653288407,0.1405515370244965
3930181,647fe85b-f7db-4895-9a29-1d68658a2b57,England,Kobbie Mainoo,2,401.23486745241087,0.22955781733719205
3930181,1f9f3ed1-5820-463d-92b2-57ee81119ab7,Slovenia,Žan Karničnik,2,628.3400419867856,0.07618233059816644
3930181,25785008-223c-4aea-9d75-9e84472ae7ea,Slovenia,Erik Janža,2,619.020652489329,0.08902752910673463
3930181,fdd1b951-5b6a-49b4-94cf-c4376f158559,Slovenia,Vanja Drkušić,2,454.55372559078984,0.07470203400249883
3930181,12e551a8-6c67-4daa-8709-4e4a171df8fa,Slovenia,Adam Gnezda Čerin,2,692.7397330384168,0.07963153036372908
3930181,05fc56a7-dcb7-4d43-9398-38526cf394e1,England,Jordan Pickford,2,268.5686255633582,0.07319569537165159
3930181,2492cf88-3f40-47ad-8ca9-181ed5b40b86,England,John Stones,2,453.1331894014699,0.07450031209312583
3930181,ca8fdb8d-606c-4f38-85bf-26bc7ce1afa4,England,Kyle Walker,2,438.48444973052557,0.10238912591836333
3930181,7635e408-e1c1-460b-a917-1df2a87193b5,England,Cole Palmer,2,478.7448854647724,0.1042486698922983
3930181,fa77535a-1dca-4fe0-8b8b-f38355b2b9e8,England,Harry Kane,2,445.2196968270502,0.1761997579594552
3930181,b489556b-5a86-41be-90c6-29842449ee17,England,Phil Foden,2,132.3309933769543,0.8021419726331593
3930181,ab0a3fe7-d774-431d-8375-3d125102dde3,Slovenia,Jan Oblak,2,404.48869106210987,0.10021975040203324
3930181,c13ef4b8-e39e-45a8-8a77-0e9d7630cb47,England,Marc Guehi,2,443.7892350483003,0.09637240902042704
3930181,b57983f4-d96d-47db-a0d3-5dc2ec803b3a,Slovenia,Žan Karničnik,2,566.5391515885411,0.12217149931249745
3930181,d90d2791-5dc5-4a0c-98ba-15901ecb7d7a,England,Kieran Trippier,2,228.4167553358624,0.06443684581698819
3930181,e7f55402-0459-4286-8acf-876f9492e850,England,Jordan Pickford,2,261.786034170737,0.05485482956351838
3930181,6c55acf8-5b01-4ff6-a818-b3cb85c5262a,England,Kyle Walker,2,284.5031313868094,0.07459366822136071
3930181,84b6e49d-46f9-4fe1-85ff-d4bf77b8b5c3,England,John Stones,2,584.8235325764435,0.10259182666880134
3930181,5c74bd49-9977-48e2-895c-0a6fe8adaa85,England,Kobbie Mainoo,2,524.2832722697443,0.10291294008926048
3930181,3ff2d0ab-e2fb-45dc-9f86-38ba569b7744,England,Kobbie Mainoo,2,572.5478087454467,0.10981658374424515
3930181,96a75189-0fcb-4d8f-98af-2d23c9e7574f,England,John Stones,2,530.043214723182,0.10929308668935162
3930181,b54b9db8-de8e-4c5e-81be-43a845edd2ac,England,Declan Rice,2,447.70856208392047,0.10100055971107316
3930181,3b05f5c6-ccac-4804-aa28-27a6a6633309,England,Kyle Walker,2,401.99847952213014,0.11427983768225197
3930181,e0105c35-c896-4bde-8d8e-196ffd8be3ec,England,Cole Palmer,2,836.2362440409713,0.10387309066552802
3930181,5dfafb47-ffc4-404f-b34e-4dc907cf97d3,England,Kobbie Mainoo,2,740.3630769885708,0.14190472718786967
3930181,fffc4c7e-2aaf-4c91-b7bb-ccd5ddfdacdb,England,Jude Bellingham,2,612.8598727257679,0.1601135697491719
3930181,2167c852-b78f-4043-bb8f-a48bc4b49781,England,Cole Palmer,2,541.9254768099674,0.13233880220416253
3930181,a1dbb89a-c000-474f-88c9-f9c89a851697,England,John Stones,2,689.9479000899237,0.1515972429287772
3930181,07e09ae6-c0ae-4227-ad03-c9e9c2a3f6ea,England,Kyle Walker,2,576.4649015019152,0.15198348103555817
3930181,4631d229-2ee1-4906-81bf-00f202112c1e,England,Cole Palmer,2,509.4963430870407,0.24423973464827334
3930181,fa66427f-3b65-4a1c-a3a7-8e9a2c263339,England,Kobbie Mainoo,2,421.40012101019556,0.272244686509486
3930181,796bfa22-7791-46b3-9da0-e46d4ef630f0,Slovenia,Petar Stojanović,2,643.8951533566423,0.07665137874456616
3930181,d9c249e6-a8c2-4814-9817-100ced5e9b01,England,Kyle Walker,2,486.37822289627894,0.09784750178980266
3930181,f9f40ff4-3921-4e79-9200-c74db5aec79a,England,Cole Palmer,2,574.0767806435699,0.11185849524312551
3930181,f71cf43b-d556-49bf-8e9c-dd8ad1353739,England,Kyle Walker,2,490.3444717446743,0.13152864606485062
3930181,c91e330d-a003-4516-93ad-6f25a882dbcf,England,John Stones,2,769.6357344120845,0.15404983991581697
3930181,c4dc7d14-e82e-4131-b3e2-5106bcebd6e9,England,Declan Rice,2,437.1503650882538,0.1743813845747298
3930181,2d327602-3e52-430e-aa62-fff582f6116e,England,Kyle Walker,2,682.255302146785,0.12072417206124278
3930181,053f51e5-878e-45c9-aecf-024ec10761db,Slovenia,Adam Gnezda Čerin,2,441.03708697286845,0.075867703731089
3930181,9b71f2af-f747-4717-8b00-e9228bcf276a,Slovenia,Jan Mlakar,2,219.4939131504056,0.06775330823203704
3930181,32820b10-d1bf-4631-a3e8-441bbe81cd84,Slovenia,Josip Iličić,2,612.5708290378727,0.07250652791178012
3930181,1ac39c78-bc02-4182-b8ab-c5db85632e10,England,Marc Guehi,2,381.9857350950159,0.21183432266773314
3930181,f4f8ee49-52db-4351-9751-56c8771f1aeb,England,John Stones,2,360.87385648928296,0.1760065321505012
3930181,675840f7-2f35-4c19-8b5f-9660aa134f50,England,Cole Palmer,2,527.8443671136698,0.15752352977797293
3930181,3371644a-7903-4923-87fc-ce3eaae9e182,England,Jude Bellingham,2,394.91095642767164,0.1584596969028969
3930181,94da8edc-2944-4652-8269-5d9c73e4cd3e,England,Kieran Trippier,2,587.4332849635372,0.17423891817953166
3930181,c9932ea7-18e6-4398-86f5-eba2db45c2d7,England,Declan Rice,2,380.77949731153495,0.132788349704443
3930181,643e19be-bf9b-4d7f-90fb-1732747913bf,England,John Stones,2,596.914209871359,0.12399807766971295
3930181,a6d56ebd-73c1-488f-80f2-b85bb93759ac,England,Phil Foden,2,471.0272161877638,0.15039721764476754
3930181,79deaa8f-aac3-4fbb-9a3d-7d31ec310052,England,Marc Guehi,2,542.5547001669322,0.11705930700387848
3930181,7313051d-4803-4652-abc6-c29a867bc0df,England,John Stones,2,902.5042368785232,0.1468791657507857
3930181,9b05043e-93d9-4675-af19-505efeb8022d,England,Marc Guehi,2,883.6253576623326,0.13907106189946553
3930181,a36bbcb5-ee22-49a1-8bf5-d7aa581a22b3,England,Declan Rice,2,509.74559063458616,0.11757358992955128
3930181,92f7e606-9661-49bd-b9cd-6606cf0fe29b,England,Harry Kane,2,218.74449760913583,0.2648243168935988
3930181,dd4378ed-9d8b-4804-835d-a60de26664e9,England,Kieran Trippier,2,406.5112573637589,0.20840040004934776
3930181,0ea762f6-1fe2-4969-a36a-d2025fab54e2,England,Harry Kane,2,434.6277792356601,0.17314361470288905
3930181,8cb03dab-fed3-481b-b8b1-a65075c816e4,England,Phil Foden,2,494.1846810743806,0.20604874159620032
3930181,be114ff4-a8e1-4f8f-b8f5-3bc8c20f515c,England,Kyle Walker,2,449.9801154979038,0.18679299232090432
3930181,5051ebbf-de95-4833-97f2-7b7646758a4f,England,Cole Palmer,2,418.16315351915466,0.2151803048757184
3930181,36f89a95-4894-43cf-925e-0729b8b1567a,Slovenia,Erik Janža,2,350.52629789444114,0.06800791996869476
3930181,a6dafa55-2808-4650-81f9-f50f2a0ba575,Slovenia,Jan Mlakar,2,294.09004512117633,0.07020230682687811
3930181,10c59c8c-65ad-4f03-8576-912731ebed54,Slovenia,Vanja Drkušić,2,257.9676777560865,0.07274096323298737
3930181,a0a205ae-5936-4758-a137-f0fbdfa69905,England,Marc Guehi,2,345.2912793866943,0.053782041455006584
3930181,4419fddd-2e46-4d2d-a6a9-a39b0f48a68b,England,Jordan Pickford,2,289.10443313559983,0.0422617317891139
3930181,b0e6caf5-8b52-4da5-a6fd-9bf96ee3a1e1,Slovenia,Jaka Bijol,2,670.4047106861588,0.07739998292408816
3930181,c79edd57-3516-4287-89fc-59455f08697c,Slovenia,Jan Oblak,2,748.1276154079777,0.051207574681047786
3930181,ff373216-4f8b-48fb-a11e-3354933ae037,England,Marc Guehi,2,106.87832303984553,0.04952991646681948
3930181,51d27d9a-e8bf-4e8a-9c77-563e29689546,England,Jordan Pickford,2,286.0456937325526,0.06133135243924838
3930181,774c93dd-c30a-4715-ba5d-573aaa330244,England,Trent Alexander-Arnold,2,468.83760002753814,0.08416371375484963
3930181,8089d591-51ae-434c-b84f-3c6ad6f2605b,Slovenia,Vanja Drkušić,2,649.5061872515441,0.08281350790752892
3930181,3246fa86-5d94-4667-a592-be16d20a7fb1,Slovenia,Adam Gnezda Čerin,2,359.2907978566695,0.09684609114563296
3930181,3cf57b3c-ff89-4adc-a3d0-b8e1b914f50f,Slovenia,Petar Stojanović,2,721.5366120105307,0.06268948270590642
3930181,bfa921a7-c142-4c53-a894-b819eed2e57b,England,Kyle Walker,2,373.06711482774074,0.08412614285081954
3930181,b625badc-a03a-493a-b4f0-92786f939e21,England,Declan Rice,2,330.37902765520266,0.05083325535348422
3930181,2496a503-613f-48b2-9ae4-e02f7a6f8e7a,England,John Stones,2,644.5574986202232,0.06882919957358874
3930181,f7ef8246-5480-49b0-849a-fefd48a14326,England,Trent Alexander-Arnold,2,549.3592710588186,0.07757245134691922
3930181,1b41efe5-8b3c-48d6-adc9-83aac8756861,Slovenia,Josip Iličić,2,1034.5089523053207,0.11438788103294907
3930181,c40fd045-cfb2-45e2-9072-5c8e2d25ed3e,Slovenia,Erik Janža,2,870.2441625569376,0.07543608500441652
3930181,d57883c4-b2fe-43dd-af71-e71c8ec9836d,Slovenia,Jon Gorenc Stankovič,2,714.725620693093,0.1388662000009339
3930181,67bc75f6-1aad-4d0d-bcfb-255b65375e23,Slovenia,Erik Janža,2,655.0492662587695,0.12658292055381193
3930181,ae06a6fb-1dd5-4178-aa31-5ad42521f51a,Slovenia,Timi Elšnik,2,1109.1846082724198,0.09574723832283555
3930181,158661cb-6840-4ac2-8e2c-df5aa3575805,Slovenia,Josip Iličić,2,967.7267030993851,0.09729294970262423
3930181,6b5720c6-2be6-446a-919f-ea30355685c5,Slovenia,Erik Janža,2,896.2824256434985,0.10513530248266038
3930181,1eeac318-3fb4-4111-9f6a-f20a88aba720,Slovenia,Timi Elšnik,2,773.6150296252015,0.09911975560359665
3930181,41742b81-d112-45a1-b204-113e59655497,Slovenia,Jon Gorenc Stankovič,2,633.7832343340399,0.11663363177942064
3930181,0b82a81c-6b50-4ca7-8dde-85979d0beb97,England,Declan Rice,2,862.1910640612219,0.0646461655868289
3930181,dbc95145-718d-438c-8a50-e5b9f9869fd9,England,Kobbie Mainoo,2,354.82258548751116,0.06226665073246173
3930181,13e7222c-0c17-4ece-a5e2-c8b9a72ac079,England,Cole Palmer,2,150.93645383095125,0.051749685363485995
3930181,5a3bdb72-d91c-4d0f-aba1-4345d436aa04,England,Trent Alexander-Arnold,2,223.44986527324428,0.056874786967213445
3930181,2d62ebcd-c50b-42da-971c-db8926ef9f9e,England,Phil Foden,2,466.9362050209196,0.06385015239343031
3930181,1bb9cd74-6d8c-4974-9f63-c8655fd97e1c,England,Marc Guehi,2,535.8940352902628,0.07778590825241666
3930181,038a928d-1748-4755-937f-b0dfae9f21dd,England,Kyle Walker,2,397.1966300342313,0.12067682151565334
3930181,d1379f95-1df0-4779-989b-3df16c16507d,England,Jude Bellingham,2,421.0099575889763,0.10642192729784032
3930181,016291ac-9df6-41f2-92ac-a1fa0ce55980,England,Marc Guehi,2,463.05265912218135,0.10972586251001905
3930181,a624edb8-49c8-47ee-9113-d3cecc21d843,England,Jordan Pickford,2,129.84925308276806,0.07846224551164971
3930181,228a17d8-d4a3-45be-b18c-666f03aabfe0,England,John Stones,2,407.2901313048994,0.10287194894435217
3930181,b3926e7d-6ea4-457f-a755-f2217ef71678,England,Marc Guehi,2,528.2476708130766,0.1040935996317982
3930181,cdf829e2-d03d-49c6-a04d-f9960bde77ef,England,Phil Foden,2,386.1187413232609,0.09869980876281033
3930181,8040902d-6368-4d55-af8f-506b0eb07bf6,England,Jude Bellingham,2,458.7540976838101,0.13196389835195654
3930181,bbf9cdfd-d7c2-45ea-b606-c21c0ef6ce16,England,Kyle Walker,2,479.31199078321174,0.12791538426224386
3930181,7b753b64-fee7-4920-ba52-5a5524456205,England,Phil Foden,2,164.51019356814055,1.38067837473577
3930181,a83c07e2-5952-4741-a47c-f0de3cc7a5d2,Slovenia,Josip Iličić,2,479.21976632777296,0.06595635148303268
3930181,5acf1ff9-9987-4d6c-9986-42afb6cf1309,Slovenia,Jan Oblak,2,315.9592546445946,0.13422552474729024
3930181,43ec7f53-1c1d-4570-9736-91db9345cd33,England,Jordan Pickford,2,323.5833400154183,0.05357845214811513
3930181,ab11128a-2a4b-4817-a76d-3ba0f0296781,England,Trent Alexander-Arnold,2,415.4128100580192,0.08379001279209286
3930181,ed717adb-05c8-4924-a003-a244a09b84c9,England,John Stones,2,453.83309680764364,0.0891791804116752
3930181,442edcad-5039-4eb8-8363-2c9900ca559b,England,Kyle Walker,2,533.6803524480156,0.0720371899240501
3930181,fd8794dd-166a-4a95-8831-1df5b3f041b7,Slovenia,Žan Karničnik,2,262.6547870795742,0.06324747141166442
3930181,e8fb3456-2b1a-434c-95eb-f3616bfd756e,Slovenia,Adam Gnezda Čerin,2,260.15814645556566,0.06885976305914941
3930181,bb83dcd9-b23a-42e9-856b-33e642ac97da,England,Kyle Walker,2,278.29988482991786,0.04791238066035691
3930181,e7326935-995a-460a-b2c3-827cfab3cba1,England,Marc Guehi,2,29.291011356429973,0.049057853305944026
3930181,ec05e65e-af44-4e4c-86ce-a628c5fb6e07,England,John Stones,2,721.7713327957022,0.08910228146494277
3930181,85ea6a72-bcd9-43b8-abe3-9f41391aab07,England,Trent Alexander-Arnold,2,490.5373287030742,0.08975129665315569
3930181,a9c91f81-577c-4f5f-9deb-9554c26edba0,England,Jordan Pickford,2,516.0016555535036,0.09029205507414059
3930181,4ee044d7-a30a-4aaa-abe6-768d2318d39f,England,Marc Guehi,2,451.17384059056184,0.08581530976485567
3930181,a1be9351-9d4a-4ed9-9657-c68c020e2e57,England,John Stones,2,502.7039169785402,0.0963762944002893
3930181,45281ac4-912d-4b10-8491-a0dc4f036552,England,Cole Palmer,2,621.3103240160365,0.09441030846430376
3930181,3163397f-14f5-4f38-b7fb-d95b77a52d05,England,Kyle Walker,2,418.5475468258013,0.06442021796186448
3930181,20752a6d-7781-48e7-bd34-b25a59bcd605,England,Anthony Gordon,2,448.0291093856731,0.12013781150452202
3930181,81f252ba-6f59-4e0c-b783-d807513f4f45,England,Kobbie Mainoo,2,546.1671118191116,0.12288901007993873
3930181,cc30d70d-01c1-40dc-8f84-77709686e1b6,England,Harry Kane,2,222.2367972960491,0.20060132581553125
3930181,88938d53-d467-4fe4-b23a-7ae64e3aee6f,Slovenia,Žan Karničnik,2,528.5869901735465,0.1356712839901573
3930181,fc151f1b-d031-4933-8c87-d7671b113d26,England,Anthony Gordon,2,514.903344979932,0.0889232233805039
3930181,06f4cbee-fab0-4478-aea0-b7370f410edf,England,Kyle Walker,2,203.90753176976864,0.07941260494688245
3930181,46734377-1ebc-4e34-9d10-683009f99693,England,John Stones,2,682.3028566803664,0.1128600440180272
3930181,e1567ffc-a971-4096-9b56-5276a094da5f,England,Trent Alexander-Arnold,2,737.4111279190495,0.11545814542653134
3930181,e8a677d3-0c7d-48ae-a7ac-8a11522ffbc2,England,Kobbie Mainoo,2,233.4432951186206,0.08946381565780939
3930181,089ebe3b-f5df-43a4-a46a-e96476977c2f,England,Cole Palmer,2,375.1194221457554,0.18482377993165525
3930181,4b1ec692-06e8-4f04-909e-7f54b2d4fa76,England,Marc Guehi,2,522.521380575732,0.10597717136703139
3930181,324e5c47-f81c-4f21-aa5b-fbd5ab3c7a13,England,Jude Bellingham,2,584.8641587456004,0.11947642617288115
3930181,328c3f0e-ffa8-494b-aa39-d5136ff66136,England,Anthony Gordon,2,406.58622835828464,0.17761059433362422
3930181,0dedb748-7425-4a56-b436-7056e83a24c9,Slovenia,Jan Oblak,2,326.80384859027697,0.1411706707751174
3930181,4b215aa5-e801-440d-a08c-e882c29528b4,England,Marc Guehi,2,58.678840958740224,0.06487601547305656
3930178,e517bc9a-e478-42b0-aa27-99c5b4d71d55,Croatia,Andrej Kramarić,1,502.8854620959022,0.11427523895140222
3930178,3896203b-2ed1-447c-b855-5b57ccef25bc,Croatia,Luka Modrić,1,599.3876253903763,0.11317876627320392
3930178,967156c3-4c86-47fe-be22-db6a55b14dd8,Croatia,Josip Šutalo,1,647.5134257456039,0.08397752492886196
3930178,d04796e8-4d7f-4747-82f2-2f83eba7269f,Croatia,Josip Stanišić,1,533.4766734038382,0.09146316467464623
3930178,6abc1721-96df-45ff-aba7-0de13e282eaf,Croatia,Josip Šutalo,1,564.4532731786747,0.08800038018207906
3930178,f2ca0738-bfd7-45c7-af3f-6afe936b8675,Croatia,Marin Pongracic,1,757.0426118403572,0.08945682736769082
3930178,c8e926a4-630a-4ad0-a019-7b5635efdc9d,Croatia,Joško Gvardiol,1,579.6210008789898,0.08750179508637415
3930178,403e71df-8321-4d24-896d-d854f7e92411,Croatia,Josip Šutalo,1,530.4854587887403,0.07236359035946333
3930178,cb063ea4-adbc-416a-9cb8-6753e1f7cc21,Croatia,Marcelo Brozović,1,570.62200766422,0.09931132584052774
3930178,bf42a913-a329-46fc-8273-631a7dd006a2,Croatia,Mateo Kovačić,1,414.6711002026776,0.13114569522735442
3930178,acc2eb7d-7f53-45a6-8208-6acc49c1215c,Croatia,Mario Pašalić,1,480.8098392350691,0.1727359762368163
3930178,247edd89-b356-43d6-ab71-e27c36826a1a,Croatia,Mateo Kovačić,1,457.3835798282238,0.21755836583254348
3930178,43143ac0-325c-4f69-853c-550f9db499ff,Croatia,Joško Gvardiol,1,648.5479871349954,0.15827846709503476
3930178,072f6a36-b2e3-4652-8808-5e8525fc6af2,Croatia,Marin Pongracic,1,804.4236228615881,0.15576498600744718
3930178,3daeb576-ee37-4442-a3c9-4c9fdf1e258d,Croatia,Josip Šutalo,1,568.2134893477676,0.12463071322615486
3930178,cf6ed180-d662-4dcd-bcf7-8c00b0361e21,Croatia,Josip Stanišić,1,708.8563752454945,0.10817249284391614
3930178,e8fbf213-ef09-4bd8-8699-dd05356c4690,Croatia,Marin Pongracic,1,760.115784560376,0.09518926536409313
3930178,85729e27-f193-4a25-b12a-3c36bc226822,Croatia,Joško Gvardiol,1,744.3989606569,0.0825679224236229
3930178,c1bd04dd-9b90-4e3b-b6b2-574cecb78456,Croatia,Marcelo Brozović,1,712.6325833496187,0.07339289673518878
3930178,f6a2caaa-0bf2-4238-b651-e424b34cf004,Croatia,Dominik Livaković,1,1105.743994933865,0.06957784988257215
3930178,4f0498a5-4b6f-4ae3-a1f7-0efa9f332167,Croatia,Josip Šutalo,1,1010.9648974093392,0.057266284190176896
3930178,382ba77d-7abb-498c-98a7-d92fc4e806e4,Croatia,Luka Modrić,1,954.350426848745,0.06636063408209296
3930178,27234512-2a6a-4e59-b725-4b41b3138920,Croatia,Luka Modrić,1,687.0851185144359,0.06567067154907896
3930178,6a6f6045-e450-442f-a32f-312e97f59ac6,Croatia,Luka Sučić,1,547.3795783674918,0.07350774888712841
3930178,340eb64c-fa67-47c1-8064-9059e88a6e33,Croatia,Marcelo Brozović,1,604.2705885992656,0.07665108463242877
3930178,73e4f50e-4d4c-47ba-bc0a-dea699774996,Croatia,Marin Pongracic,1,681.0145828380621,0.09529312985806344
3930178,71cc5b67-da8b-41a0-8a32-b1e31b9f7d79,Croatia,Marin Pongracic,1,468.2623349737526,0.11629756089448803
3930178,5b51421e-3a8e-4ee9-b662-7276886c4ef7,Croatia,Luka Modrić,1,503.04360901618054,0.10788602921398889
3930178,d82ea121-fbaa-4b33-b688-477a534062d4,Croatia,Josip Šutalo,1,502.2662726642591,0.0915594597961156
3930178,9fb7dc2f-cc88-4f10-90a5-6dcd87a07956,Croatia,Marin Pongracic,1,604.8467582336675,0.08810948428612497
3930178,b2fc588c-df72-4a63-8388-84040ef34f3b,Croatia,Marin Pongracic,1,539.1551015755028,0.10405212219241913
3930178,21e60695-2649-49d7-8bc5-ac41f51361d9,Croatia,Luka Modrić,1,649.1583207342686,0.08375203653032443
3930178,bd0b942b-64eb-422d-b7d8-e76ff6d704dd,Italy,Alessandro Bastoni,1,617.6010911222809,0.06780740375596397
3930178,31c8ac08-7b76-4a56-ae50-f42d93d2de1e,Italy,Federico Dimarco,1,492.24268842303627,0.07758204115952304
3930178,c7df54fa-d8c3-4367-8970-2c75570f10f8,Croatia,Marcelo Brozović,1,325.22167724060773,0.14229356451128078
3930178,4f076ee8-5b50-42d9-9699-077ddf3aa6b1,Croatia,Josip Šutalo,1,212.1500424585042,0.10927999712407237
3930178,31c30cb2-2d64-44b2-8f55-98db28704365,Croatia,Marin Pongracic,1,662.5039408496251,0.083344189838872
3930178,64c519f3-2197-4b7b-a09d-28480cabe1d6,Croatia,Marcelo Brozović,1,473.8131281299336,0.0958664359101065
3930178,5edaaaa6-98fa-4b53-924f-f0e7b87eda71,Croatia,Luka Sučić,1,534.3445604213144,0.09485830272760662
3930178,af03c2cd-ea42-48b5-a53c-ac337ad31f0c,Croatia,Marin Pongracic,1,527.8536243307857,0.12191564177046918
3930178,8b449f4c-c30c-488a-89a3-1d975f513a3c,Croatia,Mario Pašalić,1,459.3422479041749,0.12473250790181799
3930178,de51e0a1-32a0-485b-bf8b-3683ba6abced,Croatia,Andrej Kramarić,1,474.4602127006389,0.11241276057510431
3930178,341aeaef-313d-40e9-b969-fac5ca2c2e0e,Croatia,Mateo Kovačić,1,521.2358242262935,0.11502152737848441
3930178,515ba335-dfa4-47e1-b198-2ada5986ebda,Croatia,Josip Stanišić,1,546.6627671187545,0.08852790044663228
3930178,c9fa9732-93b4-443c-87b8-54c1614eb7d7,Croatia,Josip Šutalo,1,477.8732816204106,0.09385639830073808
3930178,3ba4e670-e19e-4f5d-a54c-c43505cf13fc,Croatia,Joško Gvardiol,1,515.4758658698073,0.08685658455209712
3930178,a003ed2c-6a3b-4f57-ad11-a45d15aff44c,Croatia,Marcelo Brozović,1,525.2843730660317,0.08349914403585997
3930178,59d4390b-066d-4bd3-af6a-6f265826c620,Croatia,Joško Gvardiol,1,620.7984967598588,0.06980484388610453
3930178,b110b13e-6c27-46a4-9fa0-c4f3c93f05c1,Croatia,Josip Stanišić,1,733.8954551294705,0.0592226777690133
3930178,b5b6ed6c-1246-437b-afc8-eec68726c4c3,Croatia,Josip Stanišić,1,614.1815469501497,0.07676625100016173
3930178,50e0212c-e5df-4385-983e-3c899230b879,Croatia,Mario Pašalić,1,1088.1738447439504,0.1925406618091435
3930178,fb564e80-78d5-40db-a35f-dc9236dfe95e,Croatia,Joško Gvardiol,1,955.8863255864972,0.24682313518993473
3930178,61089c4a-5b8b-46c7-ae19-8b2cc3060f71,Croatia,Luka Modrić,1,307.6207623249102,0.24039921362064393
3930178,d6ebb59b-af02-43bb-91f3-b0e138681752,Croatia,Mateo Kovačić,1,443.03990701607165,0.21814477757037265
3930178,7be5d3a9-f680-4fdc-b081-53f3ced5c4c5,Croatia,Joško Gvardiol,1,446.5719314604541,0.2247862514513455
3930178,c4b25eb6-2f18-4dc5-9caf-c0b60c66e4c1,Italy,Giacomo Raspadori,1,170.9723349885989,0.06770709563723372
3930178,2c424ca9-bf35-487e-9a67-03dd0a3bc8e2,Italy,Lorenzo Pellegrini,1,220.22830743012724,0.07835295047339588
3930178,1962634a-86bf-4ec9-9c0f-2f43f3d1f9b9,Italy,Giovanni Di Lorenzo,1,507.1577699010043,0.06894929715623892
3930178,6ff4bb7c-0f2f-4585-b8f1-f184c92ce943,Italy,Matteo Darmian,1,453.6025191349305,0.07491356601474194
3930178,70c4dc0c-6a93-45f1-8c89-dd4df9b5c14b,Italy,Mateo Retegui,1,378.97204557630045,0.06732775162984261
3930178,57c5fe01-e966-432d-b683-98c028821cc7,Croatia,Luka Modrić,1,490.50871006604433,0.11595819827805803
3930178,eafed231-89f6-4e9a-9504-cac2187c754d,Croatia,Joško Gvardiol,1,398.082773732896,0.11469114462419311
3930178,3bf4a041-1622-4bc5-ba8f-e1617e83ca7d,Croatia,Mateo Kovačić,1,402.4949973864631,0.12962957088911256
3930178,56679b94-9582-4ff1-9da6-53df040ebf4a,Croatia,Mario Pašalić,1,371.72757432412266,0.1301356628272855
3930178,da974c30-6237-4962-8491-caa2d8527c35,Croatia,Joško Gvardiol,1,430.9420588253285,0.09255281625168602
3930178,4270cfe4-74d1-4e9b-ba21-c10b087c1270,Croatia,Josip Stanišić,1,619.6924917884519,0.09664844657207242
3930178,3f83618d-f182-44dd-857a-f207c0cc6101,Croatia,Luka Sučić,1,651.7147780830046,0.1100440182951673
3930178,69f5056f-9fe2-4baf-87b3-e8dbacea373b,Croatia,Luka Modrić,1,415.8150476668579,0.14965437991395214
3930178,ef79225b-7f34-4559-a2d2-b5b82593ba3e,Croatia,Luka Sučić,1,671.4131967118474,0.1207295034592186
3930178,6fb97e7e-9553-488f-b514-2f359f29498b,Croatia,Josip Šutalo,1,720.9758787217663,0.11257313681788153
3930178,11bcf08b-4db9-4c83-b7f4-b717e13aa93c,Croatia,Marin Pongracic,1,872.1805475407936,0.07584442932829245
3930178,ab6a801b-95b4-4c93-8259-7388e29ac380,Croatia,Josip Šutalo,1,784.587745277845,0.06914263272712082
3930178,e3f36a8f-1387-4187-898b-01a2f7c4682e,Croatia,Josip Stanišić,1,751.4750877472632,0.07696003062060502
3930178,7f8a8bf1-c5b3-4cd2-a871-e68d23629bd7,Croatia,Marcelo Brozović,1,804.9800259357369,0.08197042389608479
3930178,aa47e96e-2673-4958-9808-85c8564c1374,Croatia,Mateo Kovačić,1,599.6863716601085,0.08833495610228691
3930178,aa8e1f42-0300-4341-9ba5-7c60236f3df9,Italy,Alessandro Bastoni,1,317.1979830222256,0.10360121670185753
3930178,c46acce7-493d-4d9c-a9b3-3324211d4bbd,Italy,Matteo Darmian,1,555.2831067775975,0.09926598890053173
3930178,5acc1b45-2934-4707-b587-253f1e9dbf59,Italy,Jorge Luiz Frello Filho,1,450.294062099742,0.12677691325336796
3930178,1c171992-cad3-47e2-b774-618e716de127,Italy,Riccardo Calafiori,1,578.9261593051356,0.09827489394626572
3930178,96279acf-3c3a-44b1-8c45-a910beec2209,Italy,Federico Dimarco,1,543.8736916525506,0.06748331639948646
3930178,15b91813-697c-4e40-aa1d-d3e91884c51e,Italy,Lorenzo Pellegrini,1,529.516823540201,0.06504241137350021
3930178,9a393f16-f408-4f43-8cd2-b96db9323278,Italy,Riccardo Calafiori,1,582.4605719730196,0.07248407193754541
3930178,1961f874-ae1f-4934-a0ab-3697d0b04962,Italy,Jorge Luiz Frello Filho,1,572.4224522804273,0.0969231570340076
3930178,b90a12a1-1f72-4479-a781-2c505f8860bb,Italy,Riccardo Calafiori,1,606.8531019057687,0.09150033367179879
3930178,1bd30dfd-c0e9-4a1e-ad6f-657ce93fe2fc,Italy,Alessandro Bastoni,1,752.8039828426181,0.07637109866410374
3930178,cdf52d2d-7f24-42a1-ab1d-a41fe8d4a6eb,Italy,Lorenzo Pellegrini,1,723.9055782659692,0.08176380997830848
3930178,88f66592-3576-4fca-855e-207dfea93a7c,Italy,Giacomo Raspadori,1,290.2733936540426,0.0753262058843831
3930178,86dc71cd-3d7d-478e-8412-3452ce1516dc,Italy,Giovanni Di Lorenzo,1,145.676768158014,0.2253916825450611
3930178,9f599701-6632-4971-9548-35f237cd25e3,Italy,Nicolò Barella,1,540.0886355434136,0.18301865537838058
3930178,d9d1ade8-2075-4300-99f2-b5dbfedccda1,Italy,Giacomo Raspadori,1,554.7372862870894,0.19020909390797636
3930178,019dc7e8-9a7b-480d-a328-9708a57a750f,Italy,Nicolò Barella,1,517.7970006548734,0.20007665021101062
3930178,b8273b6f-a0bb-4105-a257-98f21eda0ea9,Italy,Jorge Luiz Frello Filho,1,452.33122022977665,0.1898448216971305
3930178,a3e96313-a68a-4fba-9dd7-9422b84d58f7,Italy,Matteo Darmian,1,500.0432766594116,0.2063780308567082
3930178,af65c648-928e-45f1-ac4c-65f8920a2de6,Italy,Riccardo Calafiori,1,444.6974596062742,0.17443138521454057
3930178,74f0afa5-3a53-40b3-93ca-6231aa49fab5,Italy,Jorge Luiz Frello Filho,1,414.44222010928445,0.16402986190907104
3930178,1ad2732b-898f-47c0-ac0b-34a66daa1970,Italy,Riccardo Calafiori,1,474.3513153008351,0.12998475909461013
3930178,71aaebed-e068-45d8-a043-d80f826d7cdf,Italy,Riccardo Calafiori,1,550.8598318044391,0.1166318982350104
3930178,d3afba68-5f13-4383-bf2b-968a7278172e,Italy,Giovanni Di Lorenzo,1,558.2113282764303,0.09702571154966429
3930178,e347346e-9505-4ec0-9e28-0155fc85d15a,Italy,Giacomo Raspadori,1,585.0967739206151,0.0851270965298848
3930178,629b6641-1371-4a44-bbaf-98b63fded344,Croatia,Luka Modrić,1,130.27479744556172,0.0650127510845431
3930178,3756cf66-b37d-4d59-baba-7af49ae40d0a,Croatia,Luka Modrić,1,611.0247660551008,0.07990012116399559
3930178,ed52f146-94fe-45a4-b4aa-c5e3bded916c,Croatia,Luka Sučić,1,575.4947335101057,0.08975901727456123
3930178,dd38a14b-c54e-482a-b954-384f59d5becb,Croatia,Luka Modrić,1,514.4517057327741,0.08065448779375159
3930178,6b603d50-b802-4ba9-8498-779e0ae1726c,Croatia,Marcelo Brozović,1,472.38201112962565,0.10546579250937813
3930178,bb63d910-faba-48f1-aac9-0121e61c9987,Croatia,Mario Pašalić,1,450.32398367452225,0.09954728436079906
3930178,5e3e5b83-537b-4cc3-9bac-19970ba5cdbc,Croatia,Mateo Kovačić,1,525.8673822126984,0.10454202795112973
3930178,33d443a0-2913-4181-a4c4-c29b285287da,Croatia,Mario Pašalić,1,398.37679786248054,0.11574420143525578
3930178,e382cf0a-de64-40e6-847b-dcc035505565,Croatia,Marin Pongracic,1,572.0990872384887,0.09673199709087758
3930178,ad1b03a6-a44f-4678-bd35-57e0d6c574b1,Croatia,Marin Pongracic,1,801.1600038757663,0.09032786829510643
3930178,b1cb1a83-b290-4721-9b7f-8df43ed2b77c,Croatia,Joško Gvardiol,1,765.4042275738141,0.08074653599228539
3930178,40d8ed0f-056a-4b51-84ae-a2cc4d8a6d04,Croatia,Marcelo Brozović,1,623.56727647141,0.0934286423593222
3930178,0b07b536-e8d9-4d98-8e88-261622867d6f,Croatia,Josip Šutalo,1,658.0293170796496,0.10029293348429985
3930178,72315778-6ca9-452b-91b2-ecf1dce2d1fb,Croatia,Luka Sučić,1,627.526605264402,0.09950690455497975
3930178,d1b3ba2a-7f2c-4a15-bb97-28d927ec2e85,Croatia,Joško Gvardiol,1,551.5707390958669,0.08380674431278395
3930178,f94d82ee-48c4-4ac3-aaff-d8c9278d784b,Croatia,Mateo Kovačić,1,513.2397212308616,0.11430698323841927
3930178,edb3269d-3125-45c3-aa4c-334579fffcc0,Croatia,Marcelo Brozović,1,714.6593506091091,0.12549268292376084
3930178,25a3897b-bb4c-4f38-af7a-3e8e605155f1,Croatia,Joško Gvardiol,1,410.5033737748307,0.18184433460322696
3930178,db11752f-9822-4138-8278-dd7cceaaf499,Croatia,Marin Pongracic,1,755.1745463385183,0.15014454684004572
3930178,64b0372d-cae6-48cd-b3e6-8b460ffc6eac,Croatia,Luka Sučić,1,595.2722129884356,0.1412541424536398
3930178,0acf17ed-c946-4ad6-85b4-8969ee8eae05,Croatia,Josip Šutalo,1,564.6427857535216,0.13061069906234363
3930178,f7de7ce2-ccdf-4981-8c91-45ccd91e9c83,Croatia,Luka Sučić,1,509.137831479516,0.14308563247352168
3930178,def7558a-0aa6-4edb-8a4c-f9cdb5ef043b,Croatia,Luka Modrić,1,583.2521067972615,0.12781155078805287
3930178,077c73b4-82dd-41d7-94bf-f91cbf0255be,Croatia,Luka Sučić,1,511.2905433239199,0.1377462179721055
3930178,dfcc7f51-ca38-4985-86c6-ef8a1793b011,Croatia,Josip Šutalo,1,464.9610430035973,0.10669945434145482
3930178,98b07922-0832-4943-a4df-771cad5a4ec7,Italy,Mateo Retegui,1,737.284152170202,0.09475502005181018
3930178,544d6c3a-4c3b-463f-a83c-b0cebea892ba,Italy,Alessandro Bastoni,1,592.8346620899281,0.09497946658458285
3930178,db1e2dac-4d03-4388-ad8b-bd38ffe6eb2e,Italy,Nicolò Barella,1,565.0120119948658,0.09182894917215864
3930178,1be1ec69-1991-4496-bc7f-3c1b1f884092,Italy,Matteo Darmian,1,507.02164854290186,0.08613852277106843
3930178,143afc29-ff3e-4972-943b-99ccfcfdcf5b,Italy,Nicolò Barella,1,670.60490402472,0.08079485649743481
3930178,9e5c2dcc-e2b9-4c0f-9654-32628a8968f3,Italy,Giovanni Di Lorenzo,1,693.2246092980472,0.07171223890770774
3930178,9cac528f-536d-4601-975c-f4d9d2d9755e,Italy,Nicolò Barella,1,439.51921530005524,0.06773237089137106
3930178,d9f60349-89e0-41fd-bb11-f6a9d26ba6dd,Italy,Matteo Darmian,1,210.72537569537513,0.0638389996197412
3930178,113f7ef9-9c13-47a9-8f46-fbdc8285dc99,Italy,Giacomo Raspadori,1,267.1830131763887,0.056877812500723365
3930178,17bc02ab-20c7-4511-840a-474f564ef92f,Croatia,Luka Modrić,1,387.7861075076526,0.21778051439848048
3930178,775070b9-555d-42b3-b427-6fd0f88696ff,Croatia,Josip Stanišić,1,470.6726202247826,0.2023842267386527
3930178,71ac5f57-ecba-4e11-b45c-d762d1b58637,Croatia,Luka Sučić,1,356.50778989577134,0.1439161543052016
3930178,a4eef890-b805-437e-9d53-f047f7b44b20,Croatia,Marcelo Brozović,1,483.0674144355383,0.09080438106814191
3930178,66c7e1b0-2c12-46ef-bb66-5918d47f8a6e,Croatia,Dominik Livaković,1,471.7311717218041,0.09153075774997602
3930178,29251f84-32b7-4460-ad92-acb5995d2f7e,Croatia,Josip Šutalo,1,505.71075306816937,0.09246033106699364
3930178,285c333c-71ac-4d88-b400-0bbc2897f551,Croatia,Marcelo Brozović,1,578.2186025105984,0.09587188736435248
3930178,5d3f7e28-dc8f-4742-afaf-4a594be1e604,Croatia,Marin Pongracic,1,692.5124065494052,0.09315144635844862
3930178,b68f8774-2ecc-488f-87b2-5022cb643e67,Croatia,Mateo Kovačić,1,641.4615800201607,0.09534114626427125
3930178,155c10d2-e16e-4b5d-892b-215c9fc2714b,Croatia,Marcelo Brozović,1,504.1874653671486,0.09490361401369052
3930178,030ceafe-32a3-4335-b334-9e12dbe96dce,Italy,Alessandro Bastoni,1,486.5474095953718,0.09612008195141133
3930178,d156d781-fa7c-4b20-ad32-5f35d2447999,Italy,Matteo Darmian,1,678.3144366877661,0.09529534953341415
3930178,1bdbba4c-d56b-4ff3-943c-c5d3bd76dfcd,Italy,Alessandro Bastoni,1,525.108090590352,0.08985656451243909
3930178,83da4cd7-a240-43c5-bdb3-33d42801aba0,Italy,Jorge Luiz Frello Filho,1,482.96008834921344,0.09030249930777512
3930178,b0bfc9c3-cef2-499c-a5ca-5876f69d24aa,Italy,Matteo Darmian,1,409.7764651120826,0.09153621133447921
3930178,cfd57b92-d337-4c8b-a7a2-1171b1c26943,Italy,Nicolò Barella,1,357.03757804818423,0.09624964767512059
3930178,81057e8c-7fc1-4562-9702-177e75d17722,Italy,Jorge Luiz Frello Filho,1,229.81298294874654,0.08368194198366422
3930178,d14400ab-7116-4a58-acd4-709ee15fdadd,Italy,Federico Dimarco,1,327.58200897853663,0.16067912281292693
3930178,7d11eae3-f984-4d43-9ef5-c8adbb5cd647,Italy,Gianluigi Donnarumma,1,375.64211211864216,0.06716509576497223
3930178,da122976-0812-4490-bcee-179ef589ec6d,Italy,Nicolò Barella,1,618.768790231849,0.06395194977507312
3930178,0a76ea41-8481-42c8-b751-df7d4cdac901,Italy,Matteo Darmian,1,472.6310186693586,0.061650125983101045
3930178,1b371e03-d19c-4b7d-8e29-91275c5428c4,Italy,Alessandro Bastoni,1,957.5366349316222,0.06207025463478621
3930178,e321ec70-b1d6-4d24-9678-5aab734a7ff1,Croatia,Mateo Kovačić,1,518.5598536156843,0.1428342811263534
3930178,c1d09d2f-9acf-4ac6-acdf-6860f013162e,Croatia,Mateo Kovačić,1,336.0008064840273,0.17166757959093035
3930178,0591dd2a-a436-4ad7-a80d-c90ff8f98f6b,Croatia,Marcelo Brozović,1,370.9984470951054,0.19020504736167093
3930178,6210a515-9856-496b-83bd-2bd836fa433e,Croatia,Joško Gvardiol,1,439.46499225408604,0.18227066143081877
3930178,6c627a4d-3a5a-4eab-8d03-661b95f90f3c,Croatia,Mateo Kovačić,1,324.23583761355815,0.14324209696299517
3930178,4b14c4f6-163c-4b31-a227-3a96e331eef9,Croatia,Luka Modrić,1,295.24614483421936,0.15407031580991645
3930178,6b6be749-c792-4915-bae9-1599a8a68a88,Croatia,Mateo Kovačić,1,365.12543528170727,0.14298967129282508
3930178,7bf52cb0-225a-4ab7-aab9-8abfef3f2751,Croatia,Andrej Kramarić,1,228.749797581644,0.3659325479198523
3930178,e87a202b-2c6f-487f-b7ba-5dc068ea3521,Croatia,Josip Stanišić,1,441.1696184260606,0.14864528377700895
3930178,e59782a9-e4a6-48ec-9ce4-d78c5f1dbe02,Croatia,Josip Šutalo,1,563.2952919315414,0.08803454531197845
3930178,4ae3eb69-6c51-4e73-9c72-a4395729bec3,Croatia,Marin Pongracic,1,696.8111117354263,0.10872129150862568
3930178,fdfab1ca-c9c8-4fa2-8767-3d85bbda4b59,Croatia,Josip Šutalo,1,745.8525952218716,0.07521598861850358
3930178,fdb202d7-0744-4123-9f16-2a2c5ff4e108,Croatia,Josip Stanišić,1,585.0361478450834,0.08500217204529488
3930178,e788da0d-dce0-4d2e-b3c8-2e40d46d4824,Croatia,Dominik Livaković,1,811.2933252562528,0.07143355217082334
3930178,8fffacc7-5aed-4845-875f-360b07cb0169,Croatia,Marin Pongracic,1,1059.0618511418718,0.07409339245756251
3930178,505f0d0d-3e7d-4930-8137-0ae9a880f9f6,Croatia,Joško Gvardiol,1,870.3971095654839,0.07759624100693097
3930178,8772265e-ba1d-417c-bfb7-5d4f04b93c34,Italy,Jorge Luiz Frello Filho,1,1172.1476680471994,0.1434038071199107
3930178,fbb45653-6c48-4ec7-9392-1bc1ad338283,Italy,Nicolò Barella,1,377.51941069436634,0.1369139335850585
3930178,09305c70-b8a8-4586-bd85-ce3e362b3ad4,Italy,Riccardo Calafiori,1,406.07693513835403,0.11608293198499528
3930178,9b323ac1-fb0c-4355-b75a-34080f2a0aed,Italy,Matteo Darmian,1,447.89930756816017,0.12098809236528685
3930178,46f319a2-39af-41b6-a3d6-303f1e49d092,Italy,Nicolò Barella,1,410.6288837127763,0.1349639770730483
3930178,4882d323-cf08-49da-b241-2278ec857a1b,Italy,Riccardo Calafiori,1,490.970506951557,0.11606799137479452
3930178,28728df1-cd58-4905-888d-eadc92e59c3f,Italy,Lorenzo Pellegrini,1,524.5088973891504,0.108913547608708
3930178,220fb33c-4b02-42a9-a912-9693b0fba5d3,Italy,Riccardo Calafiori,1,464.32650754407433,0.062322737090130774
3930178,d511d151-b6d0-4c9c-8cb5-3c4dc416e094,Italy,Matteo Darmian,1,559.6825313310298,0.08308607830679299
3930178,fff0645b-c730-409c-bbf9-ccf4a3b68614,Italy,Giacomo Raspadori,1,658.2975349033553,0.09214178771187852
3930178,e5a03244-6d1d-480c-bf50-e2d88ae66cf8,Italy,Jorge Luiz Frello Filho,1,381.4105645446678,0.09709262433210927
3930178,d923a596-3f36-4783-b503-69ab5dbb0c2e,Italy,Giovanni Di Lorenzo,1,462.7282026207007,0.1530568200499097
3930178,468c62eb-2b62-4f1d-83cb-57f47abccfee,Italy,Nicolò Barella,1,36.32571078944083,0.03753041578102322
3930178,a5510bcc-e1c7-48b2-b612-5d5d1f3c750f,Italy,Jorge Luiz Frello Filho,1,517.1224504989692,0.08454219378973202
3930178,8e5c5a73-5efd-46c9-b8c6-f8d09e0f4ad5,Italy,Nicolò Barella,1,629.3753768310183,0.0810203529507283
3930178,394b1442-e035-47ae-aabd-3d364998980a,Italy,Lorenzo Pellegrini,1,685.6080151502333,0.07847711828204475
3930178,161f3f93-5aef-4033-829c-e4146ab9b719,Italy,Nicolò Barella,1,645.6389029391615,0.07871703425963861
3930178,4d9bf1f4-b481-4956-8afc-6c4a24ddcb87,Croatia,Dominik Livaković,1,559.5949911328355,0.053234222434590306
3930178,a9d31e3a-779c-467b-9c3f-4b68b8605774,Croatia,Joško Gvardiol,1,488.95415247207865,0.05628719088629182
3930178,94b2fc09-32cd-473f-bd51-7a27e1d25baf,Croatia,Marin Pongracic,1,683.4304010630182,0.09348354295306648
3930178,b640920b-ca45-482a-8e87-4f7e11bb8ed0,Croatia,Mateo Kovačić,1,549.3351529664023,0.10448923247281364
3930178,c531ed48-c393-43a1-bc71-22e5e42f39f7,Croatia,Marcelo Brozović,1,590.845368032848,0.10434966107211086
3930178,3e5adb91-22a1-469a-a22d-fb536b8a2e4a,Croatia,Josip Stanišić,1,593.4700892338228,0.07597616231706456
3930178,67538056-bd80-4904-8a42-e2f5c9bdded8,Croatia,Luka Sučić,1,587.0640184680686,0.08194657775728002
3930178,d1c19fe2-c6cc-420e-893e-bb9625ad8245,Croatia,Josip Šutalo,1,496.025634198832,0.10698722277773524
3930178,8ae473e3-75d3-4d12-a767-20103d0da294,Croatia,Josip Stanišić,1,633.6625288273053,0.09083388830935404
3930178,d4fe660c-a685-4176-bf29-a95e86230662,Croatia,Luka Sučić,1,695.2780447811962,0.10664260250426706
3930178,2bdc7841-cbbf-48d4-ba1a-11457f36bab3,Croatia,Josip Šutalo,1,537.4941271572313,0.10519127570700233
3930178,9a403a5c-a20c-464f-866d-d5c1847f7f0f,Croatia,Marin Pongracic,1,712.3825722901911,0.09432341920617257
3930178,93a159dd-3b08-4041-b18e-ce2160a02786,Croatia,Luka Modrić,1,525.681351299062,0.10541056799103021
3930178,347758c1-58a6-4a53-86ed-9b02be91fbbb,Croatia,Luka Sučić,1,504.5249026266865,0.10492910505897535
3930178,11b8fadd-2f88-4611-9dc9-8042b7db0de2,Croatia,Luka Modrić,1,582.7894794155295,0.0984687583390255
3930178,5afd35a1-fdfa-4c3b-aaaf-f75005a775d6,Italy,Alessandro Bastoni,1,190.3708277301584,0.034553433797660696
3930178,996fc3fc-10ae-46d7-ac71-4dd59dfea187,Croatia,Luka Sučić,1,479.43642963333724,0.15684946720422568
3930178,cb5474e3-ba51-4385-83d8-584540110e37,Croatia,Mario Pašalić,1,152.67536744582125,0.23309164047886635
3930178,063dddee-21e5-4922-83d8-96a9d434bfe2,Croatia,Josip Šutalo,1,627.2230726513513,0.09657291949710199
3930178,5669347d-5085-495d-ad96-440f6aabc912,Croatia,Josip Stanišić,1,745.7904646387797,0.0859599062838946
3930178,7eb7e5ca-8a9f-4ffd-80b4-2762f3b0253b,Croatia,Josip Šutalo,1,681.40223640586,0.09379281159606653
3930178,8c2d9abb-6230-4580-8ef3-8354f413c133,Croatia,Joško Gvardiol,1,782.4982544036355,0.07086669241835704
3930178,df708115-343b-42ba-84df-7400dda0b887,Croatia,Dominik Livaković,1,842.0452187830384,0.07230799431392662
3930178,2bbf1941-a331-4f12-95f1-2a40c1f38c0b,Croatia,Dominik Livaković,1,810.0823760533813,0.058114044179153654
3930178,04de9f36-6a07-43e6-8099-2586e9cdf88f,Italy,Matteo Darmian,1,560.3661268563387,0.11023184104251019
3930178,f68752a4-9b5e-4023-bb9f-77f725b8c545,Croatia,Marin Pongracic,1,227.42193058606236,0.08555956691739482
3930178,9579cf13-15c9-4c8b-9a60-6379d703c298,Croatia,Dominik Livaković,1,519.9049368969979,0.047427074600802414
3930178,39779bf0-b281-4629-99f0-2cf477b017b0,Italy,Alessandro Bastoni,1,169.20265293169268,0.03284586716362911
3930178,9914dc66-9ce6-4478-9d0a-b4cdb726de47,Italy,Gianluigi Donnarumma,1,201.2308455229424,0.03094010570046207
3930178,35e17e75-74fc-4f04-a9ea-f7b7085d1776,Italy,Riccardo Calafiori,1,322.50564015123626,0.03832387727625504
3930178,db1817e6-c13c-490b-b3c6-2f268e7c5f96,Italy,Federico Dimarco,1,127.75629225958636,0.0364751139836793
3930178,16c51e4f-68c9-45e2-a08a-018865551758,Italy,Lorenzo Pellegrini,1,580.360488176468,0.0506570868381299
3930178,9f715ed3-2abb-460c-93fe-df116a855a53,Italy,Nicolò Barella,1,619.0168825780133,0.056505193691199954
3930178,f1057faa-6da2-4121-9f54-ba77d08bab5d,Italy,Riccardo Calafiori,1,603.0129258250795,0.08184082102892234
3930178,7f9b0152-d9d6-4243-b6dd-3ce19878dd44,Italy,Jorge Luiz Frello Filho,1,647.166109283068,0.06997467834248791
3930178,9c1e26f7-5fb0-4d20-ba07-bae0e30920f5,Italy,Gianluigi Donnarumma,1,672.6900086138555,0.05818453960017985
3930178,65a27e2b-e6e6-45d2-8688-4fa160a86f8a,Italy,Giovanni Di Lorenzo,1,650.0386808535812,0.062018003782676384
3930178,f817b66a-7118-47cd-8c76-5543d69c9063,Italy,Nicolò Barella,1,624.7638869153188,0.13591745625365448
3930178,73d30859-c266-48fc-b79d-fdd9de80a117,Italy,Riccardo Calafiori,1,842.2643973351741,0.11885879406264624
3930178,7b165399-7235-42f6-89ad-fada6e8287f9,Italy,Jorge Luiz Frello Filho,1,429.9581942728365,0.12402006255821532
3930178,e3142a7b-2048-4c10-8b2b-8c9e1bd79cce,Italy,Riccardo Calafiori,1,507.1357265895877,0.11057113793668398
3930178,6379a167-1632-4a3a-80e5-62a47b5e4225,Italy,Alessandro Bastoni,1,542.4763480928489,0.11850444971374324
3930178,ee3f623d-029a-43a0-be92-8e9364270bde,Italy,Nicolò Barella,1,495.3894264078904,0.14760136243288305
3930178,a04c5007-b6fe-4c79-bc5b-41d6003d06cb,Italy,Matteo Darmian,1,525.0751201703432,0.1292111162829986
3930178,de71fa8e-fea9-4d6a-a665-9d8c41a7e2a0,Italy,Nicolò Barella,1,553.1686398616772,0.14753422863945062
3930178,a3afaedb-3fcb-4630-a942-31ac59d771ae,Italy,Jorge Luiz Frello Filho,1,514.1101645013227,0.13865479697375455
3930178,243537a4-0a29-4ef7-9eab-eb6317274246,Italy,Nicolò Barella,1,505.32444662045543,0.12713414636199824
3930178,c42a10ed-5f59-4265-816d-c384bf1e9c00,Italy,Matteo Darmian,1,531.3309329017161,0.11462663671157085
3930178,6f509a4f-829f-49cf-954a-283bc1fa7319,Italy,Alessandro Bastoni,1,551.2410913178987,0.1213941462864616
3930178,e292a5bd-2d04-4bb1-a6bb-d738470d9363,Italy,Jorge Luiz Frello Filho,1,775.9809600079457,0.1570108302626992
3930178,ce771d54-566f-406e-930a-1081321a3411,Italy,Nicolò Barella,1,530.1104919671977,0.12867681662084895
3930178,5b7c5103-3332-4622-b9e9-fc1ba7d495ff,Italy,Matteo Darmian,1,526.4564357568673,0.124326461322128
3930178,e9094c0a-1988-4ba5-a9c4-71302f41b425,Italy,Alessandro Bastoni,1,542.0273834593085,0.12310553080998064
3930178,a6d27051-4ff3-4011-b2fd-615ddca2fd8b,Italy,Matteo Darmian,1,549.4706918599163,0.1084133088756028
3930178,20023dd0-2a6e-4805-9a0a-8b11d87c028e,Italy,Giacomo Raspadori,1,429.4359717538126,0.12231098118166697
3930178,6932fba8-9ccc-4997-8d2d-15846f2a8f8d,Italy,Lorenzo Pellegrini,1,348.2612945678676,0.3029725550285266
3930178,88f3ba9d-851c-4998-9564-85c61470da67,Italy,Riccardo Calafiori,1,358.559751924356,0.29156333523106764
3930178,788b5bac-c56a-431c-a13b-b710e35b63d1,Italy,Jorge Luiz Frello Filho,1,458.5686605230535,0.2843544402851787
3930178,5a5de44f-ba0c-4e89-ab92-602e973d3704,Italy,Riccardo Calafiori,1,498.0648883064468,0.22857383224135897
3930178,ef54e97c-a088-419d-9962-c6d13b6257b8,Italy,Federico Dimarco,1,193.65961529497412,0.47557008689519176
3930178,dce0821a-1e3e-4e91-800b-7b73fd71caea,Italy,Nicolò Barella,1,324.38547865912005,0.3325146833224916
3930178,0942c218-79d0-4fa4-967f-40d3a1a97e05,Italy,Jorge Luiz Frello Filho,1,384.9167173030646,0.2188741368598049
3930178,53857f9b-2fb9-42f4-bd58-778c24e013aa,Italy,Lorenzo Pellegrini,1,344.92411920830705,0.4155600314165475
3930178,5d72539f-982c-485f-8403-8cd725421476,Italy,Federico Dimarco,1,212.32296955598082,0.765040999053795
3930178,8c4894d8-d5a4-416c-9a76-766ab5b302ab,Italy,Lorenzo Pellegrini,1,215.78371257781703,0.5667890772253684
3930178,21b18217-e370-4e4a-9603-6a38c7c07966,Italy,Giacomo Raspadori,1,225.50938683695512,0.5331207790718058
3930178,e5a731ba-9237-4562-9467-a7a81cb23ce6,Croatia,Joško Gvardiol,1,1178.5377501360058,0.058422127247873865
3930178,ef64b221-771b-486d-bcf4-cf4c4d6934bf,Croatia,Josip Stanišić,1,754.4768523930928,0.06260557035643215
3930178,7d97fa41-f5d1-4f7a-9eb3-c748e36875ce,Croatia,Josip Šutalo,1,699.0975793209245,0.05900639498990584
3930178,910afa76-97ba-434f-99a8-71c53761d911,Italy,Jorge Luiz Frello Filho,1,507.5369481557699,0.1294981590811827
3930178,055251a0-4b4f-4bf9-974f-66b4e135d7ad,Italy,Nicolò Barella,1,505.52294439030163,0.13032748115800502
3930178,e443cb5e-0c32-48b5-8412-16bcaa138015,Italy,Jorge Luiz Frello Filho,1,548.5264146444667,0.11920832155978997
3930178,f049ceaa-77de-4b08-bbfc-a72a803bc366,Italy,Alessandro Bastoni,1,664.7659157060415,0.10996462633940193
3930178,5054b9ab-cfa0-45f2-972f-fec525e7ad1d,Italy,Nicolò Barella,1,643.596778501771,0.1173939829063055
3930178,d53b2ea8-1102-4b27-ba3b-a1952e71f0e1,Italy,Matteo Darmian,1,665.9710995447574,0.08568562102536374
3930178,8b92f2c6-8c13-4479-8dd9-27e3553bacff,Italy,Giacomo Raspadori,1,322.51241130906476,0.09617131410367742
3930178,07cc7a31-0344-472a-aad5-75cad1d8e05d,Italy,Giacomo Raspadori,1,517.8547700630395,0.112937411781138
3930178,61e704e4-aa82-4b40-b9ff-c6fe26af79cb,Italy,Giovanni Di Lorenzo,1,532.8967070023713,0.10560211847110042
3930178,2fbbceae-504a-4ec0-bccc-a6a5d15f1a6d,Croatia,Mateo Kovačić,1,227.4591552834467,0.06663352323797117
3930178,7fa11734-da3a-44aa-a8b3-ab9ee3d1401a,Croatia,Luka Modrić,1,444.10509892478285,0.06986078311478501
3930178,66e4f916-b55e-412a-9ceb-c79c3f7beec5,Italy,Alessandro Bastoni,1,514.9391603866179,0.10849577164236156
3930178,2a51c372-6bcc-4866-986e-1180cc0fb182,Italy,Lorenzo Pellegrini,1,455.38922251076093,0.12263432092565346
3930178,822672c2-412e-47ad-aa3d-26802a61f5bd,Italy,Jorge Luiz Frello Filho,1,430.83595792139755,0.12244954716551006
3930178,4cb68de6-c247-44c7-a33e-3d3b0038d09f,Italy,Nicolò Barella,1,415.6142755891108,0.13368354148158956
3930178,85e365b3-5e72-41e4-bf84-1e861ce668ee,Italy,Riccardo Calafiori,1,560.6623181640567,0.09309162808435598
3930178,e3298535-26a8-45ca-9ada-03a391c86e0b,Italy,Federico Dimarco,1,639.0346179649526,0.08183887221852816
3930178,6df71090-c6d7-4f33-8699-f7eaaf2c3adc,Italy,Riccardo Calafiori,1,517.0560442649648,0.08181976036766973
3930178,6e7f40dc-7796-4a38-85f1-8690f46a8f59,Italy,Jorge Luiz Frello Filho,1,476.43280487696677,0.09830828995400985
3930178,755da95b-8282-4351-8916-9f0f165e4dd8,Italy,Matteo Darmian,1,546.4001287968624,0.11097370765250195
3930178,30b15474-2338-4fab-991e-abec092a8d9a,Italy,Alessandro Bastoni,1,618.3979261243333,0.11441176609086733
3930178,a46e637a-6aa1-487a-af9a-c136b7247eca,Italy,Nicolò Barella,1,612.4338398932302,0.1136571058594449
3930178,c18daf76-fa87-4bf4-b6b1-b5d0ece3cd63,Italy,Jorge Luiz Frello Filho,1,500.5297216427159,0.11855530848953903
3930178,15aa0e2a-ad9e-43e6-8d1f-cc6f8df105e3,Italy,Giovanni Di Lorenzo,1,380.2254928450563,0.11052323364127353
3930178,205f7515-470e-4344-bb6b-bf9dd5ca2743,Italy,Jorge Luiz Frello Filho,1,445.59299526858973,0.11903271909834327
3930178,1f11dc24-53ed-4e83-8ed6-9bceb6a82765,Italy,Nicolò Barella,1,379.9367667098209,0.14877997341094618
3930178,841120ed-5369-4466-b2b9-e8130f51d829,Italy,Jorge Luiz Frello Filho,1,402.5618098005323,0.14213120758167072
3930178,93278407-cee7-4fe2-b505-d719a014bddf,Croatia,Josip Šutalo,1,671.0270078604376,0.05214137658841255
3930178,89c75b95-80e1-4442-92f5-dacd8f0c917b,Italy,Federico Dimarco,1,169.69434694714403,0.6150240546251741
3930178,88c803c6-6ee8-48c0-8d15-bbae7e9ea4bb,Italy,Giacomo Raspadori,1,151.91876234891663,0.6204562139930458
3930178,48944d52-b6bd-47d0-8d47-b730644fae98,Italy,Nicolò Barella,1,180.51873554262374,0.5214129567162227
3930178,442091aa-6378-4a63-b4db-97c77823ad97,Italy,Lorenzo Pellegrini,1,165.84647069191806,0.8992508316475286
3930178,fb853f2b-506c-4bba-bbca-1e4541f6272a,Italy,Lorenzo Pellegrini,1,227.51490029237135,0.3169947142147677
3930178,160f08ed-feec-4020-8bbd-17ca415efaee,Croatia,Josip Stanišić,1,308.9627006101571,0.06409085937375233
3930178,f9c826aa-204c-475d-9d20-e3e25ec1d61c,Croatia,Marcelo Brozović,1,296.6100547866129,0.055039304480567736
3930178,2a52778e-45f9-4d74-8134-6bfd67b1ca6c,Croatia,Luka Modrić,1,499.3389368868559,0.07833263052287272
3930178,9b0d550a-6635-4667-957c-2f397fcef059,Croatia,Joško Gvardiol,1,707.3747599412943,0.06251730474340764
3930178,73516ee5-0c5f-485a-a698-9d9aac707b95,Croatia,Marin Pongracic,1,861.3077777659192,0.06158339164836429
3930178,760514bf-ba78-4710-ab86-515cd7b52270,Croatia,Josip Šutalo,1,796.9643843210348,0.04938248016995961
3930178,dba76990-2cec-4d2e-bbf4-29c3cc363478,Italy,Lorenzo Pellegrini,1,893.9964964769745,0.14533907524865358
3930178,09bb232b-1b47-4c6a-be07-3fd921a36569,Croatia,Andrej Kramarić,1,710.4538358403609,0.10412811403564991
3930178,a8294305-2736-4e79-b533-bd82e98cadce,Croatia,Mateo Kovačić,1,686.0002179450819,0.12070449099847529
3930178,235be2e5-2197-4962-9cf7-e98cc461fd16,Croatia,Joško Gvardiol,1,638.3599828938078,0.1512136411735864
3930178,4662c201-73e8-439a-9e16-ff889e6ebe96,Croatia,Mateo Kovačić,1,897.8633237805527,0.1714805451232681
3930178,8c4b630b-f5b5-4564-8c8a-5af9683e380e,Croatia,Luka Modrić,1,481.7546506942141,0.14337711591909028
3930178,32589d21-0308-4abd-a271-e831c03977de,Croatia,Mateo Kovačić,1,408.1119160727262,0.15841614421778724
3930178,de4b2083-f643-476c-8997-67af6c477cd7,Croatia,Josip Stanišić,1,470.0898157584249,0.1263995899762893
3930178,7356f2c7-67ac-41ae-813d-44feecff3e81,Croatia,Josip Šutalo,1,459.7427660271408,0.0975748525616941
3930178,d683a64c-2cda-4ead-baa5-8eddb467c944,Croatia,Joško Gvardiol,1,761.7177361231641,0.09155639481058911
3930178,28c03d83-4fd5-4fcc-8215-da266f0ec82c,Italy,Alessandro Bastoni,1,289.4137331475624,0.05731573283269247
3930178,ec48613e-042c-45cf-a588-4d20d9602be7,Italy,Gianluigi Donnarumma,1,359.1142082956915,0.05924012969646261
3930178,e09fb0a1-4ff7-4acc-9905-fadf5db4df16,Croatia,Marin Pongracic,1,606.2425427237745,0.20984697535704963
3930178,1add355a-cd76-4104-93a0-b01af2a0e847,Croatia,Andrej Kramarić,1,576.603748838385,0.30914609172835117
3930178,dd9aa962-bda6-4531-94bd-e4de03978ef4,Croatia,Joško Gvardiol,1,507.90136296236784,0.13051837253575724
3930178,17167288-3186-473d-a1dd-64d33693ab63,Croatia,Luka Modrić,1,470.71753490010406,0.13928797073970153
3930178,d484f44c-9d7d-42b4-8501-ca062a09b11f,Croatia,Joško Gvardiol,1,503.893147885999,0.13066616550132407
3930178,11f92ad9-e68a-4f1e-bd7b-244e2be17027,Croatia,Dominik Livaković,1,493.755707284285,0.08215789101480042
3930178,91b2d8a4-e02f-4315-b9a4-b060b9b0c47f,Croatia,Marcelo Brozović,1,646.9845197834708,0.11572686524754608
3930178,82031162-94d1-4aa2-a85d-f398a45fec20,Croatia,Josip Šutalo,1,540.3931472613626,0.10382434204485852
3930178,5081d9c3-062c-47a8-90f4-0ac7bb531cfb,Croatia,Luka Modrić,1,533.6484763702324,0.10228237917708592
3930178,ecd0f21e-7805-46a7-a8fb-ea49053006fc,Croatia,Joško Gvardiol,1,536.1518588597116,0.0950690660966191
3930178,abe6f4e4-dcdb-4dbf-952f-9e1ff9f70ceb,Croatia,Mateo Kovačić,1,551.1250074099103,0.12416685693873528
3930178,cb707641-e5ef-4c55-85cd-c7bc9b3719f5,Croatia,Luka Sučić,1,497.5904692202514,0.11355739897891667
3930178,f3059bfb-e555-4a03-8522-00f77d2911d0,Croatia,Joško Gvardiol,1,515.0595650651799,0.10732831496543874
3930178,51c4b290-a56e-4e71-9cff-0940ea0e553e,Croatia,Mateo Kovačić,1,535.1326529902826,0.1189855772409975
3930178,5fe0713d-5b84-40fb-9ea2-b35be28e094e,Croatia,Josip Šutalo,1,502.72545606796086,0.1067844546861124
3930178,1ef4f9f1-3a25-4a82-ada1-4b9713525d51,Croatia,Marcelo Brozović,1,487.93066424103614,0.1282708872180001
3930178,5a7f46ac-a681-4de6-8e90-452f0680517f,Croatia,Mateo Kovačić,1,378.7134109385161,0.14153328499821274
3930178,8876b665-f281-4c7d-934e-a1f2edcb9a5b,Croatia,Luka Modrić,1,451.8563531471535,0.19916317951630425
3930178,f5badac7-3f3c-4b3e-8670-53a504da3047,Croatia,Luka Sučić,1,318.85939918628094,0.24784018635328486
3930178,2d817f21-a5eb-4fdd-9190-1e978a98bc83,Croatia,Andrej Kramarić,1,318.92268077369863,0.23172496213118662
3930178,3107f226-f6df-43a1-bedf-23dc8b0908c7,Croatia,Luka Modrić,1,329.3910607653552,0.2281611677384895
3930178,6772210f-163c-4231-ae85-ca28e3e0837c,Croatia,Luka Sučić,1,402.69450403600945,0.2364926249468658
3930178,253a4460-442a-4442-a59c-89356d560eee,Croatia,Luka Modrić,1,495.90633977410477,0.19994208758178905
3930178,771a90cd-50b1-47a0-bab1-c3d130deda89,Croatia,Josip Stanišić,1,532.5665606864776,0.20329080533638783
3930178,a80d8bc5-1e0d-48ea-98bc-295eba7b9e95,Croatia,Luka Modrić,1,344.84907097436354,0.21145219437535173
3930178,9aac36ce-fc06-4825-bb00-8d809f70437f,Croatia,Luka Sučić,1,326.9677081544067,0.17422296357220832
3930178,c8d8b5b7-a0c5-4d66-81a9-9da6372e4b06,Croatia,Josip Šutalo,1,393.8187544567379,0.1132767043878062
3930178,1c5d6f9b-a028-492d-8769-b415725b3e7c,Croatia,Marin Pongracic,1,608.3649454100466,0.14080497703483902
3930178,d1d5876c-8373-4b74-af84-204eb0d26a5a,Croatia,Joško Gvardiol,1,679.9513209916884,0.1249523300914911
3930178,3771abc9-3214-4378-a057-2bbc36b3db9d,Croatia,Andrej Kramarić,1,327.03146071983286,0.1927062988754419
3930178,56986e94-6689-401a-810b-f5e4d0efa21d,Croatia,Joško Gvardiol,1,332.8379171278355,0.2530513796796579
3930178,6ee6e3cf-6cdd-40ca-89ca-ef2eadb0cedc,Croatia,Luka Sučić,1,243.86116248098853,0.4962412380688481
3930178,f02512e3-87bb-467b-89f7-80d1aed40fbe,Croatia,Luka Modrić,1,136.66240139692604,0.573091770803259
3930178,58b5f884-ceeb-40c5-8b38-345696aab23c,Croatia,Josip Šutalo,1,251.4483641038072,0.4682470254046534
3930178,f7eaef91-6083-4e9a-acd4-8435e567e767,Croatia,Mateo Kovačić,1,321.98598601256697,0.3335946705632134
3930178,fc1cb6e1-c40c-4aaf-bcea-f88ebccd3b5d,Croatia,Josip Šutalo,1,360.4684763449117,0.3258283966698948
3930178,bfb951eb-a6c5-49ab-91d6-f180e6d3e76f,Croatia,Marin Pongracic,1,415.08997278204765,0.27692685459594757
3930178,6128cf2b-4ea1-4d34-add2-30cf24d775ea,Croatia,Luka Sučić,1,307.24321436599666,0.22433158729867933
3930178,aa656db1-077c-434b-9f2e-4824ce92064c,Croatia,Andrej Kramarić,1,164.77952045901424,0.44375699968017635
3930178,cebc6791-3d1c-4295-ae52-2644db137dbf,Croatia,Josip Stanišić,1,296.30892741536536,0.25869148050078267
3930178,2a73af7f-5a5a-4820-a45d-f610c1e8033a,Croatia,Luka Modrić,1,358.8221210950409,0.24392113196844742
3930178,5ed20682-ff49-4b0a-8476-ab560a935b38,Croatia,Josip Stanišić,1,317.5892633209889,0.2201449783981131
3930178,d6693fcf-2e85-4b23-a192-0fb2b23eccd2,Croatia,Marcelo Brozović,1,352.70876369535745,0.21186068880585965
3930178,f941d457-5314-4201-9955-350801116309,Croatia,Josip Stanišić,1,385.3852454014135,0.2086245638168236
3930178,5abaf369-3026-4d1f-908b-dbc6f3e21429,Croatia,Marcelo Brozović,1,405.4021821781581,0.17339394942777264
3930178,bb9cc258-a23b-4cd7-a65d-594fcafd9af2,Croatia,Marin Pongracic,1,509.28025061620986,0.18265890129970835
3930178,9bf13275-ca65-45b6-9db8-97265a6a08ad,Croatia,Joško Gvardiol,1,722.3200860256796,0.14537453915508922
3930178,1052cd8b-84b3-4a74-8c96-08a4b37b7d6f,Croatia,Mateo Kovačić,1,534.2880033223972,0.13780364586788846
3930178,2d49cee4-b2c4-4bf4-81b3-532aa81f1612,Croatia,Marin Pongracic,1,544.2662703826636,0.12748223723131072
3930178,5034d0c9-3643-4c7d-84e6-020039da85d7,Croatia,Luka Sučić,1,552.4765523618397,0.13782884780760368
3930178,6f7cbb20-b439-4a73-aa20-c1db45f949a9,Croatia,Mario Pašalić,1,296.6205495605757,0.10183872519521067
3930178,b2e4e260-72d0-42b0-a101-7777ccababf6,Italy,Nicolò Barella,1,519.9735596896714,0.06626851610503454
3930178,42255602-36ec-4bfb-a6e1-183b3e753b29,Italy,Giovanni Di Lorenzo,1,468.95871777096016,0.06669732574420176
3930178,2191aeab-3a0f-4112-b350-8ea674e70fa7,Italy,Giacomo Raspadori,1,547.7668360859082,0.06597635060435547
3930178,dd32f821-c2e9-4d8a-891d-c5df2cf38e7a,Croatia,Josip Stanišić,1,512.842762030112,0.10053736075210991
3930178,dfbe4470-ead6-4aba-abc6-fba5fb99a645,Croatia,Josip Šutalo,1,468.07489043874074,0.08530230916969701
3930178,6677202d-a23f-42ce-953e-0579a04915a4,Croatia,Josip Stanišić,1,496.26076656658387,0.08935332423691728
3930178,ac079ee2-64a3-478b-a859-3177bdb58375,Croatia,Josip Šutalo,1,493.1259002617909,0.08856989299913297
3930178,d0d85c45-81c9-4fa6-954d-4b7b4b8f9e9c,Croatia,Joško Gvardiol,1,621.4877436292126,0.07461133393567164
3930178,68932207-3ae9-441d-8706-a6c94b1ddb87,Croatia,Josip Šutalo,1,667.8175041722426,0.08666976925247175
3930178,144c9a1e-2d14-49ed-a58f-abf9bdf8113f,Croatia,Marcelo Brozović,1,609.6393539432611,0.0911860765998145
3930178,784e65b5-85c0-41ea-8ac5-86db82aa9e16,Croatia,Mateo Kovačić,1,514.893377777284,0.09810544562589996
3930178,89359248-1d95-40da-8d58-965a0592580f,Croatia,Marcelo Brozović,1,578.8999071741398,0.09188145737034703
3930178,eb3c6bd7-8b8a-4d78-8c13-b6a924a610bd,Croatia,Luka Modrić,1,644.1495307931054,0.07509683054077416
3930178,56d708b8-fb7b-4a19-a99f-48b4f4fab603,Italy,Jorge Luiz Frello Filho,1,543.5829900008973,0.053579244553806644
3930178,ca8fcc3e-d460-4b73-ba01-ac924aab506e,Italy,Federico Dimarco,1,506.11083632189894,0.052044126808635884
3930178,2eb829e4-6301-48e6-bf14-157c49c9c23d,Croatia,Marin Pongracic,1,849.9116758757166,0.14099197717627626
3930178,a0b42a8d-c32c-496c-bc18-02621f8875db,Croatia,Joško Gvardiol,1,612.247013482286,0.13276052567080893
3930178,01129629-7b29-4e48-97fa-1c0f5572388f,Croatia,Marcelo Brozović,1,417.8205285201583,0.1340444163209646
3930178,26232c47-c383-4199-9b9e-9634aac62c15,Croatia,Luka Modrić,1,237.94338124759747,0.16585171513036687
3930178,62c67242-fc5e-41ec-94c9-bc0143ac9628,Croatia,Luka Sučić,1,281.30979826862813,0.2941631024300134
3930178,9024a188-86f1-4554-98da-9f55ea9d7d5e,Croatia,Luka Sučić,1,315.65751087476406,0.28611719353645165
3930178,2f8cc5a5-9e94-4691-8a63-50500990d2ca,Croatia,Josip Stanišić,1,279.2339421693026,0.22278760574342987
3930178,38db41e2-d6b9-483a-b657-c6d9b2259122,Croatia,Marcelo Brozović,1,326.1390185044131,0.21496487269660192
3930178,0f89b474-6f59-4cbb-9f5d-45a8d5d755ee,Italy,Federico Dimarco,1,432.84420583217116,0.06732877941281062
3930178,c5501217-f4ce-4278-a8ea-3860aa30f032,Italy,Jorge Luiz Frello Filho,1,491.1445865355951,0.06258086090046559
3930178,4e69807b-0eeb-4a3b-982f-fb3859297030,Italy,Federico Dimarco,1,508.2073317734669,0.06469625970033913
3930178,069c5a91-b54a-489c-8e32-40765420be7a,Italy,Riccardo Calafiori,1,717.793143220793,0.05466882361088943
3930178,2a44fd10-2e11-4fab-881d-0b1465409b7f,Italy,Matteo Darmian,1,425.6493996972058,0.048220240056160484
3930178,f4b73ed4-3af4-4a02-a8f8-5e83bb57f48d,Italy,Matteo Darmian,1,392.1883261243587,0.059859783386962434
3930178,0b12d405-e220-4a73-9ac7-ba2a476148ca,Italy,Alessandro Bastoni,1,724.6653908420784,0.0675108472778328
3930178,476ec1c1-4553-4b09-a3a3-cd7cab9f5365,Italy,Jorge Luiz Frello Filho,1,688.970293046578,0.07677671453526508
3930178,2af76c4c-a85c-4f46-bb8d-2b77e5078904,Italy,Jorge Luiz Frello Filho,1,487.92375769582424,0.1293452515300747
3930178,85309c40-7846-4f21-b4f5-2d36e00a5a01,Italy,Nicolò Barella,1,462.4260067357192,0.11995641695452364
3930178,9bd05138-af80-43a6-975a-052cc2db453c,Italy,Matteo Darmian,1,475.1528815989333,0.1293749685546533
3930178,6bbe521d-90c4-4084-ad69-10fe4167ca34,Italy,Nicolò Barella,1,556.5537904150945,0.11767665199593164
3930178,578566ae-ec3e-4233-8538-e1d9e5bd9104,Italy,Matteo Darmian,1,570.7565153569161,0.10389296387865173
3930178,b14e262d-916b-4b16-ae4a-3ccdfce28a3d,Italy,Jorge Luiz Frello Filho,1,584.6608523487657,0.1094967544725363
3930178,88b7d307-086d-4c8c-8770-4b9fd32c3ccf,Italy,Giovanni Di Lorenzo,1,563.8618084601213,0.07661839094426721
3930178,edcc9b2a-1d37-4474-9306-d35c4333b84f,Italy,Giovanni Di Lorenzo,1,447.05846240152084,0.09478213068146274
3930178,1cecd88f-5c17-4c4d-9bcd-2acbfd53e12b,Italy,Matteo Darmian,1,579.3403670210035,0.08976460327388355
3930178,a3ea7294-232a-40dd-b628-eddd76b3a044,Italy,Alessandro Bastoni,1,478.5429789664697,0.12322428011293292
3930178,973c0992-7748-4abe-afb1-0ee06ec8c3db,Italy,Jorge Luiz Frello Filho,1,441.65261757886327,0.12212131633507377
3930178,35d15669-9c15-4a45-b620-e1d455c841bc,Italy,Matteo Darmian,1,479.62938314284173,0.11175582402274699
3930178,62bdd7ea-891b-489c-bf1e-6c852d306771,Italy,Nicolò Barella,1,458.2972820233273,0.11004478865835002
3930178,16aebdbf-a9e1-40b5-b103-c68f377a99bf,Croatia,Marin Pongracic,1,804.4166145175384,0.11576995257922057
3930178,a807c8f5-12df-46f3-aacc-a9af16c2ecde,Italy,Giovanni Di Lorenzo,1,788.751900007592,0.08302500503555162
3930178,f368cb80-1df7-402a-a570-8337ad123b2b,Italy,Giacomo Raspadori,1,295.47916294741145,0.13726023521243108
3930178,a18840e3-2993-4adc-84a4-1daaef9325ac,Italy,Riccardo Calafiori,1,444.0612211827032,0.14531875576526418
3930178,270edff6-6de4-4f0f-901a-f4806e1a1849,Croatia,Marcelo Brozović,1,959.4701295800289,0.06267541431050225
3930178,e8243396-b93a-4c57-874f-d54b24e7e2a8,Croatia,Marin Pongracic,1,787.9322145649935,0.06155596355822019
3930178,8b0ac5c0-7d16-4557-b69f-1779e9647293,Croatia,Josip Šutalo,1,913.8213962297842,0.05346325924033517
3930178,1d4d61f5-b6ce-4465-a210-ac324c49a907,Italy,Jorge Luiz Frello Filho,1,587.3475243226573,0.06935662286601524
3930178,eb089782-485f-4772-9194-2f56e4ceaa7d,Italy,Gianluigi Donnarumma,1,865.6561204056846,0.07278362583548782
3930178,925f3789-089d-4d4a-80d2-99d2093302e9,Italy,Giovanni Di Lorenzo,1,937.1614598041629,0.06210629216129734
3930178,4a5b0128-b893-465a-95c1-c0fcfaca3f7a,Croatia,Mario Pašalić,1,459.04593884207696,0.19810878422656714
3930178,80f3b1f1-de4f-4559-a640-6f426f243351,Croatia,Luka Modrić,1,221.23630887430824,1.5179965288455706
3930178,97c5ffa4-275a-4121-a0a8-59107ed742ee,Croatia,Luka Sučić,1,253.928059008209,0.8461518675262513
3930178,080c0ae9-1b5b-479b-9f36-9f33af1f123d,Croatia,Luka Modrić,1,249.55371468150517,0.4651506622484973
3930178,529c7493-670a-43a2-9a81-51633b8c2fa8,Italy,Matteo Darmian,1,880.4034758834066,0.07078109167596178
3930178,0de0e3de-1b75-439a-bfd0-61695714a892,Italy,Mateo Retegui,1,326.01699163831677,0.08025221556737225
3930178,c51232ed-64a7-4299-9fe0-a8302bb23cee,Italy,Nicolò Barella,1,415.43421618412606,0.07243357065053102
3930178,59d82267-1d15-4785-9c53-8c59de6a7bea,Croatia,Marcelo Brozović,1,481.0272119648987,0.05994035960448084
3930178,cf19e224-28bb-4b8c-8444-253bff28bec4,Croatia,Mateo Kovačić,1,512.3727047403038,0.0758926743732271
3930178,75f83f87-7487-44a1-81ae-3c600f622e64,Croatia,Josip Stanišić,1,602.2888810225909,0.07184658432918894
3930178,cf88b45d-c379-48a2-9915-fc73761595c8,Croatia,Josip Šutalo,1,557.7744825590258,0.08733625211245699
3930178,ba101bd5-4350-46a0-bba2-b453183b4006,Croatia,Marin Pongracic,1,659.0229378381558,0.0978216127091251
3930178,63240f6e-7e53-4b32-a724-2c04a6773a3c,Croatia,Marin Pongracic,1,655.2169505025875,0.09286472309911134
3930178,24062bba-8b82-4e63-9305-de7ab739d498,Croatia,Marin Pongracic,1,579.766049695458,0.11317512894171816
3930178,69fe304b-c5d1-4019-92bc-0f9fe87a1c85,Croatia,Andrej Kramarić,1,539.7188572732543,0.1299173827730019
3930178,734871ee-b37e-4501-9909-4e85735e799c,Croatia,Marcelo Brozović,1,478.1042977701195,0.12056988264303188
3930178,7ab0a96c-d9e8-4fcb-8d44-c1098e302e1a,Croatia,Andrej Kramarić,1,475.46640934526386,0.14834296922074147
3930178,1e1cdd7d-550f-4bb2-9292-898593658b9d,Croatia,Luka Modrić,1,534.951354257222,0.14109751622086275
3930178,de86f2b9-8225-4a78-8761-e1e9065d8ffa,Croatia,Marcelo Brozović,1,341.44757061186726,0.21116573363820607
3930178,3a876ef6-c9ac-462f-991d-d7c4b2c0bc2f,Italy,Riccardo Calafiori,1,508.5724921031946,0.06741276530835112
3930178,71d40ea5-1d58-4ee5-9cec-c8ceb0d261d4,Italy,Federico Dimarco,1,446.9111342917099,0.06695610521837311
3930178,fe19dffa-0f96-4bb6-ac01-c33bbd30f2dd,Italy,Riccardo Calafiori,1,431.4576100937187,0.06509764935887537
3930178,40cb8f4f-4bfb-4e85-a321-8ffc1bdae1d1,Italy,Lorenzo Pellegrini,1,566.6947087378885,0.0671290390040663
3930178,1a27033f-2197-4554-87e7-f139ca11644c,Italy,Federico Dimarco,1,570.0755377146936,0.06851435705337047
3930178,2b4d4217-8478-4da7-b806-29b3ccab2e20,Italy,Riccardo Calafiori,1,665.6101869171483,0.07074420544089868
3930178,17ea8e3a-19f3-44a0-925e-db15f9f18cfa,Italy,Giacomo Raspadori,1,727.6274383205434,0.052488713948216574
3930178,e4d526e7-5471-4ce5-9b89-3bfd6d26cbc4,Italy,Lorenzo Pellegrini,1,695.3025156394059,0.0593536752771347
3930178,63ca829c-6f90-4c46-a931-c329e95a8d90,Croatia,Joško Gvardiol,1,92.97967608700512,0.07247843987065275
3930178,8d32ec5e-b008-48ab-9251-48349d9e953a,Croatia,Dominik Livaković,1,156.2942471112654,0.07140834823262412
3930178,db086314-adbb-43a0-b91b-0e0c259a91ea,Croatia,Marcelo Brozović,1,591.1145634087369,0.07421037050215669
3930178,aac0da2a-2a82-4c08-8783-68be3eb307ec,Croatia,Josip Stanišić,1,590.1306559469774,0.08076283147095159
3930178,bf643b2f-3a4d-4a8f-9102-08a3f7dc7c5c,Croatia,Josip Stanišić,1,616.1519998871429,0.08214386318161879
3930178,f50445ff-490a-4591-a4c5-d28934f630af,Croatia,Luka Modrić,1,722.2462183152121,0.07910760817155976
3930178,9d86d821-c1e7-4b51-9329-fe981c647c86,Croatia,Marcelo Brozović,1,744.9958512683902,0.09055019777373464
3930178,476ba4b7-a4f9-450e-b165-a9f21b9dfd8b,Italy,Lorenzo Pellegrini,1,1170.3063874241284,0.11418673031898144
3930178,c606492a-3b0a-489d-85b5-30c57122630c,Italy,Jorge Luiz Frello Filho,1,1020.2693881387775,0.10038353682168061
3930178,ec28f726-1562-4b54-a44d-1e6d4df88838,Italy,Nicolò Barella,1,776.122486869084,0.1170049882471981
3930178,64bb4b14-e7d1-4d75-8b5c-f40cfbe66c85,Italy,Riccardo Calafiori,1,554.6121146658681,0.12034467121650158
3930178,a2481949-427e-413f-b691-185812e50d78,Italy,Alessandro Bastoni,1,459.0432150272551,0.11530836175913445
3930178,8dcdb725-075e-4e78-9886-954a17806ba9,Italy,Nicolò Barella,1,446.48538590881634,0.11701054315595481
3930178,8eb5fd45-a2b4-4290-bfe1-58053ef85109,Italy,Jorge Luiz Frello Filho,1,430.353372521335,0.13641319002373425
3930178,879ff4dc-9052-43c1-be38-e4f3d03050af,Croatia,Josip Stanišić,1,483.0027650540673,0.061762728487043506
3930178,80e29ee4-7aaa-4e27-9d5c-ff5a00a190b7,Italy,Jorge Luiz Frello Filho,1,887.5689199528979,0.15448201015676044
3930178,2262a2dc-1f9d-46b7-95be-ce61391fa3b2,Croatia,Marcelo Brozović,1,412.35656445441674,0.07749511077334711
3930178,99ded5a2-8695-4a18-abca-79fd7b200246,Croatia,Dominik Livaković,1,432.3132198081698,0.07202256913223153
3930178,f79b32eb-9b05-474f-a789-d704033c9928,Croatia,Marin Pongracic,1,780.0738392579816,0.08435727445977818
3930178,fbeb785b-5028-4629-89b4-aced6cae69a6,Croatia,Mateo Kovačić,1,730.08039330574,0.09069543695852259
3930178,51508177-af72-4188-a608-f766a7496e5c,Croatia,Marin Pongracic,1,645.882098825975,0.09490167190319677
3930178,8ae8cd79-4c0b-42d3-a4f8-09274c282307,Croatia,Josip Šutalo,1,588.6358637443066,0.08142819007663382
3930178,474baee7-85b3-4eb6-a189-6e59225adc04,Croatia,Josip Stanišić,1,665.1875383267458,0.09338769252492617
3930178,c82f8078-1a6d-455c-ac96-dd01328dd273,Croatia,Marin Pongracic,1,603.434715297543,0.05367242972977025
3930178,23febbd3-98e7-483d-ab2a-796fd3ae7a68,Croatia,Mateo Kovačić,1,241.6864364683579,0.057418285821205006
3930178,fe00e1f5-98bd-4b90-bbe7-1f1a87fbc6da,Croatia,Joško Gvardiol,1,470.15617890322096,0.06506130605235116
3930178,b9655d34-4f21-4191-90e5-a5ced4068a1c,Italy,Alessandro Bastoni,1,570.6025556496431,0.10761786613648044
3930178,66eadbbc-9cf1-4cb6-91a6-b53ce15c1af3,Italy,Federico Dimarco,1,485.0733850543562,0.08448873147602555
3930178,151dcf7d-c35f-41c1-8aa9-63c8bcaac4db,Italy,Gianluigi Donnarumma,1,1082.5152779101982,0.07189426082535658
3930178,d1549e77-29cb-4917-953d-a722e14b31d6,Italy,Matteo Darmian,1,495.07732644675644,0.10627539311512303
3930178,eb221a94-1f1a-481e-808d-008c48cf2a93,Italy,Alessandro Bastoni,1,595.1835932593222,0.09017695054527394
3930178,6dba5fba-4656-4ad8-a311-7408051bc607,Croatia,Joško Gvardiol,1,686.3438042199849,0.09915092333559422
3930178,133cc3e7-b5c8-4e4c-8320-30c62fda3bb3,Croatia,Marcelo Brozović,1,483.1588771078053,0.09732098655717483
3930178,e6d1bc6e-4ce1-43b2-97dd-9c339e54a384,Croatia,Luka Modrić,1,491.5134756724726,0.09663722210007555
3930178,17fd64c8-57d2-409c-adf6-7bf30bf1fdb0,Croatia,Josip Šutalo,1,547.0241407852859,0.09064216350997933
3930178,c0594a8d-238c-4d75-94db-0af2aaacf2e2,Croatia,Luka Modrić,1,687.7562334967962,0.09141649391552523
3930178,9fb4f595-36d3-4ccf-adc6-c5cc35163619,Croatia,Andrej Kramarić,1,604.8646688248726,0.09665918762870117
3930178,6d33d909-2ef5-4728-bf37-1cf199582ed4,Croatia,Marcelo Brozović,1,387.2063531296695,0.17076320987689272
3930178,951ade90-49db-4d28-81a7-8bcc232c450e,Croatia,Luka Modrić,1,338.9414015718252,0.32151541451653975
3930178,59d64bba-2f20-4fdf-9c2a-12b16556d40f,Italy,Mateo Retegui,1,341.1267825189865,0.066938512206782
3930178,6413cd24-df4d-4fcb-b07a-b6554ca45dc2,Italy,Jorge Luiz Frello Filho,1,572.1345263891159,0.06773863567624724
3930178,6f5f5ebe-1ff5-4fc7-8ecf-077de475badb,Italy,Lorenzo Pellegrini,1,464.8456773862879,0.0682795450522223
3930178,7fc3b491-91d2-43f9-ad7b-0ceca0e3ba00,Italy,Federico Dimarco,1,607.3554737159897,0.06357941902998239
3930178,8858b280-df7f-4c00-8b34-22aaad7def0f,Italy,Federico Dimarco,1,603.7042759469082,0.038754746574210824
3930178,ed907831-372d-4150-8034-9688ee47b8d6,Italy,Jorge Luiz Frello Filho,1,658.2792091027151,0.0394419950788484
3930178,0625f598-78a3-4b69-99ff-2b8305e1d3d0,Italy,Federico Dimarco,1,692.0413570297436,0.03908856551566369
3930178,72b38bbc-7308-4c8b-8e52-b955545ac9f2,Italy,Jorge Luiz Frello Filho,1,720.5560955246324,0.046966321408038636
3930178,c681d2e6-8244-457d-afa4-11d6d451a5e7,Croatia,Luka Sučić,1,829.7066044224181,0.12323659817500812
3930178,99bf8c77-46bd-4d72-a072-d5aae421918a,Italy,Lorenzo Pellegrini,1,696.0721956508859,0.04924796408989837
3930178,e3de2805-2022-41a8-8257-3c9b77319994,Italy,Giacomo Raspadori,1,635.5901808684665,0.055934528988489954
3930178,077bfcd7-704b-4e82-a14b-6da72e3bc830,Italy,Giovanni Di Lorenzo,1,496.47631801327367,0.07179783072575645
3930178,07111380-8d6b-4b9e-b3c4-e26d7e1065fd,Italy,Matteo Darmian,1,550.3961052307171,0.11596969300093571
3930178,bace6396-9da0-40e5-9c13-d560f4244858,Italy,Jorge Luiz Frello Filho,1,497.63183725297114,0.11903323436870814
3930178,2274f720-de85-4c22-be27-93bd3c7cf154,Italy,Alessandro Bastoni,1,575.2623657848908,0.11016054214736416
3930178,9635f7a4-ef87-4ebf-8a7e-234f40b08859,Italy,Lorenzo Pellegrini,1,442.6178927105376,0.1296147092805565
3930178,194e17bc-1708-4ec6-a5dd-54017bddadd4,Italy,Alessandro Bastoni,1,541.5525674988329,0.10195827243596499
3930178,a76b32ae-dd54-4f6c-a83c-bc4d0e154574,Italy,Alessandro Bastoni,1,481.9667883183829,0.11904891746674573
3930178,90b521af-4dda-4e6e-998d-657d2b509a50,Italy,Lorenzo Pellegrini,1,409.2023802851792,0.12983617010487053
3930178,67c5d232-f576-401e-be52-f555e7b98c7e,Italy,Alessandro Bastoni,1,590.1714466405505,0.09885622194459158
3930178,cc46ed48-0f56-4f59-be44-223cd243aa14,Italy,Riccardo Calafiori,1,598.6294572350756,0.11987724637905983
3930178,e3d9f044-07a2-423c-958e-28e2aeb7c581,Italy,Jorge Luiz Frello Filho,1,470.8515180437102,0.11135679106763843
3930178,4735080d-411a-41ae-a7d5-29c5fe4caf32,Italy,Giovanni Di Lorenzo,1,434.1117658089218,0.09657490592749783
3930178,ccdcb6f0-777f-4ac9-a9ce-ac8ca6e7017c,Croatia,Josip Šutalo,1,650.6354030744377,0.0544879920379945
3930178,63db17f1-9b4e-45ee-a411-ad3dc15c6a74,Croatia,Josip Stanišić,1,556.0129821670055,0.05874447031802826
3930178,b6232bfb-8209-4c3c-926d-ade98f5136fe,Croatia,Marcelo Brozović,1,557.9544508025589,0.05122103574397764
3930178,0b1cc830-b8e4-479a-8314-90b8988c9ae6,Italy,Riccardo Calafiori,1,664.7021966142433,0.11312561706774751
3930178,1792959a-246c-4e51-98f9-f3c4d29717ef,Italy,Alessandro Bastoni,1,794.0142307742574,0.07971416220028049
3930178,4538368f-f855-4b58-884a-d5a9976f05e2,Croatia,Joško Gvardiol,1,604.9495523591177,0.10193889906741757
3930178,8a8501cb-0b72-42b7-b540-9b4be65c7d2b,Croatia,Josip Šutalo,1,506.787070028245,0.09970081749467084
3930178,e8e62be2-3f87-4ed6-8210-ba74ca795621,Croatia,Josip Stanišić,1,533.0819547971048,0.11198369756806578
3930178,e3e8c9ab-469f-4ae7-b1ed-071b7e646474,Croatia,Josip Šutalo,1,498.93512229746125,0.10410055317875294
3930178,2bad9fc2-1b77-4f7f-acf3-18da8cc2fe30,Croatia,Marin Pongracic,1,524.6562564002415,0.12637490807401092
3930178,090f3c05-03c8-4d23-912a-74b214a84be8,Croatia,Joško Gvardiol,1,532.8539189887155,0.1290642603573491
3930178,804bde84-e93b-44c4-a679-16eb5f6e1279,Croatia,Andrej Kramarić,1,440.65292202017406,0.13007779667504824
3930178,425102bc-b24f-455d-88a7-60cdeef5ca16,Croatia,Marin Pongracic,1,429.42615474867335,0.13949297837282817
3930178,4ec87a99-c29f-4727-8572-ec790c4e75a5,Croatia,Mario Pašalić,1,510.0350328183705,0.14289752075203407
3930178,d760d11d-fa2e-4c6e-a0fe-e2571646cb7f,Italy,Gianluigi Donnarumma,1,1076.4678608713461,0.07239920123790096
3930178,27596fbd-a474-4fd2-8bf0-24640f77402e,Italy,Nicolò Barella,2,514.719711159319,0.12616154339765237
3930178,91748966-3938-4b58-8c3e-8dd32bea4608,Italy,Riccardo Calafiori,2,614.8939449373037,0.12669503181184322
3930178,2c1f60ed-9be5-47c9-94a3-bab0c23f3223,Italy,Alessandro Bastoni,2,686.5353807792161,0.10246203398744373
3930178,a65937ec-bfea-4dc0-9f31-cb8c744349f8,Italy,Nicolò Barella,2,647.3136435319253,0.08792187622848606
3930178,aad903c7-289e-4d62-9348-1e964e56c1fc,Italy,Gianluigi Donnarumma,2,946.3244456133622,0.07194614422775276
3930178,094a1788-85c9-40c5-b9d8-6e51db08d70b,Croatia,Dominik Livaković,2,96.92239413609208,0.04590980301068379
3930178,cd00477c-b1a5-4b90-8604-26f0c3fc716f,Croatia,Andrej Kramarić,2,981.7236051402624,0.07874804647899417
3930178,d4656072-48a8-402a-8fab-a9519e2e05de,Croatia,Joško Gvardiol,2,869.953101287272,0.08922671792084953
3930178,1613ae1c-e332-4b78-9896-f2ee684b4827,Croatia,Marin Pongracic,2,603.3686697248046,0.08230807908956077
3930178,ad340b98-36c8-4f3f-86d0-a4254f11f8fe,Italy,Jorge Luiz Frello Filho,2,523.5252150715752,0.12518472050582957
3930178,906831a5-5d8a-4c9b-adbf-c847bb67f0c0,Italy,Mateo Retegui,2,346.09267620164707,0.12140265171655662
3930178,10d1789f-4d9e-4edc-b783-561d3a826b09,Croatia,Joško Gvardiol,2,541.6835920601067,0.08459352578294149
3930178,76e4506d-1a6b-432d-a65b-6a9bec1694de,Croatia,Marin Pongracic,2,342.47673194036116,0.05630330717589997
3930178,b4af6e39-46e5-4de9-8059-2e7f53d7ef4f,Croatia,Josip Šutalo,2,692.8146821022909,0.05828025293749807
3930178,e00dd3cd-559c-4586-a881-f92c8edfc565,Croatia,Josip Stanišić,2,761.2036001997549,0.07140636380333892
3930178,9f5bbe73-11e1-4e04-b44c-d2ebe64eead8,Croatia,Marcelo Brozović,2,719.0595364058834,0.08131922557911558
3930178,7729b1b0-4b9f-4a85-8252-05d26016830c,Croatia,Josip Stanišić,2,709.1027754669109,0.07941131810276997
3930178,9c09d5e2-e60a-4fa8-9023-ee6ec8da6baa,Italy,Riccardo Calafiori,2,1333.900828790022,0.14376794525362543
3930178,4a8e75df-1d8d-41e5-a4e7-c8613458aac8,Italy,Nicolò Barella,2,703.2470308199252,0.2166157900445578
3930178,ac59afe4-0c06-4aff-8900-d3a55935c763,Italy,Matteo Darmian,2,465.2034385086427,0.1388319814032865
3930178,1f84343e-13a1-4d1a-8bdc-be78d6ed3d03,Italy,Giacomo Raspadori,2,509.8666199163735,0.1688754990999281
3930178,664cb66a-59c7-4475-8ac9-0d2c48218329,Italy,Mateo Retegui,2,170.4041661609398,0.17441406039482513
3930178,f9e741f0-df1e-49bf-8828-7875e8f0056f,Italy,Riccardo Calafiori,2,540.9510194206648,0.24028768538995918
3930178,84664dcc-e6be-4102-adf3-cec8ca4a9e49,Italy,Nicolò Barella,2,448.50694487942087,0.28319447430300115
3930178,f3f22e83-95a6-4c27-83f8-4ced194ac70e,Italy,Jorge Luiz Frello Filho,2,451.31393670324405,0.22032499173721415
3930178,989d9c5a-9f32-4ac0-8164-f93a54b0b960,Italy,Alessandro Bastoni,2,619.9551316341108,0.21899556751526122
3930178,646badb8-077a-4205-9982-d26165bb5819,Italy,Matteo Darmian,2,512.8871227232845,0.16505462582694
3930178,af8f3d3e-38f8-4063-8dfa-6f9736ad0611,Croatia,Joško Gvardiol,2,155.4210015338624,0.08644823437395344
3930178,1ce8a618-ca80-4d4a-a9f7-a685c04c7bbe,Croatia,Ante Budimir,2,207.04673587199252,0.24560226248380718
3930178,96039b5a-0c18-4009-9c69-ba2c0d7ab424,Croatia,Luka Sučić,2,213.88863263006206,0.38065972353737987
3930178,dc3a3efe-86d4-4c15-adf4-a79d6934eea1,Croatia,Luka Modrić,2,167.8452709332384,0.2793297409326347
3930178,ae032c44-be3e-43d3-9ce1-795d84e420b9,Croatia,Josip Stanišić,2,263.2993369746354,0.2134263967242191
3930178,d37a11db-3abb-4d6c-bd1f-5610fb29bce4,Italy,Giovanni Di Lorenzo,2,457.6587668895265,0.05918645924100279
3930178,a5431216-bede-4836-a51c-c4d51baf1f70,Italy,Davide Frattesi,2,464.8086929610975,0.05491236141386201
3930178,74b105e3-f4e6-4e54-a29b-3b2ddce00340,Italy,Giovanni Di Lorenzo,2,460.57802132143496,0.059418537688222896
3930178,3ea61048-4ea5-4332-acc7-47525a0d5261,Italy,Davide Frattesi,2,420.0553767071027,0.06118479904738893
3930178,9c7a0d4c-9d47-4e78-be81-6152c7eb709d,Croatia,Luka Modrić,2,179.41645552949944,1.0792727141760927
3930178,0e02f4ad-8129-4e2f-bba9-3a3c4b892968,Croatia,Luka Modrić,2,202.77166457285023,0.3114027774990607
3930178,25bcc861-dff5-4a60-bfcf-64e1880f3d97,Croatia,Luka Modrić,2,352.5883952499301,0.1955102425319517
3930178,8fc1eafc-7588-43d1-abd9-04dadc8cf87b,Croatia,Andrej Kramarić,2,267.16520230160495,0.23835123217595805
3930178,070b6898-28f9-4346-9e53-f207a05bafb3,Croatia,Andrej Kramarić,2,180.19874999074324,0.3402193885958448
3930178,518ac432-0f1f-44a3-9c8e-e9f4ade08975,Croatia,Josip Stanišić,2,223.8061681294003,0.08365501426561027
3930178,80f4b5cb-262e-4ad4-a120-2fb6d670f2c8,Croatia,Marcelo Brozović,2,459.9301591421681,0.08256229014851767
3930178,0f7be1f7-046f-427e-98bd-aab852bec6c2,Croatia,Josip Šutalo,2,614.6363038712667,0.05627658486970229
3930178,8373260e-77eb-460c-97d0-db708490edbf,Croatia,Marin Pongracic,2,696.6147776408229,0.07977900806184415
3930178,0d473750-84b9-46fc-b167-398b954750d9,Croatia,Luka Sučić,2,595.7787469276383,0.08445720527508521
3930178,60fd7e6f-458e-4202-98d5-13b54b90d4cb,Croatia,Josip Stanišić,2,608.4225920095477,0.1242780899830338
3930178,1d48b40e-b596-404f-be1d-3c7b0901774a,Croatia,Luka Sučić,2,391.41220073924194,0.16485451420063257
3930178,06b6225e-010d-44bf-8087-f1ba174bd5bf,Croatia,Marin Pongracic,2,490.8371842699444,0.15263371409980162
3930178,c19a5be6-2eed-4a16-81a1-5aff86409c6c,Croatia,Josip Šutalo,2,519.4851815178463,0.10905156537398919
3930178,c6199e82-a910-4512-9d9c-315c8a76e56c,Croatia,Marcelo Brozović,2,640.037678774983,0.10517007821334948
3930178,ad54bd7e-84e9-483e-ac35-d4a9a6f3a5c4,Croatia,Josip Šutalo,2,535.8258220402339,0.10885941661788583
3930178,b6a1721e-1e3d-41fd-a6de-326eb293a69d,Croatia,Marin Pongracic,2,561.7869307457452,0.08447698171430319
3930178,69c0b89e-6ac0-48f1-a79c-61e130fe834c,Croatia,Andrej Kramarić,2,608.6013335344527,0.08767603847295469
3930178,76ab08a1-88aa-426d-9a13-35057742b335,Croatia,Josip Šutalo,2,635.5641424392886,0.06640691737444074
3930178,1f07973f-0c71-4529-ace5-90f7104c6885,Croatia,Marcelo Brozović,2,660.043536074207,0.08283946617480639
3930178,f1f38377-7549-41c9-b115-486e615b8a36,Croatia,Marcelo Brozović,2,593.9114145388055,0.10575562451038548
3930178,aa631b7d-4756-4264-9a8a-6b60bf05aa3f,Croatia,Mateo Kovačić,2,478.6239013015644,0.10923512775603615
3930178,8e58c3b7-173f-440f-a85b-d8fff3c20dae,Croatia,Marin Pongracic,2,476.2672995977617,0.10029506408570295
3930178,5a64787d-b8de-4312-bf11-512b54733df2,Croatia,Luka Modrić,2,766.1281787723251,0.08658661524576725
3930178,78886f0b-c08d-40ba-9b95-3966a3bccb82,Croatia,Josip Stanišić,2,757.5496130251945,0.08906530087938948
3930178,8f920034-1370-44eb-b61c-aaca1bc408ad,Croatia,Luka Modrić,2,700.3667927133189,0.09270752340731828
3930178,8f4a8578-f788-473e-84c9-5e398f9b8efa,Croatia,Josip Šutalo,2,658.7671227169843,0.11484519997486528
3930178,348c2d3c-4959-433f-a0d8-dbbb419f0ce1,Croatia,Josip Stanišić,2,558.8516436663133,0.0974760101383402
3930178,7bcd9e8d-476e-4802-8fcf-cb6f25a47811,Croatia,Luka Modrić,2,488.01255355806427,0.16460730848790553
3930178,b964aa29-7736-4a40-9d97-87b690b56f8c,Italy,Alessandro Bastoni,2,1190.224393530703,0.0600190247340529
3930178,325b2f3b-adfc-4824-9b93-4175f515d647,Croatia,Joško Gvardiol,2,1041.9935594830677,0.2139345800201825
3930178,ed9ebd7f-dd2b-465f-8369-fdca93ec4dd3,Croatia,Luka Modrić,2,825.23773664913,0.19179531359540603
3930178,af1a7e39-5982-4114-bc1f-6cf58c6a488d,Croatia,Andrej Kramarić,2,718.3861276028263,0.1846287570429615
3930178,f5d79926-3cfc-4bec-8958-6c47330cbd13,Croatia,Marin Pongracic,2,574.649448475327,0.13525656895353183
3930178,b75de951-f792-4ec1-91aa-1b6a431e6911,Croatia,Marcelo Brozović,2,787.3244377085858,0.12837268849712916
3930178,b0c81e1f-ceb1-436d-a0ea-510191821191,Croatia,Josip Stanišić,2,756.1819587926775,0.1262548257099592
3930178,bf8c2316-3632-48da-80a3-6831a9e77cce,Croatia,Josip Šutalo,2,592.8929700008656,0.19682569055114954
3930178,32f2656a-d93e-4d6a-87c4-887051469a37,Croatia,Marin Pongracic,2,479.3826895458713,0.14566295867899876
3930178,c678a873-d0f9-4cbc-a6b7-12dc47b7449b,Croatia,Andrej Kramarić,2,540.4539814651077,0.1331154986636231
3930178,0f057043-5904-4bc4-a971-2402b2757f3d,Croatia,Josip Stanišić,2,262.025693065051,0.12582578305622005
3930178,b4db9000-143f-43ee-bc0c-91815da75544,Croatia,Luka Sučić,2,487.7044365535277,0.1752634960898724
3930178,06972843-efca-41b5-b113-6ad63370bfd5,Italy,Jorge Luiz Frello Filho,2,513.6337327682683,0.11732242552350877
3930178,dd1d2305-2fe9-4e63-97d0-9a8a89e59a4d,Italy,Federico Chiesa,2,137.8995589171423,0.1850541513110513
3930178,7ed9c9d6-d482-4585-b88c-53af1b5969b6,Italy,Matteo Darmian,2,234.94379946861028,0.25081732073686563
3930178,967b8903-1abc-46b7-9a6c-d334d30841e4,Italy,Giacomo Raspadori,2,145.47031083815597,0.37214677393771806
3930178,95aa0d5d-de25-47f7-a965-83bcc467326e,Italy,Federico Chiesa,2,479.58691388281426,0.12435992391134164
3930178,07106caf-c19c-4224-b7db-4b49b94bf6d2,Italy,Jorge Luiz Frello Filho,2,745.4709619657662,0.07999642229037501
3930178,94cafe85-bc3c-48ee-93cd-1462031293cc,Italy,Giovanni Di Lorenzo,2,772.0140359837036,0.06699186844262425
3930178,2be4c463-4b92-42e8-a423-89cd27edc577,Italy,Nicolò Barella,2,606.915469145392,0.09724893830599071
3930178,53dcf034-f2e4-4ff9-82c6-0d22ac5f667b,Italy,Jorge Luiz Frello Filho,2,674.0899058423195,0.07205001612388244
3930178,316a0d63-ada5-4407-a062-c2219ce7c7b8,Italy,Federico Chiesa,2,651.2443664290982,0.08476182493393435
3930178,97bc5a1f-8aaa-4317-824e-bbfb7a8fa087,Italy,Giovanni Di Lorenzo,2,649.6587927421745,0.10467967755960067
3930178,5cb3e3d9-6100-447b-ae2b-84142172bdd6,Italy,Jorge Luiz Frello Filho,2,533.7916474294095,0.08238644574885472
3930178,0bcb74e3-173b-4876-a5c3-8b72a2ee3f88,Italy,Alessandro Bastoni,2,537.8723157386275,0.09648538521419048
3930178,6c63ff34-3a99-4c87-980d-eb612db81107,Italy,Jorge Luiz Frello Filho,2,504.62220892996396,0.1105235842934616
3930178,de1d5012-5a8a-481f-9230-1e4f4eb343d4,Italy,Alessandro Bastoni,2,547.8979765584938,0.09706038298257981
3930178,8385d602-65c3-4b3b-a36f-09f1d98c6353,Croatia,Josip Šutalo,2,1284.234536545506,0.07093996277713248
3930178,ee4c0c6b-e5af-4c28-99f1-d79f83edaae3,Croatia,Dominik Livaković,2,1274.75369486646,0.06935775027769421
3930178,5ceaa817-65e7-4fb0-a98a-2bbdded30445,Croatia,Marcelo Brozović,2,944.208168598538,0.07043763304324248
3930178,2f5e644a-4df8-46db-92b0-1c5198d7e4d0,Croatia,Josip Šutalo,2,650.3559547044808,0.0425750232456411
3930178,2f5fdd9c-104b-493f-b261-8edce5714e6a,Italy,Alessandro Bastoni,2,837.2229193874173,0.10704019063986113
3930178,898f6048-f5e9-45df-a27e-f4a8dad71d60,Italy,Nicolò Barella,2,578.2618148482161,0.10920926039948753
3930178,5f257f79-db2a-41cc-bc18-ab0aded69ac6,Italy,Alessandro Bastoni,2,542.4980713308272,0.11369167095537204
3930178,794da9b0-412d-4dde-9230-ad5260d11fcd,Italy,Alessandro Bastoni,2,543.5448926927029,0.1196903960978617
3930178,58c56d42-9296-46fd-a560-f5941634600b,Croatia,Marin Pongracic,2,600.338460425237,0.04828507262784062
3930178,e5d90725-71b2-4ae2-8014-28a4eca79f13,Italy,Federico Chiesa,2,229.3414661594358,0.13848629113170746
3930178,e27ff622-0915-4fa2-be48-b8cee53b1a28,Italy,Matteo Darmian,2,379.8358407879514,0.1732434657644877
3930178,a2881f3b-8cf8-44be-8e4c-b822f3b3010f,Italy,Federico Chiesa,2,429.518720634322,0.18742585563701242
3930178,69075a9e-c35c-4fde-8bb2-954746fe9363,Italy,Alessandro Bastoni,2,218.89074323531366,0.07065586443805338
3930178,04344aad-88f0-4753-b63a-18e6b2d23327,Italy,Giacomo Raspadori,2,515.1760012352311,0.0987280757487398
3930178,eb4c3735-762b-433e-be69-115147f6c9bd,Italy,Alessandro Bastoni,2,418.35736871790374,0.12180240936921063
3930178,7b6a4ace-ac39-4e2b-9b67-211118e46a82,Italy,Federico Chiesa,2,218.38745514225593,0.2341877749673939
3930178,0e72af22-3269-44eb-87fa-98b1a81704f2,Italy,Giacomo Raspadori,2,79.59128334499599,0.8054518069620559
3930178,2238ef9c-9e8c-4c68-89eb-deff5cc5d611,Croatia,Luka Modrić,2,751.9400192063408,0.09372164453314913
3930178,f3d76173-601d-4af0-92bf-d6154868286e,Italy,Federico Chiesa,2,488.80422196441594,0.08977506192720427
3930178,0d97488f-4960-4479-9b79-e209ecce7d1d,Croatia,Josip Šutalo,2,389.0538510337335,0.11923412772476757
3930178,a129a96b-7c60-4a5d-a07e-1ed007cc6d32,Croatia,Luka Sučić,2,460.3192726721383,0.09321222770825516
3930178,ab6eac88-be87-46be-860c-254091ced0be,Croatia,Josip Šutalo,2,595.0788519461772,0.09254986745348004
3930178,91cdfefb-b73d-47b5-8de4-1e79c6175b42,Croatia,Josip Stanišić,2,577.3415255639669,0.08235037495383513
3930178,a36b7906-17fd-45b0-bc83-feeed2cbbb8b,Croatia,Dominik Livaković,2,915.7494261694854,0.07293465857938833
3930178,d9f0dd7a-e115-4cf1-8ce4-2d3e32cd0f54,Italy,Jorge Luiz Frello Filho,2,646.0486629156632,0.08965003885100498
3930178,23e72b9f-c137-4c83-ac92-eda24dc6f1a0,Italy,Giovanni Di Lorenzo,2,434.92536303725126,0.1633711085937373
3930178,df6c536c-2794-4ff8-88c4-16cde79dfeca,Italy,Jorge Luiz Frello Filho,2,406.7708591587818,0.10735911195376452
3930178,9214316d-2848-40db-a0a8-a4abb3e75e2c,Italy,Giovanni Di Lorenzo,2,325.6358690541192,0.1179903645923311
3930178,e8d7e91d-ffc8-4bb9-ad56-cebdc97a84e8,Italy,Matteo Darmian,2,559.8466008497387,0.20229338631607596
3930178,75f9ccbf-092e-46b2-b1be-eaf4ba456938,Italy,Alessandro Bastoni,2,424.4054278993883,0.13131385160913497
3930178,c72638d8-f68a-4c35-a9ca-de4e03099370,Italy,Jorge Luiz Frello Filho,2,399.3843349363327,0.162377613013118
3930178,1f1e5a04-02aa-4629-a5db-b51173e61835,Italy,Giovanni Di Lorenzo,2,416.9724350150675,0.1597144696126621
3930178,a7817582-9456-4435-8da0-4138fcd21386,Italy,Jorge Luiz Frello Filho,2,322.51693948501577,0.17688117881261575
3930178,33e5d602-8315-478e-ba4a-9152bf53fd8d,Italy,Giovanni Di Lorenzo,2,497.1677459856709,0.12030568832628398
3930178,7db683dd-14d9-4a87-8012-2c657e6b219c,Italy,Jorge Luiz Frello Filho,2,515.2228377074315,0.1239775170022988
3930178,d1fbc001-7ee6-40d7-b6a6-32fbd6ee9de8,Italy,Giovanni Di Lorenzo,2,592.0564198555206,0.10438626988720828
3930178,f3c25ada-9b2d-4923-aa69-8a7bcbdf2760,Italy,Jorge Luiz Frello Filho,2,439.79667875309866,0.10077288620970501
3930178,b9580e56-5635-459b-89eb-b7532bc7e4c9,Italy,Alessandro Bastoni,2,414.73233278854315,0.13962384577956014
3930178,2f216007-05e3-4702-9d1a-7ef4d3c84169,Croatia,Joško Gvardiol,2,405.3800793783107,0.05091640119266258
3930178,39d1bf0f-76c2-4043-9717-7691b1729265,Italy,Gianluigi Donnarumma,2,177.62110685585344,0.0629474429900532
3930178,eb47a00e-a615-401b-8229-e6ead736bb65,Italy,Riccardo Calafiori,2,582.1293474073027,0.08444462865793312
3930178,3fc0e119-4616-4dc6-aa04-9f912a71fe2b,Italy,Jorge Luiz Frello Filho,2,403.4252122197536,0.09514391008652222
3930178,172ad6f7-1a25-4492-9e0a-ffd53357607e,Italy,Giovanni Di Lorenzo,2,456.8550895131063,0.09133527614431756
3930178,aeec7580-a97d-4e0e-9a62-1d5958d914d2,Italy,Alessandro Bastoni,2,424.0075377107485,0.13766009126293943
3930178,22814acd-60d7-4a4c-8aa3-a0927802eff9,Italy,Federico Chiesa,2,278.3345740765064,0.26913839328781974
3930178,6a654429-5dfe-4260-be45-b0469b1206b5,Italy,Giacomo Raspadori,2,95.05925525552962,0.7026298504082379
3930178,e0928bfe-d466-4bdf-b86f-7c47c5cbc186,Italy,Federico Chiesa,2,95.89828627156865,0.5585765434212305
3930178,82eab01d-9395-4704-8799-76948640a168,Italy,Matteo Darmian,2,120.62377759062782,0.6986696377285726
3930178,772bd921-e6f0-4bcb-864f-21c86cb6f147,Italy,Jorge Luiz Frello Filho,2,383.8041066549698,0.22672347840548993
3930178,76a04956-95e9-4f1b-92ff-c1ca378b62f1,Italy,Nicolò Barella,2,398.237521411867,0.12328040463626407
3930178,c980d1ad-873e-4c7c-bb0d-ab99f211001d,Italy,Giovanni Di Lorenzo,2,442.78870352627723,0.12217693058949113
3930178,c4b28ce4-24fd-449c-bbf8-5fef62d6b8fa,Italy,Nicolò Barella,2,470.94960175583225,0.1165008814500398
3930178,cc0710b0-e99c-42d7-8bf3-dbe88d421579,Italy,Federico Chiesa,2,645.5658416285806,0.08247381848161979
3930178,8b15c164-7284-4fbc-a738-b5e1a1c5a322,Italy,Matteo Darmian,2,603.4230259788008,0.11839199299531503
3930178,a7bd226f-c873-4640-84c0-519bcf0772ed,Italy,Federico Chiesa,2,239.74722755615946,0.2864971124819851
3930178,03f14343-7935-4d05-a06c-1bb5ec5c9f7c,Croatia,Josip Stanišić,2,797.479518069441,0.0641069677054074
3930178,1c7c1556-b9ea-4521-86bf-d8ae96025c1b,Croatia,Josip Šutalo,2,853.547563631073,0.06849671623072123
3930178,91910ef5-00d4-4a84-bd57-0672d24513e7,Croatia,Marin Pongracic,2,1209.3405018186095,0.059991141960950144
3930178,b77616a6-167b-4eca-b577-7a142a09b5bf,Italy,Alessandro Bastoni,2,441.91601128193423,0.07206513018770318
3930178,0744a55c-9fc6-46cc-9569-ec817e723a46,Italy,Jorge Luiz Frello Filho,2,516.5315552065254,0.10839301408294574
3930178,1ce6afdd-9761-46f1-a1cd-4ed5c89bc64e,Italy,Giovanni Di Lorenzo,2,522.064828486007,0.07174414630965907
3930178,3e85f8bd-2129-452a-9563-c39df79d3f4b,Italy,Federico Chiesa,2,623.555809630484,0.09435030254793612
3930178,af8473be-83e7-43f9-9a9b-c37aeded93ef,Italy,Giovanni Di Lorenzo,2,441.00832612901837,0.11982792479327596
3930178,2f320515-86d1-4eef-8b57-764fbce01d23,Italy,Nicolò Barella,2,478.2508165900571,0.12285235046753194
3930178,fb7c7f78-7dc0-4581-bb0f-39813f2d2beb,Italy,Riccardo Calafiori,2,424.5269351302453,0.27343632086068764
3930178,fc66e991-3b96-412c-b02b-468ad83700cf,Italy,Jorge Luiz Frello Filho,2,398.89152547116106,0.23731517249781003
3930178,6327af56-77af-40f5-883c-6541f8ad6f5e,Italy,Nicolò Barella,2,445.4143950883271,0.24307724612711498
3930178,b5693130-5627-4ad2-b82b-34355506e2c7,Italy,Giovanni Di Lorenzo,2,458.1623361264068,0.24699875686457334
3930178,9c3bc9b9-2bca-4a06-a26d-c600027e1a93,Italy,Mateo Retegui,2,391.02660147638596,0.3349808136414818
3930178,9f0b5db5-8228-4db3-a872-13e008b23a09,Italy,Nicolò Barella,2,302.2379833982453,0.31648279692065195
3930178,27015b7e-53fc-479f-b21c-bf90a77933ac,Italy,Jorge Luiz Frello Filho,2,293.8866239339426,0.4016654664288031
3930178,d7c4feca-2980-43ad-b9ea-c76b8d49dc0b,Italy,Riccardo Calafiori,2,741.5126315095096,0.188516863881535
3930178,947c250c-c784-4964-b4cd-93f8615034e0,Italy,Alessandro Bastoni,2,815.101738972413,0.13660692518714257
3930178,57f6ec15-0e1d-4045-a35b-d77d6fc96836,Italy,Nicolò Barella,2,602.2634703430086,0.10100262116997821
3930178,18f70235-0a95-445e-a142-338e2f007f30,Italy,Giovanni Di Lorenzo,2,646.5044901002732,0.11030453830668055
3930178,37e2fd48-66d8-4ccf-ac20-8fe3a0bb978b,Croatia,Joško Gvardiol,2,578.5292402404725,0.05015812667308538
3930178,034b9a6e-3b00-47ad-b9e7-8a69b97e9b65,Italy,Nicolò Barella,2,312.32576179807353,0.12236365368597657
3930178,5cc33359-eb80-41b2-8c52-533dc6c79b0c,Italy,Matteo Darmian,2,510.8631471418166,0.2377043277317665
3930178,67abb8f2-c391-4429-aa76-b3747fd11520,Italy,Giovanni Di Lorenzo,2,889.0538127251212,0.23030117737738956
3930178,155e1cf2-38f1-4a88-a284-53dbe65fe60b,Italy,Jorge Luiz Frello Filho,2,547.9103272941611,0.2356142854530468
3930178,7ac81e73-f5a9-4d6b-86c9-43ea09630468,Italy,Davide Frattesi,2,383.61192667475814,0.2776989417992451
3930178,a9298ac6-41bb-4d16-b47b-d9652914dacc,Italy,Giacomo Raspadori,2,70.91141374768912,0.9694087204156581
3930178,3b3bab44-8971-41c5-86c7-a85c01b38646,Italy,Jorge Luiz Frello Filho,2,135.17718393189972,0.5843058427259005
3930178,32a78f0f-4e06-4910-b2d7-32dcca15046b,Italy,Nicolò Barella,2,203.3761320110548,0.33647792906906815
3930178,80522697-bb3d-4d27-a093-6afde8855775,Italy,Giacomo Raspadori,2,178.6299874464577,0.25943953911802503
3930178,b9558429-e6d5-46e3-8ced-2291009562f2,Italy,Giovanni Di Lorenzo,2,404.12075554880875,0.27395857931137474
3930178,20c7960b-24ef-4074-bac7-e1faa4835f9f,Italy,Riccardo Calafiori,2,286.1482225499868,0.3278494620066074
3930178,03019ea5-7b42-4cbc-ab75-17cbc6b98ca5,Italy,Federico Chiesa,2,184.0823459619169,0.3594961752432723
3930178,dfa8bf1a-0dda-4b63-9810-4bd20daf5321,Croatia,Luka Modrić,2,169.90419970555334,0.06509290635510605
3930178,307ecc75-c1cd-4a73-845a-127991d15896,Italy,Nicolò Barella,2,192.84047416847366,0.276835977189615
3930178,95e33a1d-ee9a-4f04-8a76-61b0ad89f289,Italy,Jorge Luiz Frello Filho,2,244.68691861085227,0.18861851241234753
3930178,a9d9395b-9319-4b60-baf0-d548b31b9327,Italy,Giovanni Di Lorenzo,2,381.43636728083305,0.148728677545375
3930178,b8a03b09-343e-4dc9-a9ca-b9b40da7f78f,Italy,Nicolò Barella,2,318.2265474133789,0.14455673104567363
3930178,3b7934d3-457d-426a-97b6-c0eed91d6246,Italy,Alessandro Bastoni,2,510.5552216082679,0.26978404260899014
3930178,8c0a055d-9fda-40b7-8de6-9467e98b1a02,Italy,Nicolò Barella,2,479.2415180958463,0.26519799792603077
3930178,dd834900-d108-4436-b978-064865728c95,Italy,Jorge Luiz Frello Filho,2,501.9270561968021,0.22298490826022432
3930178,00e36011-9cb4-4406-b361-d9646e6f1111,Italy,Davide Frattesi,2,326.3683416247087,0.28315047488621403
3930178,c483c746-f2ef-459f-9a4e-089e64f2420e,Italy,Nicolò Barella,2,260.76952185031024,0.27355485282909275
3930178,a3926b99-2671-42f1-b488-f7994e5200a4,Italy,Davide Frattesi,2,305.7552417085932,0.2832994029972403
3930178,a10125e6-e539-41e7-8a84-c7d1165e8ff4,Italy,Nicolò Barella,2,440.91263840818243,0.22787244167363485
3930178,b9327c7b-618b-4dba-8616-3dddff7a51f1,Italy,Giacomo Raspadori,2,477.82794908603483,0.2935787076738427
3930178,57c584ef-1122-41d8-8961-b73b76156f02,Italy,Alessandro Bastoni,2,616.3417611645845,0.22047436240840743
3930178,f17c895c-5d2a-44bf-8183-72b11af949c7,Italy,Federico Chiesa,2,178.9667237057697,0.34907800366465686
3930178,2250a2bf-5e5e-4ccd-a283-a6af6d66a0ca,Italy,Matteo Darmian,2,518.0902107795945,0.2429419354793272
3930178,f954af56-ed82-446e-859a-6d3540c130fc,Croatia,Luka Ivanušec,2,237.59686745334284,0.06570941403054974
3930178,af53b2d4-7455-43fe-8bd5-93251fca2b53,Croatia,Andrej Kramarić,2,327.33924916823776,0.06419416715934159
3930178,d798fe0b-f542-4c45-a39c-7f5a2cd7580f,Italy,Riccardo Calafiori,2,564.8373283293222,0.25600001093287517
3930178,26c2fd7c-d017-4b27-aa9b-0552490b6b11,Italy,Jorge Luiz Frello Filho,2,475.48451767441895,0.2376462816195773
3930178,68940f61-d9fc-4b98-928b-9ba3d6ab0524,Italy,Giovanni Di Lorenzo,2,665.4263796914985,0.21370013057545614
3930178,83b94563-2ba7-40c7-a8f5-f68b174fd90e,Italy,Nicolò Barella,2,433.1410960408126,0.1679155636708518
3930178,ab9b1de8-c917-4afb-89a3-960da09332f8,Italy,Alessandro Bastoni,2,483.5546499030571,0.11494740963410077
3930178,a29bbd69-b08e-4f9d-a0a6-e0c7fc9c3e2f,Italy,Giacomo Raspadori,2,147.1072975188557,0.4748440545826865
3930178,3fceba4c-dde3-432b-a1bd-975d79bbe0ed,Italy,Nicolò Barella,2,373.8251469883741,0.21863957142909887
3930178,bc57641e-ce6a-4e46-a9b8-1407c0f2615c,Italy,Giovanni Di Lorenzo,2,199.75772206403772,0.17749816941446397
3930178,9ffbfd53-cc8a-46a8-a9f2-c3f0bc77b367,Italy,Giacomo Raspadori,2,302.6558082988968,0.16639392023508118
3930178,4679eaad-b63f-4755-8762-52686d13e20d,Italy,Federico Chiesa,2,372.47349968145926,0.1635750292050284
3930178,fe59396a-a33c-4f74-aad1-99f8bf83a757,Italy,Jorge Luiz Frello Filho,2,271.0159739434699,0.21863935329861056
3930178,333a560d-ba9c-4b2d-9a5e-8ec6f473feab,Italy,Federico Chiesa,2,314.13146853887616,0.243331218574096
3930178,e5822d9b-e147-48e7-b584-18e0b881b36e,Italy,Giovanni Di Lorenzo,2,382.54538903539253,0.1670921403611566
3930178,3e681437-be7e-45d8-aaac-2487ff208c96,Italy,Alessandro Bastoni,2,502.977807909688,0.1999346810088494
3930178,6564559f-1991-49b6-adea-2c172c732966,Italy,Riccardo Calafiori,2,690.9141895578756,0.16603611649910255
3930178,e4347149-b60d-4f55-8e82-250ca6e3ee09,Italy,Matteo Darmian,2,623.1711519877425,0.16180552654182412
3930178,374c0b6d-b01f-48be-99d2-39f492f7242b,Italy,Giacomo Raspadori,2,490.7156447463956,0.13921485892682986
3930178,ea5c1022-b812-4d09-8a31-b4c6360b778c,Italy,Alessandro Bastoni,2,411.40743323260153,0.12906178939195487
3930178,7f906f1b-93b3-40bb-9bdd-ed84ce10f0f5,Italy,Jorge Luiz Frello Filho,2,337.1102835772138,0.16231271624485746
3930178,e7307833-e7b7-4774-a9da-a10105909cd1,Italy,Alessandro Bastoni,2,364.9423573582963,0.12510064279398253
3930178,290085bd-bd4f-4ea7-b11f-ddd2da9ca036,Italy,Nicolò Barella,2,414.2863312292321,0.10623425500785479
3930178,98e39027-aaab-43bb-ac2e-92f8a6905df9,Italy,Giovanni Di Lorenzo,2,566.3533815017583,0.13295593370004322
3930178,569a1191-b407-4167-85b7-b9f1e7a1bb81,Italy,Giacomo Raspadori,2,575.5144684824861,0.11507944060429315
3930178,c7e587dd-78fb-4c0a-a465-cb58c9801d15,Italy,Matteo Darmian,2,556.9198000671956,0.09976152735511022
3930178,055cbab1-2522-48c4-bec3-dce6123db68f,Italy,Matteo Darmian,2,699.7186510306344,0.17589020086066864
3930178,42d5f1b0-dbfa-4050-813d-e6bcfa59e830,Italy,Nicolò Barella,2,640.7745744843239,0.17835103633311328
3930178,6ada4326-54cc-4e97-a341-4fd336fb7d77,Italy,Alessandro Bastoni,2,435.44126008699817,0.19619853536742785
3930178,101564c0-ec3b-493e-ac40-08fc819fa1f3,Italy,Giovanni Di Lorenzo,2,413.336323524058,0.17004697237306193
3930178,5e430cca-38f2-47c5-a138-a68e7a480e94,Italy,Federico Chiesa,2,372.1284255705084,0.20534793803744822
3930178,79c8b0b5-9cd8-47de-b06f-292c27a76d1a,Italy,Giovanni Di Lorenzo,2,398.08576577032716,0.20936141218938023
3930178,3d964ef0-e1f6-45b2-a68c-457377eae7cc,Italy,Jorge Luiz Frello Filho,2,381.0045511533469,0.17271166307161312
3930178,ba6a06cb-9587-4119-b9ba-9e91fba0ef21,Italy,Giovanni Di Lorenzo,2,479.1993764119546,0.05241403100165017
3930178,bf7b3dc3-bf39-48ed-b75d-7d1e587557ae,Italy,Federico Chiesa,2,470.5157136962447,0.06112976626053761
3930178,68168b5a-ff65-448f-b6fe-98c22b7855bb,Croatia,Luka Modrić,2,466.2211615632903,0.17248693631003226
3930178,9620cd36-ba33-4d99-8b52-a66ddb2f9bfb,Croatia,Andrej Kramarić,2,396.8096302433566,0.14883429581800203
3930178,dcd03176-a6a3-4299-8f8f-687075252214,Italy,Riccardo Calafiori,2,611.1273407790098,0.08098277284807906
3930178,ad3173e5-e97c-4546-8667-d73dbb5a72d9,Italy,Alessandro Bastoni,2,692.8827248466127,0.07791520198564672
3930178,9b169281-93a2-4130-ad1f-9122aa62bbfb,Italy,Jorge Luiz Frello Filho,2,723.2655298977957,0.0957765760024104
3930178,c7eaf78d-772d-457a-9a64-dff35c3f45c4,Italy,Riccardo Calafiori,2,759.3030289575663,0.08159603637296417
3930178,0cbf9731-a9cf-424d-9b74-ffdde5d0a94d,Italy,Nicolò Barella,2,627.9663497728311,0.09684415042336159
3930178,548d8c52-b4c3-4de6-93fa-84781faaebf5,Italy,Riccardo Calafiori,2,769.4654357305659,0.07318463051423973
3930178,ee50c375-9224-4abe-8fd6-179f1ab78051,Italy,Alessandro Bastoni,2,958.7612375856701,0.06814079520395731
3930178,0b115496-dc0f-4cf5-a5e1-c7ca472e2c84,Italy,Gianluca Scamacca,2,697.8876070648408,0.0866637196178133
3930178,ff742bba-7faf-4bce-bba1-7e641d2a4639,Italy,Nicolò Barella,2,693.0262672524743,0.08056033030176771
3930178,d3c0604b-71c3-405e-abb6-debee458d117,Italy,Giovanni Di Lorenzo,2,933.6914946897421,0.06833354142737873
3930178,ab6c792b-ffbf-441c-b26c-0bb8206c3397,Italy,Davide Frattesi,2,218.76508146867846,0.0882294791843807
3930178,bcc8ff62-4938-41f6-b549-04618cc343b6,Italy,Federico Chiesa,2,163.43252552916462,0.1278814626938668
3930178,48713c47-00b9-4175-a55d-a7aeabf117d6,Italy,Riccardo Calafiori,2,456.8533883686034,0.05205148456785637
3930178,3ce0ccee-dae6-4b04-b2b9-93886d1f315f,Italy,Nicolò Barella,2,313.6114868622308,0.060557519351739836
3930178,34b65c05-0348-4f2a-80b0-36b0112f2098,Italy,Giovanni Di Lorenzo,2,413.16210783279354,0.06060548351883303
3930178,304bb6a8-97eb-405b-acbd-3ff0002f26ae,Italy,Jorge Luiz Frello Filho,2,374.3692711054602,0.07436179217018728
3930178,be337c5c-8e9d-4ee2-bc25-d30cf22ef633,Italy,Alessandro Bastoni,2,566.7809818051991,0.13554761257824444
3930178,0919ce2a-c200-45f3-b067-8ace254f94c1,Italy,Jorge Luiz Frello Filho,2,592.002219316002,0.12889525051235196
3930178,29504852-949d-454d-ba1d-b1674d0836bf,Italy,Riccardo Calafiori,2,786.8672013075484,0.1076726283129626
3930178,241ae8f7-3932-406f-a702-a0e3be1db618,Italy,Jorge Luiz Frello Filho,2,824.4212119192866,0.0794819025288317
3930178,dd46c7b6-433a-44cd-9a19-4e01351623e3,Italy,Alessandro Bastoni,2,797.4120036751461,0.07748929794565917
3930178,7ce3d7e7-a847-4f2e-a4d4-aa428b2f7250,Italy,Gianluca Scamacca,2,744.9053967761389,0.09432937830362563
3930178,d8067738-e29b-4088-875a-a2af548cb175,Croatia,Josip Stanišić,2,859.3450704985846,0.10749705434755175
3930178,3f9c669d-15f2-4c3e-aa0f-ff41193b4828,Croatia,Luka Ivanušec,2,675.0869243108813,0.12993011575385804
3930178,5fcfaa70-02a7-4e4b-8141-9f323590fcc3,Italy,Alessandro Bastoni,2,320.5285266662748,0.05489328358949751
3930178,5230a948-5ac2-436b-afe2-87b5c3cd3ffe,Croatia,Ivan Perišić,2,592.5260265131997,0.1622750904066772
3930178,e4ad3835-1b77-460c-bef1-efc6b0ff61a5,Croatia,Joško Gvardiol,2,683.5600962415208,0.11665705949871659
3930178,eb897a1a-307e-4fa0-bce7-415fdc802182,Croatia,Marcelo Brozović,2,683.4461115201357,0.12011641811379939
3930178,f7cafeb9-db1a-485a-8c38-d46b15425bed,Croatia,Luka Ivanušec,2,609.0352897457929,0.15298844029693198
3930178,49fe676b-96b1-4fa8-9c5a-19f8a5d568ce,Croatia,Josip Šutalo,2,700.2015493059489,0.15224710476087402
3930178,a6ad927f-e44e-4180-8bab-c90100cbb051,Croatia,Josip Stanišić,2,721.0135708688559,0.12299359496996873
3930178,5cde4bcb-bcfb-41bd-a8df-e67f141c37f4,Croatia,Marcelo Brozović,2,644.8126434354474,0.13498257233986075
3930178,942307e1-fbe2-4b60-b7ae-0bcea185a064,Croatia,Luka Modrić,2,675.4461407114627,0.10921067035823084
3930178,d41d238d-dbbb-46cb-a0b6-d70b22ae2bec,Croatia,Lovro Majer,2,689.1969652751534,0.23818337038787663
3930178,3b5229b3-8a43-4e01-b6dd-d2b393f5062f,Croatia,Joško Gvardiol,2,518.4849965480029,0.23023593201127243
3930178,2786cd7a-cead-40bd-bd24-3657bb7c7c2c,Italy,Giovanni Di Lorenzo,2,582.164525860631,0.0673391707171527
3930178,728915b8-330d-465d-9410-ea473077c95c,Italy,Jorge Luiz Frello Filho,2,566.6135898961714,0.06996757909925161
3930178,1d012f83-71e1-4705-bb11-daa9d634538c,Italy,Giovanni Di Lorenzo,2,583.1669224701731,0.06787652070343755
3930178,be6017a8-c08b-4232-a651-ce6f3a09dc50,Croatia,Josip Šutalo,2,826.6150766245715,0.12966067339454504
3930178,7d7296bb-fcd3-4fea-bcb1-379d607b1ed1,Italy,Alessandro Bastoni,2,699.3859649502801,0.09986483397047818
3930178,e8bbfe17-2007-45cb-aa1a-b621dcf6dc3b,Italy,Nicolò Fagioli,2,708.3948114075893,0.11049653661716363
3930178,071e2b66-84d8-4f25-96d8-ad94ad9fd527,Italy,Riccardo Calafiori,2,715.1724296639395,0.09265518620470775
3930178,6b46ac71-bb18-4328-b220-e61dc50111a0,Italy,Alessandro Bastoni,2,725.1907212313262,0.08342312460733749
3930178,a1f40086-0061-420d-95ea-40c3bd543c5b,Italy,Giovanni Di Lorenzo,2,724.7154762818668,0.0907037517322799
3930178,3ab9990a-f528-444f-ac31-74bc1e170ce1,Italy,Mateo Retegui,2,552.0224713220305,0.09752443844156217
3930178,3e28c529-3ca4-465d-88bc-6d20c15bc531,Italy,Gianluca Scamacca,2,461.20715745247725,0.10693711880031002
3930178,fc63e2b8-6b43-47ed-b809-57d508736817,Italy,Giovanni Di Lorenzo,2,806.5499396475766,0.07891054460615494
3930178,c34efd0f-0571-4a39-a953-fefb494a898e,Italy,Nicolò Barella,2,593.1334785514937,0.0982324618884157
3930178,8565ab81-67a0-44c5-a83a-1db377277eb6,Italy,Giovanni Di Lorenzo,2,712.4187178963216,0.07099020824848867
3930178,55700fd9-1c52-4523-aaba-ba691d0edbad,Italy,Federico Chiesa,2,729.6383258532097,0.07147254837505414
3930178,265b5905-e0d8-4768-8eb6-9f1cff26b972,Italy,Giovanni Di Lorenzo,2,272.3592616472876,0.08198601437270323
3930178,fa61830b-a077-475c-a714-c0cd3741bc29,Croatia,Josip Stanišić,2,460.1514736920105,0.12109883396375365
3930178,f06f5604-ab69-4916-9daf-432736ae9609,Croatia,Andrej Kramarić,2,322.5112586262913,0.206139672675189
3930178,cb342631-0ebe-4500-9b54-08c85e84d030,Croatia,Josip Stanišić,2,548.8837335866244,0.2207452991028454
3930178,e6b84704-72a2-4240-9de5-3899595ba371,Croatia,Lovro Majer,2,764.8508415821814,0.1999160450584844
3930178,8469fe0c-58f7-494e-b837-2f0851344afa,Croatia,Josip Stanišić,2,845.5219403311773,0.1809320038743017
3930178,754abe1f-43f7-4d3b-885e-10e9b5f5a9df,Croatia,Marcelo Brozović,2,937.550508646926,0.15523227101737935
3930178,73fb891e-0131-4038-b629-0b08899c270f,Croatia,Josip Šutalo,2,593.9316564255621,0.07383992379203498
3930178,9af59394-0735-462b-aa68-8c1d079d9ec5,Croatia,Dominik Livaković,2,1134.0941252155737,0.06436751144235377
3930178,44d56020-ebb5-4ef5-a4ca-56fd4a7c2b69,Italy,Giovanni Di Lorenzo,2,800.01467703437,0.07116838122195544
3930178,f9f5ff4e-8d53-43d7-b215-daf6f6613acf,Italy,Nicolò Fagioli,2,575.2179899326716,0.07744128152876173
3930178,cf74137a-848a-4b05-8c7e-c000541b6957,Italy,Giovanni Di Lorenzo,2,667.8250082234875,0.06775477741731113
3930178,f0f2e90d-07ad-4177-b2f6-6e5f42e30fd9,Italy,Nicolò Fagioli,2,778.1881857349065,0.07010853834668988
3930178,7c867b9c-b747-411a-83bd-50edd9899507,Italy,Davide Frattesi,2,815.1548293208061,0.08885305569181928
3930178,314b8617-251b-485f-95d5-51423bf15c07,Italy,Mateo Retegui,2,328.99278420217325,0.11043604966282622
3930178,808bfa79-6266-404e-bc58-0b7c35e8ce2b,Croatia,Luka Ivanušec,2,444.93393781827166,0.05950194662103857
3930178,28cebe6b-75cd-4b48-ac89-a9f0610f9ff9,Croatia,Marcelo Brozović,2,759.7506591527542,0.05950698931880059
3930178,714541ce-5db1-4387-a54d-731428c1bf43,Croatia,Ivan Perišić,2,497.6814743946524,0.0660817910540604
3930178,60297fee-f880-4e70-a887-db67844149e8,Italy,Nicolò Barella,2,363.0070371202743,0.03330635138801002
3930178,9335f394-01aa-405b-a480-38ee65c17caa,Italy,Alessandro Bastoni,2,307.39397993938957,0.040377089518168235
3930178,0e803b2a-4990-4b16-bc59-53eb3dc5ac24,Croatia,Marcelo Brozović,2,417.9702510675161,0.12801494338633354
3930178,56feb96d-78ac-418f-bcc9-62b44330a35b,Italy,Riccardo Calafiori,2,68.30309271816807,0.029937028571356817
3930178,044a34d0-95e6-4645-8520-7ef2a414834c,Italy,Riccardo Calafiori,2,19.293128330264075,0.04019110306994743
3930178,37d27223-413d-4764-bcba-72bf3e9d5712,Italy,Alessandro Bastoni,2,125.44620154486705,0.05133926382746544
3930178,9d5ae8be-5ca2-492a-bb70-d20c2f82aab8,Italy,Mateo Retegui,2,695.9433937347719,0.06728398527470127
3930178,96cbb336-f6fd-4ed6-b48e-d32753e60162,Croatia,Joško Gvardiol,2,809.8914616470257,0.08880050812560977
3930178,f52799b6-8e68-4fab-a970-332b9564af2a,Italy,Mateo Retegui,2,862.2320348368424,0.06888682170716091
3930178,3afd3f59-8d4f-49b9-8837-f709ae982c4d,Croatia,Lovro Majer,2,664.1147316554957,0.124708308427002
3930178,78cec8bb-8c6e-4585-8137-2fc1ae5559d6,Croatia,Marcelo Brozović,2,370.1555969448624,0.19252356869008755
3930178,637daa10-00d9-4917-b19c-f58b5c32bcd0,Italy,Riccardo Calafiori,2,109.52536079078075,0.057212566330854656
3930178,7085084e-19e6-4daf-912f-6e257ea7d01f,Croatia,Luka Ivanušec,2,158.6397068018889,0.3070300474668236
3930178,3aa9e789-5a0c-44b3-979f-238c13f61538,Croatia,Marcelo Brozović,2,151.32899213935417,0.36940117216331614
3930178,6c80a666-eb8e-46d7-a3fe-d96ad9020b43,Italy,Gianluigi Donnarumma,2,667.4235282171079,0.06355607992268415
3930178,fa36806c-f324-4355-ade3-59e184e21ede,Italy,Riccardo Calafiori,2,957.6694181943896,0.08157334394825318
3930178,3cc8d5cc-fb2a-4b7e-818a-26e628490d5b,Italy,Nicolò Barella,2,798.6034250831258,0.09131022290192936
3930178,62040c94-230e-4d42-ad07-5a2be5b61bee,Italy,Giovanni Di Lorenzo,2,854.4043727849462,0.09207388086605028
3930178,dc34e3bb-5dfa-48f1-868b-489cad3b27fb,Italy,Nicolò Fagioli,2,577.0627025743383,0.0937760978326984
3930178,bef3c6aa-e84b-4b7c-9380-4da36f1dc5a3,Italy,Giovanni Di Lorenzo,2,686.0426314316568,0.10794870181440505
3930178,13b2433a-cdf9-400d-ad8e-2aa976a459cc,Italy,Giovanni Di Lorenzo,2,567.6523715124274,0.09762166192018855
3930178,e7a0735f-71c7-4bf7-9002-9b827056e577,Italy,Alessandro Bastoni,2,516.5582023431324,0.1503917275956982
3930178,64fe63e4-c1d5-4e09-ad38-ff9e319cf152,Italy,Nicolò Fagioli,2,784.1800525325054,0.17551168269972744
3930178,e8c9c217-56c4-4d60-a38e-24419f05d5f2,Italy,Gianluca Scamacca,2,377.49064134070886,0.18040096002169015
3930178,fc043681-b762-4669-9ba4-d17dcd8415d7,Italy,Federico Chiesa,2,279.77340276507533,0.37985542390210125
3930178,6b4946b0-3c50-452f-93ba-94970fb6b6ea,Italy,Giovanni Di Lorenzo,2,361.1027898430112,0.27417436218116403
3930178,a8548f38-aabd-40ed-be45-4a01afa92b6b,Italy,Alessandro Bastoni,2,519.9097711929937,0.10671169903386801
3930178,e75579c4-59df-4d34-b96d-929048d183b4,Italy,Federico Chiesa,2,380.30573158328735,0.15123916125862064
3930178,c129d4b6-1d05-48f6-956c-d7540424c4d9,Italy,Gianluca Scamacca,2,418.1952386716515,0.22234804446484563
3930178,b10c181a-ba37-4de6-99df-471c3d91bff7,Italy,Mateo Retegui,2,298.13677960171054,0.2502209375495444
3930178,564804bf-6a2d-4632-bd2e-3bb29323d183,Italy,Federico Chiesa,2,230.06955168091528,0.31851479969453106
3930178,d22da347-fcf5-4325-b515-516a7c09d956,Italy,Gianluigi Donnarumma,2,759.1501875248169,0.078509080005933
3930178,8bdf1aa1-2808-4bf4-9d4e-6f76ec4ab193,Croatia,Marin Pongracic,2,268.38918826267053,0.09480326806588943
3930178,88ff844c-d93f-4be0-8576-bc1613109d60,Croatia,Luka Ivanušec,2,527.6441929144092,0.08441985894844545
3930178,051e0a3b-c1c7-4409-aa2a-aebc75095d75,Croatia,Marcelo Brozović,2,794.6051386953269,0.09003896100532208
3930178,75a40500-8f91-4388-a114-4c86c47ff428,Croatia,Andrej Kramarić,2,521.5635525687644,0.10408792794269181
3930178,1c4ac35e-5b24-42a9-896e-0d4f973d6f2a,Croatia,Lovro Majer,2,381.53700861774155,0.11533584331509855
3930178,67382aa5-2507-4126-b8c9-49c82187c060,Croatia,Josip Stanišić,2,631.1467371947963,0.1364079402703233
3930178,b4f41e92-48fb-45cb-bff1-f64cbb773c9b,Croatia,Marcelo Brozović,2,680.3094739120496,0.14534189731024
3930178,84a49228-796c-4c2f-9863-8d91355e637e,Italy,Alessandro Bastoni,2,1032.214541144022,0.07907955925355074
3930178,397cec8d-365c-4a90-b540-c31ff76471e8,Italy,Nicolò Fagioli,2,1084.637406844441,0.05569284726686448
3930178,13e069f2-7e12-4e29-95c2-f8ba13a4c5fd,Italy,Giovanni Di Lorenzo,2,1122.9260056590701,0.06378911101999736
3930178,6886f175-a323-40cc-9032-a7eeef550726,Italy,Gianluigi Donnarumma,2,1164.481891831905,0.06558257061464778
3930178,5cb5c5fb-7efa-4878-93be-cb99014a169a,Croatia,Marcelo Brozović,2,1055.7999124607668,0.11502730609782666
3930178,aca0d06a-4436-4384-ba79-b3c0d0f73183,Croatia,Luka Ivanušec,2,918.4041038648253,0.11114744381191585
3930178,a736f347-e4dc-4508-a564-1d6352635dd8,Italy,Alessandro Bastoni,2,733.1730500354929,0.08396252275678731
3930178,daa0bec9-3cb8-427f-8c0e-5034c8ec0a37,Italy,Gianluigi Donnarumma,2,1023.9751548005761,0.07287404776805777
3930178,7bf37858-1b47-4346-949f-9e006f701708,Italy,Alessandro Bastoni,2,962.1248703916108,0.07988105153106233
3930178,fa143818-19a5-4e0b-900f-fba5f3bcd7e2,Italy,Gianluca Scamacca,2,670.6439221924619,0.09268131867720136
3930178,428316c4-419b-4838-85a9-4ff303b899fa,Italy,Nicolò Barella,2,487.47918363138075,0.12121066844496833
3930178,d018f711-cea8-4a35-b071-f2ba87713fa3,Italy,Riccardo Calafiori,2,650.9810338446168,0.1799107632401829
3930178,74008723-f7c4-4b0c-9f8f-1c21ee9153ea,Italy,Mattia Zaccagni,2,396.9303943534111,0.2401871952663809
3930178,c1dea701-8eab-4574-9bde-2471888f67aa,Italy,Nicolò Barella,2,461.5530160169039,0.24222028900128348
3930178,6b71b70a-09c1-4f7f-84bd-22362442bfd7,Italy,Nicolò Fagioli,2,296.3971370891523,0.26566501790429065
3930178,9d9ff514-d5eb-4bc6-8180-eb8b72e651f3,Italy,Federico Chiesa,2,350.87525505264375,0.2634170859407071
3930178,9d5a14c7-0c65-47e2-9509-5045c55368bd,Italy,Federico Chiesa,2,201.63640678189756,0.4308520690731568
3930178,adf36235-1d81-4028-ac01-a58a5d6b84ec,Italy,Nicolò Barella,2,198.87007083133057,0.3050809353876624
3930178,8f114feb-0035-4e9e-850a-2eb8c3a60e9d,Italy,Riccardo Calafiori,2,329.61839915448047,0.2605914346079379
3930178,385417b4-783a-4cf3-b1ec-1513990bba9f,Croatia,Josip Juranović,2,366.50354492132357,0.06333410765554574
3930178,bd97188b-9fff-49e3-90ec-73a78720ab43,Italy,Nicolò Barella,2,502.1391810484166,0.1264097492126088
3930178,e216cd82-24b1-4b76-a2a4-8591d8a57ab2,Italy,Gianluca Scamacca,2,693.8457259921664,0.13300662799700755
3930178,4d15e1f9-a97c-4b26-a0f2-481925544181,Croatia,Josip Stanišić,2,559.5007203947391,0.06950052263550549
3930178,4bcf02ba-ddec-4799-9009-3d181c10d1f8,Croatia,Josip Šutalo,2,264.2079538469022,0.07327715219499234
3930178,b4da008c-055e-40e5-95a2-f6f4572eb6d5,Croatia,Josip Stanišić,2,460.70674582272744,0.059484205817579426
3930178,61493b38-79cc-4d06-a772-a2a5b955b4cc,Italy,Nicolò Barella,2,680.7270115095051,0.20777201937209125
3930178,0e4f5375-93db-4b60-81d7-e707399fcb2a,Italy,Riccardo Calafiori,2,684.0246681532913,0.18279419122862442
3930178,fb1ee1b9-999b-4fc0-a0b8-d99edffb5410,Italy,Nicolò Fagioli,2,794.475940305289,0.17559748950758308
3930178,1a6d1781-ab8c-423f-bc64-d4ebecefd478,Italy,Giovanni Di Lorenzo,2,506.45712094731897,0.15365395548691713
3930178,366b03a3-3a59-48d1-82d3-8a617feb986d,Italy,Giovanni Di Lorenzo,2,114.91386853952609,0.5931404465025351
3930178,5c6cc5d7-4fe0-449f-a4a9-5c03585c918b,Croatia,Joško Gvardiol,2,254.9121745500031,0.061171700195064044
3930178,459bb274-819f-4e38-866e-4fec0f6fdba3,Croatia,Marin Pongracic,2,841.3176785142506,0.10032076343138246
3930178,b71c53de-1f52-4103-80b1-f194bb6a6509,Croatia,Dominik Livaković,2,898.5807342993152,0.08707592224287004
3930178,b93634ef-6301-422d-9456-aa9238b99220,Italy,Giovanni Di Lorenzo,2,227.89938854603912,0.05187224925550712
3930178,7b0b20b5-e9a1-41b8-ab69-0ca7bbb856f3,Italy,Davide Frattesi,2,316.54438799727376,0.05868992429815965
3930178,5b459d9b-edf8-4415-8da7-522460b0726f,Italy,Federico Chiesa,2,405.48933373282443,0.05179864497676154
3930178,d8ca7856-fbc1-4d9e-bf30-7aa6f2f590ea,Italy,Giovanni Di Lorenzo,2,175.1771696535053,0.052648797301031794
3930178,d91a50b4-7e3a-4ef2-91d3-b5adbda41598,Italy,Nicolò Fagioli,2,211.08102046623182,0.052637080285755956
3930178,6ce34f23-7b65-48f3-98b0-24a2a7d9f93b,Croatia,Marin Pongracic,2,777.0169370468807,0.14860403316921428
3930178,7c403de5-bfd5-40f3-82cb-5d731618f83d,Croatia,Marcelo Brozović,2,680.487162363977,0.15691555175569427
3930178,865df081-32bb-4242-876f-b667a621f5e4,Croatia,Lovro Majer,2,605.9818587244798,0.12988665014144612
3930178,3901eb65-0cfb-477f-a7a8-795ea424b5ce,Croatia,Luka Ivanušec,2,713.0555525765192,0.12794406972059008
3930178,a956ae74-abbc-4666-a278-3bbfd1c9dd0f,Croatia,Luka Ivanušec,2,297.7401836652514,0.13413485320505805
3930178,b2931425-6001-4bc2-8443-2c3b76cfb019,Croatia,Ivan Perišić,2,823.4447478651613,0.12455326931582449
3930178,9de049bf-cb65-4812-af8c-66dc19c6d34e,Croatia,Ante Budimir,2,293.33017526391257,0.127396187341099
3930178,7fc2e77d-88fd-4c48-acd8-da3c321f2179,Croatia,Luka Ivanušec,2,206.62811041194234,0.11469595568022112
3930178,dd7e74e2-c3b8-43e9-be56-0c2d6f4b097b,Croatia,Marcelo Brozović,2,579.3894522931761,0.16366084667781394
3930178,beacafac-7f63-40ac-8bdf-410da4ec8da5,Croatia,Lovro Majer,2,695.3333370044837,0.1617204897856295
3930178,cec5aec5-a430-49fb-92c1-2aee6b5ce376,Croatia,Joško Gvardiol,2,594.2896332494948,0.1677544480836842
3930178,0b6d3667-32c5-47b4-84cf-a602cf6b61fd,Croatia,Lovro Majer,2,480.29752755629244,0.18527399614789308
3930178,a24cdd57-c6dd-42b1-a7d8-1fc066a64079,Croatia,Josip Juranović,2,310.75122888469997,0.21353460776976735
3930178,2902e7a6-11bb-453b-99e2-9831585b5ce8,Croatia,Lovro Majer,2,149.06917618653404,0.20014859387218614
3930178,cd579f1b-401b-405a-9ccc-58132d87a067,Croatia,Josip Juranović,2,391.3043429154024,0.1942116931668935
3930178,b3a3489f-8a5c-43d6-a189-ba07d4d59aa4,Croatia,Josip Stanišić,2,357.34737813516506,0.15131495261013828
3930178,8b29892b-eaca-4ba2-a6ed-1dc8058a4e17,Croatia,Ante Budimir,2,143.642995627809,0.19917393264710165
3930178,62ff4151-8053-4785-a09e-15b3bd2bd3b5,Croatia,Ivan Perišić,2,274.7295818143424,0.2625452189690267
3930178,ebe96678-e0ca-4256-a27a-8fd177896161,Italy,Alessandro Bastoni,2,613.2647255932822,0.05913033526150894
3930178,cb4d3248-72f1-455e-9734-5db792a6fbdd,Italy,Riccardo Calafiori,2,900.2406287325629,0.062306273114260874
3930178,a22e23aa-d8d1-4e0f-a923-df1008685e5e,Italy,Gianluca Scamacca,2,826.8598389982443,0.08207284293594297
3930178,6c32b2e3-32bf-4177-a219-a1f8006b1205,Croatia,Joško Gvardiol,2,930.5590486224214,0.1026019594852027
3930178,339132bc-b70e-486f-a178-58630abaf8a0,Croatia,Josip Juranović,2,381.33065319638155,0.15704391456895767
3930178,56769b74-007e-4a75-b4e6-8cfc7a95fc89,Italy,Nicolò Barella,2,769.4904829732914,0.11840747761467824
3930178,6dac1798-2899-46f8-8404-c54177180641,Italy,Gianluca Scamacca,2,576.466791947024,0.10966777080872327
3930178,912f23a9-fcee-414d-9f79-9c6a815cdd29,Italy,Giovanni Di Lorenzo,2,432.11246402210844,0.14949451899697527
3930178,408ef194-52a2-4a28-9a60-642168977378,Italy,Alessandro Bastoni,2,613.0315356644609,0.11548939069325118
3930178,4c5cb589-c4cb-4104-a14c-c7a70d77750a,Italy,Mattia Zaccagni,2,1030.3335433882353,0.13427939355359186
3930178,71d628fe-8b89-407b-8832-24ef96ae9a9a,Italy,Riccardo Calafiori,2,737.9657938454468,0.14005351267447508
3930178,b76d9313-b27c-43a8-bef8-f35e3d164c5d,Italy,Nicolò Fagioli,2,753.4022529028568,0.11363330214795794
3930178,3d846ff3-4b50-4232-9eba-8117f89a264e,Italy,Alessandro Bastoni,2,613.2120211008237,0.1142289011866223
3930178,892fc8ec-0878-441d-b8f3-3070f7ac2783,Italy,Nicolò Barella,2,643.1566529284057,0.10590460786218175
3930178,5bb9457a-cb21-45b7-aa33-0feefc9f6e20,Italy,Davide Frattesi,2,522.0906549017815,0.11485472378416658
3930178,c9b6c99f-9cdb-42a1-9e3f-402bf9b3d312,Italy,Mateo Retegui,2,474.19498488968475,0.10186950367902757
3930178,13909b9d-4a2a-431a-9cdd-52059c51ccd4,Croatia,Marcelo Brozović,2,674.4377641498312,0.09180052948050137
3930178,a7b408ce-56e6-4302-b52f-753ca0f594f2,Croatia,Ivan Perišić,2,638.1655964949656,0.07407995510352847
3930178,5b7e0118-a5c5-4d21-89db-9412ea090c14,Italy,Riccardo Calafiori,2,544.4613190016164,0.09639613112101215
3930178,b643213c-1f4d-4306-8432-57397f96df4d,Italy,Nicolò Barella,2,408.7989976070046,0.13252546037111387
3930178,e71f6d1f-8dfc-4414-bc1a-f737c1e098ad,Italy,Riccardo Calafiori,2,200.89609740147014,0.22272171727222023
3930160,55894f3a-f96d-4970-9ce9-1a03e12ced09,Croatia,Luka Modrić,1,538.9658617061824,0.12110125811623935
3930160,a17c35a7-ca3a-44d0-a2f9-461f6cda2917,Croatia,Josip Šutalo,1,637.353032605773,0.09692109280851745
3930160,e27a44c7-2ae4-42f4-9bfa-8f0e71cf3259,Spain,Daniel Carvajal Ramos,1,582.8067587264316,0.0724821454358407
3930160,7fdb6753-1044-401d-8ebe-185db3dab512,Spain,Álvaro Borja Morata Martín,1,453.0614247482511,0.07343579447024605
3930160,85fe6a54-45b7-476b-b4ed-f0d3e60f6004,Croatia,Josip Šutalo,1,524.8839696324793,0.14929943860310385
3930160,abaa5009-83e7-4fce-860f-63c6a7ad0efc,Croatia,Luka Modrić,1,348.2756290374005,0.15189783897731368
3930160,bc5322f0-9dab-45e1-9ac0-12dc110ca618,Croatia,Josip Stanišić,1,561.3246915052579,0.1345017059313571
3930160,d27fc7af-4e98-4802-9302-7d6706452877,Spain,José Ignacio Fernández Iglesias,1,654.9920788077119,0.07420472864075152
3930160,b7754e25-fa50-4595-939c-6cdcc01665b5,Spain,Unai Simón Mendibil,1,383.5687179074563,0.07485613787186307
3930160,ee828c03-c81b-491e-b83a-f68bfdaa4525,Spain,Robin Aime Robert Le Normand,1,879.0122419664726,0.07660751796171149
3930160,2095dfbd-412c-46c9-8a49-7ee21aed28c5,Spain,Unai Simón Mendibil,1,811.5023002005844,0.07819786457307476
3930160,e9412efd-5765-4c43-813f-33836eacea39,Spain,José Ignacio Fernández Iglesias,1,784.7982516966745,0.0642242382299987
3930160,6294492d-4cb4-498c-a791-1fa02fc9a7fb,Spain,Álvaro Borja Morata Martín,1,532.2728108033508,0.10324038395533408
3930160,204ec7df-a576-4d81-8136-86921b455cdc,Spain,Fabián Ruiz Peña,1,414.1447326374138,0.10002718482202856
3930160,d0f446ba-a4c4-498d-b10e-868cd830c5d5,Spain,Rodrigo Hernández Cascante,1,453.25350119548426,0.11449655793185969
3930160,51a18d48-cb87-4156-9d2b-4ad33d6996f2,Spain,Lamine Yamal Nasraoui Ebana,1,403.5916421391739,0.19182118169869042
3930160,fd957d67-8293-4486-bf7d-d75ad5df5c62,Spain,Daniel Carvajal Ramos,1,650.382974744607,0.15017500178039916
3930160,01d6b53c-d27d-4d51-9ae0-3796677643c7,Spain,Robin Aime Robert Le Normand,1,400.06333844871295,0.13937921162260378
3930160,3ef8ce84-573e-48ad-a6d2-a5399aac673f,Spain,José Ignacio Fernández Iglesias,1,450.5317813481339,0.13045411544430285
3930160,12b80e16-ee19-4657-816e-8d88016a9306,Spain,Robin Aime Robert Le Normand,1,592.8332702407095,0.11725414088267078
3930160,8b628c44-acb1-4131-a45d-b082323c59bd,Spain,Daniel Carvajal Ramos,1,607.155314720112,0.09871855934698878
3930160,4c721421-35b9-4dd2-afe6-c57ce2c645fe,Spain,Robin Aime Robert Le Normand,1,642.4164307210154,0.09898130919061482
3930160,63075b2c-04fd-4069-aca5-6b29ae419607,Spain,Pedro González López,1,563.130604780951,0.10113338537598066
3930160,f40958e0-9acd-4138-9ae7-d02dc041f9b1,Spain,José Ignacio Fernández Iglesias,1,526.4746129467098,0.09990891355242507
3930160,975ab102-0244-4aec-b7e7-82e046d653ad,Croatia,Marin Pongracic,1,605.8764819819166,0.05416202804350739
3930160,43925b42-b332-456a-ae8b-6e4bdda7d280,Spain,Rodrigo Hernández Cascante,1,584.59693498319,0.13527430477147584
3930160,749e21ba-b2c8-44bc-b914-1b7e02a5c1d8,Spain,Robin Aime Robert Le Normand,1,491.1302742473687,0.06932732883015466
3930160,baf82497-46f6-4222-baee-eb506c0d3775,Spain,Rodrigo Hernández Cascante,1,543.3270364030665,0.08133842666239105
3930160,afcc242b-cd3b-4137-b703-cf927257800b,Spain,Unai Simón Mendibil,1,721.2901281133173,0.08157129905317427
3930160,9e890989-e3e5-454a-9cb6-b2d909d902bd,Croatia,Dominik Livaković,1,786.6282149187888,0.0625903495729062
3930160,6f9bc271-a833-4eae-85e7-83d113fb3488,Croatia,Josip Šutalo,1,819.2848923518665,0.06653882660721368
3930160,c5b47fdf-0b0c-481b-a632-efd85a467e28,Croatia,Marin Pongracic,1,802.9359574225787,0.060299370927419396
3930160,f1d50113-c507-4692-9266-864ae15faed5,Croatia,Ante Budimir,1,494.9517640367537,0.07376709750123286
3930160,ac965a5a-14c1-4aae-b5f1-bf9db452278e,Croatia,Mateo Kovačić,1,592.0744840119095,0.12089764051763235
3930160,b5786984-d1d5-43dc-89db-137b614c1ecf,Croatia,Josip Šutalo,1,623.3754177198789,0.11332821651016697
3930160,af8d3340-d583-4678-9564-31922d8b4608,Croatia,Marcelo Brozović,1,635.9529678930376,0.11837029298669167
3930160,ee0179fc-c4f9-4098-ab1d-e5b2f2a3fa25,Croatia,Lovro Majer,1,729.9593316292139,0.08827002412262595
3930160,100feae9-2d5e-48a4-a6ba-00a2aac66b33,Croatia,Josip Šutalo,1,492.81189747244485,0.0743650376580019
3930160,07dbeb9f-2747-499d-91f9-280197aaf763,Croatia,Dominik Livaković,1,691.632366354043,0.07617114182180988
3930160,e732d1a7-20a8-4992-bc41-749e847d718b,Croatia,Marin Pongracic,1,711.7281209916334,0.08111105201347546
3930160,15fa6804-ef03-4f47-a08e-852791ae508b,Croatia,Josip Šutalo,1,828.114036846893,0.05931962537322574
3930160,a850d1e5-1be0-448a-922a-f9c26bb18e29,Croatia,Josip Stanišić,1,686.0228140993706,0.07052948411124044
3930160,7bfd36f9-4b1c-4018-8cd8-fd6ff31dd6dd,Croatia,Lovro Majer,1,517.6753091990945,0.06844377898427258
3930160,d93c8dd7-da06-4996-9e67-b5e450bd808f,Croatia,Luka Modrić,1,503.5529927608252,0.071262112312439
3930160,61153861-a496-4da8-9b05-58aa55c7b062,Croatia,Josip Stanišić,1,456.3405075943108,0.08191504074461882
3930160,9e5e45ec-0e96-4f29-a6d7-c728151a4fe4,Spain,Daniel Carvajal Ramos,1,436.4284982383387,0.08161455818245048
3930160,9e07ff9b-5384-459c-9918-6c15e5e872ab,Spain,Unai Simón Mendibil,1,509.09693854185633,0.07022870627014609
3930160,26009a30-c719-4cdc-8e66-23ed9e0a8a28,Spain,José Ignacio Fernández Iglesias,1,893.0805844576207,0.07346994829290973
3930160,05fd9b75-c36e-4e81-ab27-8d45d5215c05,Spain,Fabián Ruiz Peña,1,336.27023389782994,0.06630671210657033
3930160,0107eb3e-8579-4f62-a7a2-6457796f6bf3,Spain,Lamine Yamal Nasraoui Ebana,1,402.3090091087714,0.2742130415764386
3930160,9b199e87-165b-4584-8fd3-216c44f6ae4b,Spain,Pedro González López,1,237.90250441302504,0.4045944867058914
3930160,e0633a4b-6a5e-4cf1-843e-26e7eb01b403,Spain,Fabián Ruiz Peña,1,172.0014735725133,0.41959307875826657
3930160,1dfce32e-3b6e-4a1a-a33b-8b5a9a325c8c,Croatia,Marin Pongracic,1,905.9994224398929,0.06918242036757621
3930160,83f7292f-aae0-4990-8db7-165c224a716b,Spain,José Ignacio Fernández Iglesias,1,422.00680745640767,0.1282796133062801
3930160,cf0fe3f7-0249-42db-b04b-b9d1edc7e575,Spain,Robin Aime Robert Le Normand,1,643.3003164545389,0.11841749985523348
3930160,b36c556a-9657-4f93-b570-2e1c608ff086,Spain,Daniel Carvajal Ramos,1,675.8402802919721,0.1124535825459862
3930160,58bc0da8-8a2e-495d-a4ef-181cb30a7177,Spain,Rodrigo Hernández Cascante,1,627.335062581984,0.10356108982655432
3930160,f62eedd3-1b46-4e04-afd0-f4419138cdab,Spain,Daniel Carvajal Ramos,1,526.473206051876,0.096187758894677
3930160,21fa5e72-714a-4924-8456-efe548a524cd,Spain,José Ignacio Fernández Iglesias,1,378.6393834282336,0.11071491375506616
3930160,706c7ee9-d84d-41c0-97ae-5c6f2f9aeed3,Spain,Rodrigo Hernández Cascante,1,477.5118083976199,0.1329099198468155
3930160,4227d842-1c9d-42e5-a57a-58fa4c419287,Spain,Robin Aime Robert Le Normand,1,488.6287221224156,0.14187372765335476
3930160,b2339836-764a-4a6a-809f-43754eebbe10,Spain,Lamine Yamal Nasraoui Ebana,1,239.81971462076473,0.468490545076988
3930160,b50ba453-2ed2-476a-898b-72fa4b4251ad,Spain,Daniel Carvajal Ramos,1,202.48182213784207,0.40175477289877604
3930160,73ea9d4e-46c4-49ac-86bc-ac428adaae2a,Spain,Rodrigo Hernández Cascante,1,323.39841501099033,0.3507823002539223
3930160,a57209f5-cc16-4747-93ba-c8d32b54cdc7,Spain,Daniel Carvajal Ramos,1,241.7324682328768,0.2686996717158299
3930160,17399a08-6473-4593-b18b-f2294026fb7b,Spain,José Ignacio Fernández Iglesias,1,242.89665412140377,0.150516120214912
3930160,e4dfcfee-4135-4f52-8361-546a0f3bda2a,Spain,Rodrigo Hernández Cascante,1,280.7633379248638,0.13949337196856573
3930160,79645a83-e20f-4bd4-9a39-b69790d210c8,Spain,Fabián Ruiz Peña,1,404.58952984502014,0.1322939012987981
3930160,1c7b48c3-c147-48fb-a07c-9564f1f4ddbe,Spain,Robin Aime Robert Le Normand,1,439.36095461055686,0.1279439394248291
3930160,1db9eb36-dc70-4672-8f73-294149eb373d,Spain,Daniel Carvajal Ramos,1,635.8058925549504,0.11267660779559578
3930160,b10760ba-6e1f-43e2-97cc-2b1d660d48d8,Spain,Robin Aime Robert Le Normand,1,551.4361618788921,0.1138186398851212
3930160,a9961f54-4a67-407f-8738-72464973d957,Spain,Fabián Ruiz Peña,1,534.1664509724654,0.11647003685985548
3930160,251284b0-8424-450f-a7d8-22a6ee8014a6,Croatia,Dominik Livaković,1,1396.8381765284432,0.06476345701273986
3930160,10e1fdf8-468e-463d-bda4-cc1855616ae2,Croatia,Marin Pongracic,1,1536.4286364914008,0.0676607674135942
3930160,d1139ca3-aaa7-47c0-9382-0384eb6dbb40,Spain,Rodrigo Hernández Cascante,1,1535.584155306893,0.17640986089868138
3930160,efd9e311-b65f-4623-8620-5c19b2fdf0b6,Spain,Lamine Yamal Nasraoui Ebana,1,314.6118584671496,0.16092491869319162
3930160,e6c5040b-b252-447e-bf85-14a381c590a6,Croatia,Josip Stanišić,1,1182.0076764976789,0.05372516947485655
3930160,199ae467-9798-47c6-9e81-b88bdd8c32d5,Croatia,Josip Šutalo,1,974.0853435078758,0.07357099637488479
3930160,694a5e27-c918-4127-89f3-415e77bb975a,Croatia,Dominik Livaković,1,1008.341781592507,0.07458516749719463
3930160,33481e63-2089-4381-a7aa-02f7c9d21cbc,Spain,Robin Aime Robert Le Normand,1,730.7043478284106,0.1467544786100204
3930160,36feb337-dbd3-44a0-9a54-5ceff93a82bf,Spain,Rodrigo Hernández Cascante,1,564.0745293712007,0.14953034884054292
3930160,f4f9b403-8ed4-4ede-89c3-331b1a5d53ba,Spain,Daniel Carvajal Ramos,1,435.5706841080988,0.1271189622332355
3930160,cd253c34-6caf-4832-9a03-a97bcd74728e,Spain,Rodrigo Hernández Cascante,1,583.6721850197775,0.12852517932128432
3930160,7b3447a7-39cc-446b-9161-fb6897b81e39,Spain,Pedro González López,1,584.5425357773983,0.12799857027802075
3930160,a1f8ba1e-eee3-4221-b72a-90a8093c4d58,Spain,Rodrigo Hernández Cascante,1,505.4303184455496,0.12373639989267145
3930160,befffd7a-b99e-4ce2-82dc-774fc1c28085,Spain,Robin Aime Robert Le Normand,1,453.31474465688615,0.10724503614295205
3930160,4bcb0fb8-73c4-40b9-a55c-87717df843d6,Spain,José Ignacio Fernández Iglesias,1,564.5910447302991,0.11841829969577504
3930160,c98d9fa0-fa77-46eb-8838-cf4aadeb008b,Spain,Daniel Carvajal Ramos,1,671.6534978016348,0.09448129891008682
3930160,94975037-0591-4a6b-aaaf-3f68efc34d7f,Spain,Fabián Ruiz Peña,1,566.5088079858463,0.08940359183985458
3930160,1f1c25ea-e3ce-46cb-bdc1-adc504ebd217,Spain,Álvaro Borja Morata Martín,1,416.1136637614692,0.11428295203870024
3930160,347f5c66-79b8-4064-9bec-ceb83693a6e1,Croatia,Luka Modrić,1,341.39922409909707,0.064031028002342
3930160,dd91792e-61ee-4657-9383-1c50015f229c,Spain,Fabián Ruiz Peña,1,509.050084748039,0.1338497952805356
3930160,090a6483-2b44-4ff6-a6d2-2805a81d10bd,Spain,José Ignacio Fernández Iglesias,1,562.6496531904621,0.11166738360720102
3930160,aaef1e0b-d1b9-41af-9c95-757467d75f8d,Spain,Daniel Carvajal Ramos,1,737.1632784218909,0.14368479910556006
3930160,2034ac34-0f37-437b-8836-72cc94608d53,Spain,Lamine Yamal Nasraoui Ebana,1,683.1003453439158,0.14377575643702994
3930160,20679e06-739e-4940-add2-1da3f1b41728,Spain,Rodrigo Hernández Cascante,1,523.767691437641,0.14342316581731857
3930160,d66f4593-d4c7-4f7a-b4df-2e3d5eeaa4ca,Spain,Fabián Ruiz Peña,1,427.8511933493505,0.13568750573925806
3930160,cd5936f1-caee-43bf-96aa-4f7aa17fc495,Spain,Fabián Ruiz Peña,1,423.45348067406593,0.18699798245181787
3930160,3fede570-bc61-421c-85ac-2744d7ddbeaa,Spain,Rodrigo Hernández Cascante,1,504.30199910997675,0.18236189479046785
3930160,bae9cb8c-a57c-4ed6-977c-7546adfe3f13,Spain,José Ignacio Fernández Iglesias,1,682.0689043223794,0.12566046352452445
3930160,af41a046-5713-4b31-8326-43f874d225e1,Spain,Fabián Ruiz Peña,1,734.4325707459108,0.13526223819831898
3930160,8227be1c-f71a-44df-8a06-2fbd3a6ee20d,Spain,Robin Aime Robert Le Normand,1,532.127216768465,0.1414054421130865
3930160,ad169481-b09c-4ed1-8976-12832c8a1c68,Spain,Daniel Carvajal Ramos,1,461.2913333497037,0.1290949368531449
3930160,36424fb6-4a83-45f2-82be-b40576aba285,Spain,José Ignacio Fernández Iglesias,1,489.9136890508347,0.15050800449498916
3930160,d8c487a1-0d21-470e-b517-13227289ce63,Croatia,Lovro Majer,1,709.8473431708971,0.05241350010363946
3930160,d8aaf616-ece6-4afd-95d7-87ca9b1ae682,Croatia,Josip Šutalo,1,488.168593552327,0.06034512507460498
3930160,56c108e7-1fec-4d6f-81e3-bf812d3998c1,Croatia,Marin Pongracic,1,621.1724311715288,0.05015296935424846
3930160,87882921-2619-47e4-b8c6-55152c535bf2,Croatia,Josip Šutalo,1,604.3658213122465,0.04906111650711573
3930160,5362ab60-8240-4dea-8d04-b4a004351ab2,Spain,Rodrigo Hernández Cascante,1,521.7742606052276,0.17557182633242738
3930160,89bbff32-f66c-4aa9-aa55-cfe31787f6bb,Croatia,Josip Šutalo,1,507.9903331002973,0.07513721849336201
3930160,1df85d47-a6cc-48d9-abde-87bfa67ec9fa,Croatia,Mateo Kovačić,1,398.2336488357927,0.07784571825404177
3930160,1482f910-a589-4dae-9275-92b8931f78d9,Spain,Robin Aime Robert Le Normand,1,404.806460848074,0.13564589329187476
3930160,943fcb36-be67-45e2-989d-4949f7cc87db,Spain,Nicholas Williams Arthuer,1,467.3426792995745,0.12926355447143864
3930160,070db82a-801c-4d31-bac6-e7033c36a61e,Spain,Nicholas Williams Arthuer,1,201.91911228286725,0.2776662476338353
3930160,eaa7ae72-ff2d-4e2f-b38e-e00ea2d83bdb,Croatia,Dominik Livaković,1,1223.151601105201,0.07504633843849783
3930160,55da864b-6d1e-46ef-8197-c864be6e54d9,Croatia,Ante Budimir,1,1077.5279562924247,0.055912110691758186
3930160,55c9d09a-dcee-489f-bcb9-a4d958e4603a,Spain,Robin Aime Robert Le Normand,1,656.886699458696,0.06867524805822188
3930160,93d99b63-c056-4012-9b19-2136536afcad,Croatia,Luka Modrić,1,797.0478306648487,0.10034090820936634
3930160,b87c2bbe-aeb9-4637-a50b-9dfa5a4f5777,Croatia,Luka Modrić,1,731.892263231739,0.11466299048758359
3930160,231c4593-c45f-4e57-afe3-e02b076166bb,Croatia,Josip Šutalo,1,645.9172649725759,0.062155112810445425
3930160,448c5f16-2bfa-481f-9b05-6a156bc7656e,Croatia,Marcelo Brozović,1,555.0710232315141,0.08088553370293053
3930160,4c7038d4-5198-4b8c-8b08-6ece3c8ad6a4,Croatia,Marin Pongracic,1,695.6740100856576,0.08612957224792996
3930160,8c33b774-9362-4eea-88e5-1989079600ed,Croatia,Joško Gvardiol,1,689.0550850012906,0.0956310515074417
3930160,8cc7487f-e8a2-455f-bddf-5969e8e8f4d9,Spain,Rodrigo Hernández Cascante,1,819.3708866632841,0.09801131249556659
3930160,e1d8c4d5-73d1-49bd-b090-245affeca123,Spain,José Ignacio Fernández Iglesias,1,542.1243341042014,0.09821122276968136
3930160,e511b775-48c1-4f2b-acba-9013b84856cf,Spain,Marc Cucurella Saseta,1,662.8859116330161,0.07976437197248397
3930160,91dfef0b-45b4-4735-81d4-6e1ec20b3fdc,Spain,Unai Simón Mendibil,1,665.6060721092088,0.08027686875868012
3930160,ca5d4d65-20ee-48a4-87eb-a083fec4d851,Spain,Robin Aime Robert Le Normand,1,699.3527083163737,0.09269846783017029
3930160,df6b8297-a56a-4219-a935-47aab733b73e,Croatia,Marin Pongracic,1,1359.9739054908293,0.06039218375770527
3930160,6811d98e-33c7-4918-8a25-0e259521f07f,Spain,Fabián Ruiz Peña,1,844.5516325205701,0.2179192060731805
3930160,9be83b86-b49d-4a58-9216-191824f4d114,Croatia,Luka Modrić,1,815.1726547615925,0.06401604767030447
3930160,599a44de-dd39-4b76-a044-018bd180ffa7,Croatia,Josip Stanišić,1,661.18962578123,0.08986769073003706
3930160,87652678-19d7-402e-af2b-0b736737fc42,Croatia,Lovro Majer,1,541.027708767409,0.09185872009293022
3930160,4bc4d65f-c6f1-4412-aaaf-de4986f57ace,Croatia,Andrej Kramarić,1,449.814463233281,0.11228137604937449
3930160,dd471687-e638-4aac-aefe-26690281c998,Croatia,Marin Pongracic,1,510.4026484202121,0.11047127648805649
3930160,c2ea7166-08a7-42b9-b652-8413d9c2662b,Croatia,Josip Šutalo,1,549.5545868563531,0.11715822634390843
3930160,510d570e-5348-485b-ae9e-464e189c82f6,Croatia,Luka Modrić,1,599.9647541284949,0.10657993955820957
3930160,98053f22-f2b1-43c1-b82e-0977206748ea,Croatia,Luka Modrić,1,616.6519653448306,0.10502597968353083
3930160,b72ee64a-6e1d-42bb-98e9-5a946f171497,Croatia,Mateo Kovačić,1,535.1068282111156,0.10131209921213956
3930160,5eff1427-71c6-4e92-9dfa-84edc0944f52,Croatia,Joško Gvardiol,1,523.9530649510328,0.09799024968123246
3930160,b8283c08-ea8a-493f-a77e-90eee5787635,Croatia,Marin Pongracic,1,546.5906867099029,0.10310046008790563
3930160,5941f48d-80db-48fc-a2eb-23f6f2df2d91,Croatia,Josip Šutalo,1,613.9532739877909,0.08862804088330431
3930160,3d6fd04a-959f-4f29-8199-e06213feef1e,Croatia,Mateo Kovačić,1,515.3017109826867,0.11544373933435777
3930160,d37833e7-ab59-4d2a-b737-62eb94f6867f,Croatia,Andrej Kramarić,1,510.90348869104616,0.10997626075036274
3930160,225cf146-7b61-4b71-8c4d-1a7d8f3c21de,Croatia,Mateo Kovačić,1,437.30916690420383,0.13967425540502787
3930160,d1a5d6f8-cc82-4295-866a-a47ef173d8e1,Croatia,Luka Modrić,1,542.9641794712294,0.11238557591817697
3930160,3e37ae7e-09c7-4a1b-8813-d98ada5044d3,Croatia,Josip Stanišić,1,485.26496725073827,0.12407956099597466
3930160,fb4e0810-008f-4f8d-8f81-4044cf39dead,Croatia,Luka Modrić,1,526.7993944398488,0.10683141590615236
3930160,7b56a870-f9e7-4d2e-a214-02fd075357d5,Croatia,Marcelo Brozović,1,547.6880299529103,0.09767658362814818
3930160,b68b957a-ca4f-42b0-94ed-06f48f8e16c1,Croatia,Josip Stanišić,1,548.9091896635389,0.09935687975669286
3930160,05a272e1-4054-4940-b67b-241ab76bf0fa,Croatia,Lovro Majer,1,597.4347462473429,0.12315163710567875
3930160,c56b7e5e-2cbb-46c4-92d7-0c4fdbb65f76,Croatia,Andrej Kramarić,1,404.2537239823689,0.07358974462509267
3930160,fc3e4a31-d487-4f04-9a7e-00a7648e01f7,Spain,José Ignacio Fernández Iglesias,1,1175.028983152451,0.07120026463264345
3930160,3f567a9c-f973-4ebf-950a-dceea59d79ac,Spain,Unai Simón Mendibil,1,1329.2734346334705,0.06715312511897666
3930160,79bd271d-12fd-4def-9894-c3cd8ea9fddb,Croatia,Mateo Kovačić,1,487.7088464216794,0.12285923903660095
3930160,ae65929d-7c20-4c86-b175-04de40deda26,Croatia,Marin Pongracic,1,573.4515416885381,0.10365027084437291
3930160,9aaedd45-3464-44a1-94b5-82c2d10dcab2,Croatia,Josip Šutalo,1,674.8349181194841,0.0969824443236365
3930160,99943bfc-6d32-4d86-9c81-7981f0078c34,Spain,Marc Cucurella Saseta,1,733.5085158011937,0.09458179044933482
3930160,61bd3da7-b470-42f2-b72c-4b0becede794,Spain,Pedro González López,1,710.6804262147945,0.09237834053113066
3930160,b31e2b0a-c4bc-44d0-a799-bcc4efd1752f,Croatia,Josip Stanišić,1,656.5649195654812,0.053802920284905166
3930160,6e98cdff-b6b1-48e0-9a1f-5fd4ebe9feeb,Croatia,Josip Šutalo,1,1281.123130775055,0.06830205402752057
3930160,8ebe9b9d-947d-4a13-8fd5-fddf840c5e73,Croatia,Josip Stanišić,1,1103.0962112498569,0.05347521149934248
3930160,1af034cb-5bf4-4806-98e1-7843b7b8a1df,Croatia,Lovro Majer,1,271.7370349499004,0.07142281046075674
3930160,126f5649-e48e-4082-b2ba-e13f98a8890e,Croatia,Andrej Kramarić,1,228.50286773983137,0.06705434283424158
3930160,4db74344-6a2d-4e32-8ebe-87cf5b11890e,Croatia,Lovro Majer,1,347.5363197121535,0.14379316468607406
3930160,0c9d0730-9374-4d53-84ba-2be6956bbc54,Croatia,Josip Stanišić,1,394.342150036672,0.16814307236192053
3930160,41fc58af-77c6-448f-b9e6-ade18b5ab78f,Croatia,Marcelo Brozović,1,440.4398377154351,0.16805208104544794
3930160,37717e85-fe66-4cce-8889-be8af7e0fa26,Croatia,Josip Šutalo,1,466.9425181865149,0.12658906101886985
3930160,1f082335-308e-4379-b057-2df93f05ea46,Croatia,Mateo Kovačić,1,558.4511832851449,0.14960696842472984
3930160,23b4bf07-f4dd-40d7-bf61-2c5edca5c441,Croatia,Joško Gvardiol,1,376.7398803062297,0.12116125439557698
3930160,82677a61-727c-483a-b942-de1b14c00970,Croatia,Josip Šutalo,1,409.6250673361473,0.12166741774927094
3930160,dcd06dba-1adb-40bb-8fc2-25374eeef40c,Croatia,Marcelo Brozović,1,568.5976775683405,0.10694478348745698
3930160,89176799-9077-493c-836f-7ce19a110e2c,Croatia,Marcelo Brozović,1,576.2724126224339,0.09201909293869498
3930160,cd097af5-278d-41f1-9c06-9dfaa98db526,Croatia,Josip Šutalo,1,495.9324631428293,0.11569155503723039
3930160,1b4cf57c-2ae4-4399-9da0-5065828f62ca,Croatia,Marin Pongracic,1,600.0227026507426,0.1135334789265649
3930160,4d7b87fc-7b91-4529-8803-b499a5606607,Croatia,Josip Šutalo,1,682.89650146642,0.09020475360057516
3930160,e48ab924-0bb6-4563-bfc4-fa5424be6a1e,Croatia,Mateo Kovačić,1,551.3929363515392,0.11571395440701682
3930160,c6e77a6a-3063-4528-b2b9-3dea793bcb14,Croatia,Josip Stanišić,1,732.0715358122967,0.09438252378181014
3930160,7bd9e4d5-5357-4df2-b103-4c07bfeb243d,Croatia,Marcelo Brozović,1,607.975769894335,0.08389572388883909
3930160,83ae3613-9298-4ba4-84a6-7b71a8e9601d,Croatia,Lovro Majer,1,597.5001348152792,0.09361381012656163
3930160,1448b644-23ac-404d-84b1-6c25ae1706ff,Croatia,Josip Stanišić,1,661.4270196563122,0.11004487177649856
3930160,38044141-b29d-44fc-88bd-3add3881ee31,Croatia,Lovro Majer,1,133.50289005237903,0.5231978726585079
3930160,9ecfff43-a3fd-4f17-9786-f90e39d17afa,Croatia,Josip Stanišić,1,698.9810611575135,0.1634114787123371
3930160,cc9ec999-bb3d-4611-9271-f21c416a1262,Croatia,Josip Šutalo,1,531.2830889059442,0.10301338617283186
3930160,1e83bde5-0c2f-4998-a808-ce599a850e25,Croatia,Mateo Kovačić,1,447.2176809795196,0.13733217938786668
3930160,94769c71-a556-4fad-9a06-c64c6afe650c,Croatia,Josip Šutalo,1,540.487892816017,0.11520147331646988
3930160,0db5f975-17eb-4aed-9774-80cf7040ed83,Croatia,Marcelo Brozović,1,719.7476013075168,0.0940847627109973
3930160,417dbe94-b859-4919-bdec-3f0f52540154,Spain,Marc Cucurella Saseta,1,451.96701710946354,0.11603344728647803
3930160,479b6031-b5b5-42a5-ae1e-4c542281c88e,Spain,Nicholas Williams Arthuer,1,428.2457764990258,0.11777797485157397
3930160,0152956c-4588-43fd-82e4-9d92b0f4b005,Spain,Marc Cucurella Saseta,1,455.92552917057924,0.10406859656726508
3930160,d5724733-9b21-4d8a-ae6d-49c39135976d,Spain,Rodrigo Hernández Cascante,1,387.26840193535594,0.11113374584511058
3930160,73fb7e11-0bce-49a7-b1ce-cbddd23460d2,Spain,Fabián Ruiz Peña,1,398.6000999192472,0.08743938296542379
3930160,6eea6fb2-0b85-440c-be04-3c7905263468,Spain,Robin Aime Robert Le Normand,1,434.79701417899213,0.10094597711038032
3930160,df0d4e05-5160-4f3e-b71f-2e0ddbde8160,Spain,Daniel Carvajal Ramos,1,513.213239597939,0.08899682987107524
3930160,7d9127b6-ed31-474f-ab4a-f592abf82570,Spain,Pedro González López,1,457.027786260074,0.05620608168603478
3930160,01126bd9-5b8b-429a-a08e-0068e3325f58,Spain,Unai Simón Mendibil,1,986.5807346666824,0.07232956856889972
3930160,26e07d46-7bd1-42cd-bdab-c4be892b9873,Croatia,Josip Šutalo,1,831.1081748206817,0.11330825391848898
3930160,00ff8707-1091-486a-8326-88a08f49c07f,Croatia,Lovro Majer,1,681.2635483817531,0.10610090157180102
3930160,ef2c341c-373b-4de8-8f43-b7fd7b46ed01,Croatia,Mateo Kovačić,1,659.812429612577,0.08774825142246989
3930160,c0b832d2-7a68-467f-b9ee-51bd07bf171e,Croatia,Marcelo Brozović,1,736.5548485051038,0.07345675767922821
3930160,6fba87a0-ebcb-42ad-884c-8a0a82e8405e,Croatia,Marin Pongracic,1,825.6824694085471,0.06723389930916125
3930160,53e355d6-ffdd-49b8-84ea-46cefae30861,Croatia,Joško Gvardiol,1,995.2291117338698,0.0688566527563396
3930160,f9a45971-2f48-4962-99a1-4bb566af51b7,Croatia,Joško Gvardiol,1,543.0316982898177,0.08612959515160871
3930160,acfd22c7-3574-4c14-b801-46d37ec33dff,Croatia,Andrej Kramarić,1,580.3731052625119,0.0914871438513285
3930160,d35c14bf-746a-4e22-87a9-55456476a48a,Croatia,Lovro Majer,1,586.3987488069697,0.09471023545755577
3930160,28d886fe-dbe1-4941-b789-8377ca055ee3,Croatia,Dominik Livaković,1,878.2053270203742,0.0801937401715882
3930160,231c3004-054b-4182-b097-468a8cdf3cc0,Croatia,Josip Stanišić,1,540.8591507569589,0.09815980053930476
3930160,4c0d2bc7-186f-481f-a80e-52abc486acc2,Croatia,Mateo Kovačić,1,475.391206070858,0.10379722333339647
3930160,d6248a58-409c-4d26-be19-ac3069536eb3,Croatia,Josip Šutalo,1,431.8322771468011,0.10411996230799772
3930160,625c6ae1-c76f-4a9e-8ccf-c1eda7922c4a,Croatia,Marcelo Brozović,1,672.3080489615986,0.07815801363511996
3930160,1ad452a8-3ada-4e93-83cf-c70538361e49,Croatia,Mateo Kovačić,1,704.1277772432137,0.08121179583967712
3930160,b0991d67-27d0-4bc5-ba2d-e73054c384b9,Croatia,Lovro Majer,1,657.6320281999456,0.07898189513779771
3930160,593afb4e-5423-4074-b4e1-6e3d066e823c,Croatia,Joško Gvardiol,1,594.627778915252,0.10136233669597872
3930160,c5eaf8c3-4cc3-4070-90d6-2115c7fc7f12,Croatia,Marin Pongracic,1,630.60474159358,0.10872319694971809
3930160,09e63c3f-b49a-4cbe-94ec-73e9e9bfddfb,Croatia,Luka Modrić,1,466.0975533602916,0.1306207705154063
3930160,02aa7362-4ec6-4b0d-8cfd-c2bc364cf174,Croatia,Josip Šutalo,1,445.10473340024015,0.12792818403595763
3930160,a82d873d-2568-437d-a3a9-9981e5b54ee3,Croatia,Andrej Kramarić,1,452.1558028659443,0.11284438364093047
3930160,0cae69de-7da8-4be0-99a7-7914f5fe433e,Spain,Unai Simón Mendibil,1,518.9737088076126,0.06114186126871371
3930160,adb53170-4a12-4939-9c4a-7afad62ddd9f,Croatia,Josip Šutalo,1,827.9071116330891,0.13444896952963103
3930160,e56157f7-92d3-4bf6-86e0-0387715a7c2d,Croatia,Lovro Majer,1,727.8875239644558,0.15712133945378873
3930160,86a65cb3-b162-4eb7-8ba4-7050b3a80fe7,Croatia,Mateo Kovačić,1,584.6363542186403,0.11247696152264874
3930160,52c6b3fa-d032-4076-9ae2-49b24b7b46c9,Croatia,Lovro Majer,1,533.0795864960589,0.10691836862500229
3930160,8d694cc4-b50f-43e9-a989-39b61f74ab9b,Croatia,Andrej Kramarić,1,344.82343582919043,0.1423341154333528
3930160,8586932f-5394-493c-802b-13613b9e4f1c,Croatia,Joško Gvardiol,1,570.0028449813842,0.09367385939783096
3930160,6ccb6353-c2cf-40e2-b1c2-3559544ea5a1,Croatia,Josip Šutalo,1,515.8195371941888,0.10571864908561027
3930160,d692d038-9177-42d4-bfb9-30385710da30,Croatia,Marin Pongracic,1,506.7283255300972,0.12341541187867852
3930160,f5c2cc81-220a-4f79-b3a6-762c874bfbf4,Croatia,Joško Gvardiol,1,579.6236159923453,0.11097463245709606
3930160,1e0338f0-410c-4c78-bf5a-f9a457dc0736,Croatia,Marcelo Brozović,1,425.91244963494563,0.10118152244453166
3930160,fabe0e50-707d-4fec-a721-03ed73cf5e8c,Croatia,Josip Stanišić,1,180.4224979281237,0.1425586882011103
3930160,7a87535e-9466-4ebf-8ba2-c99b19babb48,Spain,José Ignacio Fernández Iglesias,1,1184.1759675340147,0.07417965767913716
3930160,cd244c97-6cd8-4cd4-8b36-c1c2b5858915,Spain,Marc Cucurella Saseta,1,1316.970392329076,0.04349463285260616
3930160,c3cb90ab-99b1-4a7f-ad16-2e4f70bcfeb5,Spain,José Ignacio Fernández Iglesias,1,860.6083358858864,0.071080599673921
3930160,707fdea6-c23a-46a1-81d2-a45a1210a7ee,Croatia,Josip Stanišić,1,1777.9632870096812,0.36898579830893946
3930160,1c7677f5-daf4-4122-af78-4bef5e7bec5c,Spain,Unai Simón Mendibil,1,1108.7273288329025,0.0648925367744747
3930160,330d12c6-eefa-48e9-858a-be8a06e4ed42,Croatia,Josip Šutalo,1,628.8003285120095,0.09402555137433473
3930160,b5f7d9cf-f976-48b3-9b33-1abf40943ee8,Croatia,Marcelo Brozović,1,661.3013205640823,0.1077420747231215
3930160,c32da1d6-3879-4b06-bcf1-44d64982cbe5,Croatia,Josip Šutalo,1,677.260693602801,0.08943369505367274
3930160,9c206d1f-b4f3-418a-8e0e-d6dedfb9b274,Croatia,Dominik Livaković,1,710.3478739515318,0.05005078697654547
3930160,1c66f643-fef6-4222-a598-f757ceab5edc,Croatia,Joško Gvardiol,1,299.1683150749433,0.055812076150524456
3930160,3c9f6494-3efd-4de7-abad-e396f752ef02,Croatia,Marcelo Brozović,1,422.51632618229206,0.08378783492545328
3930160,1ec623cf-bb30-444f-bdcd-1f58b5c0b158,Spain,Marc Cucurella Saseta,1,383.85801475222974,0.11433638303183404
3930160,7f404559-5f7b-42ec-b0f7-9b96ca22b888,Croatia,Luka Modrić,1,543.1595060413205,0.0925188009948219
3930160,aa9c3b4f-2238-49d1-9bd0-678aac808dda,Spain,Marc Cucurella Saseta,1,331.6275330352611,0.07515318663813728
3930160,d45235e3-4487-4c6a-80be-e62e18e87084,Spain,Marc Cucurella Saseta,1,363.0475396911516,0.057030531544781264
3930160,7c3fa5f4-9c4d-4cc8-ba90-d09bcbe8dac2,Croatia,Josip Šutalo,1,885.2345321223769,0.04759052929853885
3930160,288da273-8e52-4e5a-b78d-94dd571e5381,Croatia,Josip Šutalo,1,833.7128798344603,0.0509746782417336
3930160,cc042237-35e0-4aff-8c0b-8ea2fcefb888,Croatia,Dominik Livaković,1,835.3920404693149,0.049617319098423485
3930160,8a48a7a4-8b1c-4d2e-a282-d1545888c1af,Spain,Fabián Ruiz Peña,1,484.9208533325241,0.15202069543939323
3930160,c6354174-1266-473e-a48a-a23bd8f80e68,Spain,Rodrigo Hernández Cascante,1,525.829771555028,0.1501811629194189
3930160,b859d049-1196-47b2-893c-d52125a01909,Spain,Rodrigo Hernández Cascante,1,638.9564461608257,0.13712946651466199
3930160,ed4deb9e-0d1e-4504-ab78-44a017a29f79,Spain,José Ignacio Fernández Iglesias,1,602.185477202383,0.09552150335851595
3930160,077665a3-725b-4204-b564-106e79b425a4,Spain,Marc Cucurella Saseta,1,445.9697826844696,0.1304859698958801
3930160,c9a05db8-b8f9-42b3-9438-51602864d630,Spain,Álvaro Borja Morata Martín,1,499.2142122885564,0.09725018725529366
3930160,6f1dfa6f-b79d-41f4-8029-7fa6b6692aa3,Croatia,Andrej Kramarić,1,642.6592897630659,0.07685154961020078
3930160,8aea2def-bd71-4987-976c-415af46746b2,Croatia,Dominik Livaković,1,648.6518435632541,0.06429624977706802
3930160,073bce7f-8d5c-4943-af67-21796db3f7c1,Spain,Álvaro Borja Morata Martín,1,419.575092498044,0.11996397955828365
3930160,8d0a8656-63c8-4fcb-ba1a-ccd5773d90a5,Spain,Fabián Ruiz Peña,1,397.76660512750937,0.16190718321056613
3930160,3874da99-0276-42e7-8291-973d15c5ced7,Croatia,Ante Budimir,1,826.628243383714,0.05520781250851786
3930160,4736cb23-3480-4f8f-96bd-be0b1c492ebd,Spain,Robin Aime Robert Le Normand,1,169.00674039031975,0.06181639362437942
3930160,519440e3-8859-44f2-a1cc-32bdff2d2f8e,Spain,Unai Simón Mendibil,1,1039.1678344609522,0.05620544949884341
3930160,ef7e364a-31b7-4848-a6b6-cd849632533b,Spain,Robin Aime Robert Le Normand,1,1101.378806783421,0.06338340978156365
3930160,a06eca6c-7c56-4a60-a396-190940846233,Spain,Unai Simón Mendibil,1,1150.2940537431446,0.06825171772726596
3930160,53be90ec-5610-4d92-89f2-756b59207621,Croatia,Lovro Majer,1,557.284630926969,0.035569110675248164
3930160,6ac58aad-16d9-47a1-b5a9-42e71fd22034,Croatia,Dominik Livaković,1,815.3023566235028,0.054576892849948065
3930160,64a81c0c-c3f7-4356-aad2-f1dce38584ef,Spain,Rodrigo Hernández Cascante,1,523.4169020775009,0.10518025520791428
3930160,0c50c04d-02f3-43ce-9b63-73ded2d0667f,Croatia,Lovro Majer,1,727.1818598827355,0.08923573116582394
3930160,3bc127ce-d957-495c-91c6-365855647c7e,Croatia,Josip Šutalo,1,758.3929511977539,0.05438674805046063
3930160,59d6293b-c659-4d2c-b4d1-866cca33df9e,Croatia,Marin Pongracic,1,807.173660767471,0.08654161963622597
3930160,ad60d331-35f1-441e-ab3d-ecfc2e96fc2a,Croatia,Joško Gvardiol,1,738.8565643963218,0.06497347263158865
3930160,d19fbeac-1d03-42e8-b986-492879c7ac32,Croatia,Dominik Livaković,1,925.9770116769321,0.07329206609105886
3930160,8beb39b4-6f08-4cf7-9005-480339133ee4,Croatia,Marcelo Brozović,1,744.8859868082707,0.06793514098370987
3930160,d65af29b-da70-4464-a73c-a79348cc94d3,Croatia,Marin Pongracic,1,662.4307474602488,0.07367055027896852
3930160,d764b2c7-248c-463f-ab3c-7957d150b785,Croatia,Dominik Livaković,1,511.4259112383817,0.06070101025987723
3930160,572985f5-232e-4502-852f-79e61402a787,Croatia,Josip Šutalo,1,881.9195821116825,0.06788161697452713
3930160,e95f6d34-1ea9-41d4-a70f-5139626c92f0,Croatia,Marin Pongracic,1,725.5317031893609,0.08591257008903368
3930160,ebf0ab1f-d1aa-4f2e-854a-937d1c252fb8,Croatia,Mateo Kovačić,1,724.9976231729838,0.08475324004715985
3930160,1e8b9b50-f08c-4078-abae-99debe1eac0e,Croatia,Marin Pongracic,1,714.7429789896873,0.08521467082811998
3930160,cb0e4379-1f89-409d-b5b5-f6349606801f,Croatia,Luka Modrić,1,661.2353279027881,0.08967463739800055
3930160,72fb4a5b-caa3-49bb-a532-8887ed986829,Croatia,Joško Gvardiol,1,624.2556584262629,0.07952487887378977
3930160,7ab97958-9652-4a4d-90e3-850f1b066cbf,Croatia,Marin Pongracic,1,592.7473142733239,0.08082142098519467
3930160,cf445282-a2c8-4b60-88ed-e3eb8b03a799,Spain,Rodrigo Hernández Cascante,1,407.39812773581116,0.07472596820058959
3930160,b953bd5d-3a8e-4867-936a-3305c67bdb8a,Spain,Fabián Ruiz Peña,1,321.6896193936838,0.08373100601690159
3930160,baca697a-8e9c-4bbf-9437-6d74ab498f60,Croatia,Luka Modrić,1,531.8635883737921,0.1093583231759459
3930160,e0320e29-0da8-40ed-96b3-233c936cec4b,Croatia,Mateo Kovačić,1,412.84094009241915,0.11807764919997782
3930160,166783bd-3ef0-467f-bba8-8834fbf6dd05,Croatia,Marcelo Brozović,1,523.0044738845899,0.10779681502195078
3930160,7d0d3276-9c8e-45ca-8749-3aa006c2e214,Croatia,Luka Modrić,1,666.5447696023074,0.0953797114200029
3930160,4b209f03-db93-49b7-8c32-92ee378f66a1,Croatia,Josip Stanišić,1,748.9693517761325,0.0954568531611235
3930160,334724c3-3537-4c4b-8e04-ffd8010e6ae9,Croatia,Lovro Majer,1,721.4958716223382,0.09370529434868007
3930160,22732752-8eca-48b8-bacc-2ae81e258938,Spain,Unai Simón Mendibil,1,1295.6957198465545,0.07395790025218635
3930160,4e2eae9b-5821-4629-b698-77cdca5a1a61,Spain,Marc Cucurella Saseta,1,490.52990613860476,0.07440247692219469
3930160,0f85455e-9a31-4f95-8b2c-cacc3eb13654,Spain,Álvaro Borja Morata Martín,1,544.4901685129076,0.06612230904097417
3930160,1908d2e7-98da-4f56-be3b-879518ba7ce9,Spain,Marc Cucurella Saseta,1,616.8889867950256,0.07335507002919396
3930160,3c5e5793-47d1-4bd5-b1c0-37f565b99dbc,Spain,Pedro González López,1,589.2328052180076,0.06754201651766806
3930160,0e0af498-4a99-4dcb-873d-709345647988,Spain,Fabián Ruiz Peña,1,554.6851304784182,0.06803004270944085
3930160,5afe770b-7ffa-4438-805f-6992e7bb4a27,Spain,Lamine Yamal Nasraoui Ebana,1,88.15513190588081,0.3522941574645634
3930160,d0a43541-2d1a-4252-b7aa-cc99d9e7fb9b,Spain,Pedro González López,1,382.76653508571985,0.289521747439588
3930160,26c5e9bc-9bda-47e4-b629-3aa9d2b09fee,Croatia,Andrej Kramarić,1,378.1862809078085,0.12063846389799368
3930160,8aa80a47-63a9-4739-86f1-3463d221f046,Croatia,Marcelo Brozović,1,580.5747810138637,0.10823972664076882
3930160,98b6b8f9-cb05-4f51-a07d-a37004fe9932,Croatia,Mateo Kovačić,1,604.8629599913126,0.1099922497902161
3930160,f0c39f51-84b9-4a94-9d82-2ca7b395659f,Croatia,Marcelo Brozović,1,577.9487005512818,0.10667784150066616
3930160,d8f30120-e17d-41d1-9671-10b4303bcc78,Croatia,Luka Modrić,1,573.3361137194064,0.10217687994425287
3930160,1db3e6aa-2daf-4d86-971e-b62119b20463,Croatia,Andrej Kramarić,1,475.65692434758085,0.11608004871931421
3930160,58d218be-95b7-44f9-bfa1-e66442de4b36,Croatia,Mateo Kovačić,1,396.3102339505525,0.11585314410458451
3930160,dc56ca8a-87cd-47a3-bc90-3fabe913a339,Croatia,Joško Gvardiol,1,234.27425721105234,0.2223141960420999
3930160,400de594-e3c6-443f-9db2-3fdcbea49448,Spain,Daniel Carvajal Ramos,1,1358.3491822153487,0.06401738678966873
3930160,ec688216-f6f2-44b9-bc75-6902915e57df,Spain,Pedro González López,1,709.4987922156323,0.05753569826260746
3930160,8a02fb40-f8b0-4dde-a281-0d87706f7b75,Spain,Lamine Yamal Nasraoui Ebana,1,625.8036689318365,0.061419643086430546
3930160,46408358-95c6-4617-8bbd-c1230060fd2c,Spain,Daniel Carvajal Ramos,1,491.43369139426653,0.06608317724061542
3930160,d7c92ff8-629f-4e01-ae7d-33ea81e5729c,Spain,Álvaro Borja Morata Martín,1,471.2286746523944,0.07907364950677341
3930160,8b33ec69-d18b-4923-a537-e325d5c5905b,Spain,Daniel Carvajal Ramos,1,519.1184427156016,0.09844913468030556
3930160,3423cadf-dd5a-44fe-b4b1-4a531e74c663,Spain,Rodrigo Hernández Cascante,1,535.2691587439401,0.0864976111713624
3930160,6dc2fcf4-5915-4b6e-98ef-1572c0b04e8e,Spain,José Ignacio Fernández Iglesias,1,590.7861818548472,0.10353627653843506
3930160,89291d1b-9d7a-464e-9d52-6be8420043ac,Spain,Nicholas Williams Arthuer,1,174.41630495132114,0.5122268099238303
3930160,f9cde9dd-6e10-4c14-aee5-99071e629a57,Croatia,Joško Gvardiol,1,486.4440912280221,0.06294677055519446
3930160,424c4b0c-2db0-47a4-baa9-ac769c7d0f4e,Croatia,Marin Pongracic,1,508.56508596509866,0.060614534358718074
3930160,f4a7cfbf-f579-4ce9-b392-392f4537999f,Croatia,Dominik Livaković,1,280.73157615071705,0.050472160064295425
3930160,31626716-edd1-45a5-b96f-ddb35425b345,Spain,Marc Cucurella Saseta,1,403.61463399812925,0.09815054314359264
3930160,c6c811d0-df08-4a71-9ade-4404836ffb3e,Spain,Pedro González López,1,432.2283671130963,0.09187348884091844
3930160,c2c5a3d2-2891-4415-95ea-18e8fe794c7e,Spain,Pedro González López,1,491.32831253931613,0.15052734313549268
3930160,c31164cb-07ad-4bf0-b4da-2140ab03af8b,Spain,Rodrigo Hernández Cascante,1,451.2162818508059,0.1288554496496353
3930160,6594ef38-3955-457f-a790-752955df9c6f,Spain,Daniel Carvajal Ramos,1,518.114211399376,0.10797433661328312
3930160,3a1dadca-4725-43d5-ab1b-7d2dc9838177,Spain,Pedro González López,1,466.54050289805514,0.10582425383906195
3930160,0917751b-8289-4724-bd7c-3315f19d102c,Spain,Rodrigo Hernández Cascante,1,442.25926348708253,0.11775878181043992
3930160,517e3ab8-d93c-4c82-90b8-9931faebfc85,Spain,Lamine Yamal Nasraoui Ebana,1,535.9649294559617,0.08384865650544945
3930160,a1282408-6916-4078-ae3d-9764d517e532,Spain,Rodrigo Hernández Cascante,1,434.3748409915131,0.11404854068467749
3930160,67e227fe-acac-4ffd-8128-557359ec7317,Spain,Lamine Yamal Nasraoui Ebana,1,431.8315259331524,0.0982021422326238
3930160,446d3691-3d3a-4973-b3bc-3da29247b820,Spain,Daniel Carvajal Ramos,1,479.4931540227743,0.09775446212743504
3930160,314c4f06-01d5-47a2-82c0-c32e2fcdfa84,Spain,José Ignacio Fernández Iglesias,1,355.727484830186,0.17550584655584642
3930160,9ea8a96b-82ec-421f-82f5-c4926e358364,Spain,Álvaro Borja Morata Martín,1,221.82119513483815,0.19622758505269328
3930160,cd8af81b-475d-4219-9349-4c9665f712b7,Croatia,Dominik Livaković,1,1297.061845115342,0.07488927002612801
3930160,dd5d5e81-3879-4ce4-b685-0bfb1374d164,Croatia,Marin Pongracic,1,1458.4401080008856,0.07397464294542383
3930160,4361c741-8413-4122-8978-e9331d48cb7b,Croatia,Mateo Kovačić,1,534.2173143961945,0.05710443492340503
3930160,4c598339-7438-418b-a4d5-095f1f9896bf,Croatia,Josip Šutalo,1,1031.2035654281224,0.06118953979984736
3930160,2170aa75-eaa4-46b7-bf72-895ac98be036,Croatia,Josip Stanišić,1,871.5660344293304,0.06010342139530817
3930160,30b5cbda-97e9-45a3-843b-050fce241ea8,Croatia,Luka Modrić,1,691.7774427207044,0.07095683723927353
3930160,852c8e78-d0a9-42b0-9409-5aa932c1b6c9,Croatia,Josip Stanišić,1,764.4915297823154,0.07934586705097287
3930160,b9626c5e-9ead-45a3-9dee-6aaf56509e0b,Croatia,Mateo Kovačić,1,680.4738934457575,0.10267891366052559
3930160,a8bf5e7e-e3fb-48f6-9b8b-37f1c2e7c445,Spain,José Ignacio Fernández Iglesias,1,801.1547953098157,0.07540657969647599
3930160,5a9927a6-d458-4c5a-b34a-b1210ab8af37,Spain,Robin Aime Robert Le Normand,1,505.4972989817779,0.07831057498134886
3930160,8b7baf05-115d-4f06-8811-0244f8fe7b6c,Croatia,Joško Gvardiol,1,534.4051148535816,0.06368393127946888
3930160,d0d206eb-233e-45d7-a591-2b247ff55ead,Croatia,Josip Šutalo,1,411.0223080852569,0.06707585264033213
3930160,862f7f52-31ad-4713-bbe3-df1a8eaf2cb4,Croatia,Marin Pongracic,1,118.98015042637621,0.07187650112729241
3930160,7cd35fe6-d8a1-4aaa-a876-4851f81ec684,Croatia,Dominik Livaković,1,709.3725498177645,0.07338676888391665
3930160,e855a3bd-1c9e-4ca6-9ae6-8952036e7949,Croatia,Josip Stanišić,1,725.8985043489791,0.065414419145038
3930160,54fdb627-f1cb-47d4-8fdb-45e67bbcfc78,Croatia,Josip Šutalo,1,509.3599658422899,0.0641998422307011
3930160,f05bfc71-6035-4fe9-b9cb-b89495fb66aa,Croatia,Dominik Livaković,1,537.3937335734764,0.06419608068265475
3930160,a305f833-041f-4515-a424-b5df6f484a60,Spain,Robin Aime Robert Le Normand,1,293.7233975658803,0.08627990886522434
3930160,a7105176-c2c2-4949-b52d-98d3d73d14c7,Croatia,Marcelo Brozović,1,321.5689591058163,0.07251018916854694
3930160,71c24e2d-c47c-47f2-b00b-df28b8020a80,Croatia,Luka Modrić,1,358.45325504285375,0.16279871630630616
3930160,08e45ea9-b5c4-4b00-a701-8cbd4ac65e22,Croatia,Mateo Kovačić,1,415.7432389106757,0.16104890244105055
3930160,9f1586da-8b67-48d4-8bd3-b5fe55a8fb87,Croatia,Luka Modrić,1,378.57198625374,0.16110009853114352
3930160,663a02bc-637f-4411-976a-c518ec8304f4,Croatia,Lovro Majer,1,488.97681165114454,0.1689045953399162
3930160,b4218958-e15e-4210-91a1-5dafd2b211d6,Croatia,Marcelo Brozović,1,460.0978317973217,0.15597130984846624
3930160,a9051b97-3a63-4aec-a85e-a2b99859ff99,Croatia,Lovro Majer,1,456.1647248393085,0.1608473383742887
3930160,a2955668-3abb-4065-a5de-f2a80dc75010,Croatia,Marcelo Brozović,1,467.7061576922914,0.13454158273997374
3930160,8be5c43f-1dc3-43a5-8f53-b3c76a80e9cb,Croatia,Marin Pongracic,1,433.6530254067591,0.12736653439869214
3930160,54ec6412-a93f-48e2-8792-dedb3f5e214a,Croatia,Marcelo Brozović,1,460.0408323557676,0.14477054366685158
3930160,866a615c-b0be-411a-8c42-b3a2a91312ed,Croatia,Luka Modrić,1,482.496614715382,0.130358809398457
3930160,4e753e55-a300-4214-8b9f-bd002c2e5826,Croatia,Andrej Kramarić,1,305.91910656282244,0.21015657295341783
3930160,c9274fc3-b232-4f9f-99ce-fa4a138fd117,Croatia,Lovro Majer,1,154.34521040096482,0.3380213882887426
3930160,f46dd662-31b1-4aef-a6d3-12f085d4bc06,Croatia,Josip Šutalo,1,410.71916639973324,0.05475791548252816
3930160,d0791b0c-b5ff-434b-a767-cb217afdd1da,Croatia,Dominik Livaković,1,664.6309096253088,0.058632902257102014
3930160,e2ae3ea8-ada7-4df8-87d1-cd488fc83fc1,Croatia,Josip Šutalo,1,736.8564853201776,0.047436672056518574
3930160,3da50199-7914-4857-a19d-c613994a423f,Croatia,Marcelo Brozović,1,809.6796798339958,0.06612328068999837
3930160,18d2bfd0-4942-42bd-8422-269709cb2779,Croatia,Mateo Kovačić,1,537.5603916888895,0.06777844172698767
3930160,a52d8bd1-da99-42c7-8f44-f6d0d8c69073,Croatia,Marcelo Brozović,1,655.8880760740918,0.05928375047916486
3930160,6a66293f-f968-4a62-a6bc-acbbf4c5c7c5,Croatia,Luka Modrić,1,523.4917578911949,0.05241864044758905
3930160,db61b9ce-e022-4c42-bf07-b27d8e355160,Spain,Daniel Carvajal Ramos,1,833.6028946427095,0.11765019911535288
3930160,3542c188-f948-45ae-8008-1efc7d84b1ac,Spain,Rodrigo Hernández Cascante,1,578.9327275405286,0.14240684595357497
3930160,18d2feee-1578-4c22-b5ba-d2a0fc578c5f,Spain,José Ignacio Fernández Iglesias,1,487.3820765558034,0.115654494258186
3930160,627696b5-f88f-4279-9649-feaa86e9a061,Spain,Marc Cucurella Saseta,1,317.9644128968263,0.08240784004322112
3930160,ff40359b-e7dd-4a5e-a2fa-fa37b38a1e8a,Spain,Fabián Ruiz Peña,1,324.4361365518936,0.0941887667239058
3930160,1995a0e8-2fe0-44f0-afac-b56894571e80,Spain,Unai Simón Mendibil,1,783.3587204306898,0.06469640046623516
3930160,dbac4e70-996e-4dfd-9585-68b4751a209e,Spain,Robin Aime Robert Le Normand,1,896.7776127473973,0.0819825982043427
3930160,8960f504-e37a-4895-885a-ef8487e75333,Spain,Fabián Ruiz Peña,1,669.6025980484934,0.08998750132949979
3930160,692b1492-53ee-4553-895b-2c2dc8f437e8,Spain,José Ignacio Fernández Iglesias,1,524.599812206499,0.08187705803217221
3930160,15f5a552-c32a-4a25-a848-531b07da00b7,Spain,Marc Cucurella Saseta,1,268.03131761567795,0.23416901999226167
3930160,7d9768ba-e284-4390-8fb3-d61affcc6643,Croatia,Marcelo Brozović,1,533.8472826121177,0.07103209997170282
3930160,92425c63-02aa-4750-b6db-86a4a47fc711,Croatia,Josip Šutalo,1,640.0615632469028,0.05054054686929716
3930160,c1f14507-e682-415f-b27d-14f97b0056df,Croatia,Josip Šutalo,1,583.6307702634796,0.06296503360973485
3930160,438acf07-3e31-451d-aad2-cadd42e80dfa,Croatia,Mateo Kovačić,1,509.90940650343725,0.08471037473761465
3930160,f3afd8f7-bec0-4631-8455-36638251880c,Croatia,Andrej Kramarić,1,500.60279895571745,0.07135103865659648
3930160,47bfd561-9f69-4f29-bb9f-fee500b34040,Croatia,Joško Gvardiol,1,401.8127254858813,0.07804723641201952
3930160,72b52a28-c74b-4882-92dc-972868b49cb1,Croatia,Luka Modrić,1,383.5265176287919,0.13210318396571058
3930160,5976042a-8923-4b09-afc1-31e19c3cb535,Croatia,Joško Gvardiol,1,515.3420575628845,0.09153562266145579
3930160,594be06f-0690-4957-a04c-bfbfc810e4b9,Croatia,Lovro Majer,1,299.452862570377,0.1958850192174802
3930160,d99fa757-c974-47ee-8f9f-73aac1ffc5da,Croatia,Mateo Kovačić,1,393.0957039716504,0.19586574816993507
3930160,18d595ef-9668-4abb-b521-b50771b40739,Spain,Unai Simón Mendibil,1,263.1570822822721,0.13721970582889761
3930160,44db9086-76db-494e-91a8-62b3dbce6c7d,Spain,Álvaro Borja Morata Martín,1,413.0276516023286,0.11856774887372516
3930160,718dcb2e-25f6-4bb2-8291-4335a98db1af,Croatia,Marin Pongracic,1,416.3701628274111,0.08322800571196975
3930160,971884c8-02f8-45d4-af2e-10a8e7c90370,Spain,Rodrigo Hernández Cascante,1,345.2959841371254,0.14507706258503156
3930160,63f5e258-5237-4b49-801c-17bf5084f4b6,Croatia,Marin Pongracic,1,520.1681352372982,0.08323352544195785
3930160,fb723a48-df43-48fa-88a4-969f794b186d,Croatia,Mateo Kovačić,1,380.4013635421342,0.082449502124542
3930160,0c7eca4c-67e3-4a89-8bf2-e124a3576e5b,Croatia,Joško Gvardiol,1,205.9269590614585,0.12043879936985234
3930160,0c886809-11e0-4d55-9e8a-795f1b046dd7,Croatia,Andrej Kramarić,1,598.318151022891,0.17475037342566993
3930160,a9aa4c19-7e90-4740-a5ab-d765a9c6ba7c,Croatia,Luka Modrić,1,340.4618091401348,0.28441788229063947
3930160,3f6c8c0d-1de4-4825-ac20-104786ccd248,Croatia,Andrej Kramarić,1,360.69062357529936,0.27968984413751596
3930160,b8f10b5b-89b5-494b-af05-e59b961e6443,Spain,Unai Simón Mendibil,1,252.40311461502603,0.16883862797371824
3930160,1e3e09a9-e524-4ef5-806b-563aa561b97c,Spain,Fabián Ruiz Peña,1,324.44134825705663,0.11984967238799744
3930160,40d69b54-0968-46a6-8a30-41c9b605eeb1,Spain,Daniel Carvajal Ramos,1,473.65940111777815,0.10993868653980851
3930160,e39c09a1-2f2e-496f-a9bd-590d0398cb66,Spain,Nicholas Williams Arthuer,1,105.23592627184435,0.21592504119106998
3930160,54060fb6-eef8-44e3-bad1-27c5b5162163,Spain,Fabián Ruiz Peña,1,226.01161218451534,0.30241726109026257
3930160,a9ae42f9-ebdf-45b3-9c37-a7dd75e81c32,Spain,Lamine Yamal Nasraoui Ebana,1,243.4072292444017,0.44448957754313223
3930160,42e717b0-8456-44a8-93a2-280226406a2a,Croatia,Luka Modrić,1,471.4790670864028,0.11599656741011977
3930160,ca883267-10a8-4e5c-83e0-792de3ff6b98,Spain,Álvaro Borja Morata Martín,2,446.1221847022164,0.1127868041967215
3930160,a0d5704b-bd1a-494c-b452-b977f5e2928f,Spain,Rodrigo Hernández Cascante,2,663.6201836789749,0.1001777627101932
3930160,565df8b5-f51f-4192-9bc5-88af0bb38814,Spain,José Ignacio Fernández Iglesias,2,735.1063786444251,0.09309482013151432
3930160,9dbe83ae-369b-4c1a-9366-54afffbf4e61,Spain,Rodrigo Hernández Cascante,2,730.35462333323,0.10472323891057422
3930160,f4447b39-5140-4b38-a601-17cd41e23491,Spain,José Ignacio Fernández Iglesias,2,711.3293324039194,0.09407287264844238
3930160,89e912bd-7936-462f-a035-a938ed24c142,Spain,Marc Cucurella Saseta,2,829.8661818052838,0.0728961892482109
3930160,36aeba48-b15b-4b05-b33b-be021a606bc9,Croatia,Dominik Livaković,2,448.91637527488956,0.05337044089697205
3930160,3f4f64c6-9b1a-49a2-b273-73f78a24cb32,Croatia,Josip Šutalo,2,598.6760205606281,0.06433034197729795
3930160,b98e7131-754c-48e2-9b0a-9d2214eb01a6,Croatia,Josip Stanišić,2,569.0272929945409,0.06462787617859553
3930160,d78ecd31-94c7-4959-ab85-5a760f3a3045,Spain,Lamine Yamal Nasraoui Ebana,2,538.9448580514825,0.07572777585334209
3930160,f19e8756-2abc-4d9b-8ef5-ebbc8423555f,Spain,Fabián Ruiz Peña,2,710.8968389622939,0.10824273203167535
3930160,66aff198-d30a-4f6b-9de2-deceb33674f8,Spain,Unai Simón Mendibil,2,806.0341915749025,0.07578050701874768
3930160,08535c09-fb69-48e1-8869-f7491fa89e6a,Croatia,Marin Pongracic,2,1180.047064812414,0.1072366101546573
3930160,3b183b85-eca6-4091-b68e-93dd67cd97b3,Spain,Robin Aime Robert Le Normand,2,690.0464378486174,0.09566558576860984
3930160,ddbd2da9-efa8-479b-93af-49be76882980,Spain,Rodrigo Hernández Cascante,2,785.1440309958314,0.106570507155379
3930160,bae92196-1971-47f8-bcf5-443a2cff60dc,Spain,Marc Cucurella Saseta,2,742.1388823421762,0.08215815116653034
3930160,f81e095f-263c-49ed-abce-5623408b05a0,Spain,Unai Simón Mendibil,2,1038.5216328391393,0.07272378417392864
3930160,1f340065-8065-4739-a2dd-29ff77e86629,Spain,Robin Aime Robert Le Normand,2,673.9426723470008,0.0617895604294955
3930160,ea77a8b3-a706-4e86-8367-da5af59f18ea,Spain,Lamine Yamal Nasraoui Ebana,2,705.5728023658596,0.07037026636135982
3930160,f5ba5c5b-f163-49c1-b9ca-6ed6909cc485,Croatia,Joško Gvardiol,2,745.2917906145942,0.09432350122660811
3930160,72105533-2a56-474f-ad39-12361e1a98f2,Croatia,Mateo Kovačić,2,802.2516194709536,0.06318887873073362
3930160,6c877bcd-2315-410c-b0a6-4f74d50e4b19,Spain,Pedro González López,2,687.3794218115972,0.10421269524819189
3930160,ac3ac19f-5af9-4f00-80dd-620f14655242,Spain,Álvaro Borja Morata Martín,2,60.39559635420464,0.3333827731543254
3930160,2bfc519b-03fc-4f14-9446-58ce4991c6bf,Spain,Marc Cucurella Saseta,2,270.61869449686026,0.30717500475090864
3930160,77633c04-b643-4736-b746-e6102cd5a8c0,Croatia,Josip Stanišić,2,360.7259363325057,0.05563116882809649
3930160,803dd961-44a0-4ad8-9650-8eac45d76d57,Croatia,Lovro Majer,2,281.67417931729557,0.06731451625528588
3930160,11edfdc8-ad86-4bd7-950c-2eba225b3f94,Croatia,Marcelo Brozović,2,351.74706980406347,0.06325511593002453
3930160,e1fabcf4-8cc8-4f86-af34-fccf1e093ae9,Croatia,Josip Stanišić,2,651.2855371692281,0.05080821572362541
3930160,d287f7d5-5946-4911-906f-4bb7c12dffa6,Croatia,Andrej Kramarić,2,429.9476029742357,0.07514835120806013
3930160,cf6c7b67-a925-4724-8349-6b11c87db04e,Spain,Robin Aime Robert Le Normand,2,443.96162149794804,0.09479341956097531
3930160,05408b05-cbbe-4e7a-af67-9d6ea4df8a66,Spain,Rodrigo Hernández Cascante,2,619.4465163805894,0.0836884118976482
3930160,64aa6a3a-36ee-4c79-9d70-b306f9f1c9e8,Spain,Robin Aime Robert Le Normand,2,823.4275474917563,0.07611468365282428
3930160,a6644044-4a0a-4f49-8737-c22cb83d59f6,Spain,Unai Simón Mendibil,2,1001.9673115602184,0.06408808981842436
3930160,6a088289-5744-4cb2-b10c-abe2746996c5,Spain,Marc Cucurella Saseta,2,1051.0903205895681,0.06279483980893781
3930160,cd67a3e5-7670-4481-bce5-b25b6db16842,Croatia,Luka Modrić,2,1241.187388511302,0.13268508176229707
3930160,a86d519d-cbe6-48e0-860d-c97682ab5c60,Croatia,Josip Stanišić,2,1175.664070751944,0.12611792980840292
3930160,1ba785cd-c69e-48e4-b675-d3ca8c3c054e,Croatia,Josip Šutalo,2,625.1181896426172,0.11852368811607761
3930160,5dcedc59-e54c-4fda-b27d-ffa06b4f40f2,Croatia,Dominik Livaković,2,649.0589047846291,0.04893729618770322
3930160,6418978a-cc4d-4d45-80c9-c6941a3f5490,Spain,Marc Cucurella Saseta,2,464.1008625334319,0.08314762651444864
3930160,f0f2104d-0ef4-4194-82f5-fc7a8f014e2d,Spain,Rodrigo Hernández Cascante,2,343.8514770188654,0.15931941806000371
3930160,7356ef25-d75d-497b-a891-7302975e14f4,Spain,Pedro González López,2,367.59464158969377,0.1658430165435852
3930160,f8fb188a-3b69-4e03-8542-921a423c25dc,Spain,Rodrigo Hernández Cascante,2,414.2581456950402,0.14628505237236356
3930160,455e590a-701c-42b6-a0aa-47b03de41d0e,Spain,Robin Aime Robert Le Normand,2,614.9013049023058,0.10124822641390333
3930160,6e3590d0-732b-42e2-9bcf-b301ddbb17b3,Spain,Unai Simón Mendibil,2,768.3455624404337,0.06315062721838625
3930160,55700ed5-4630-4227-ad76-91f5e80ced74,Spain,Marc Cucurella Saseta,2,840.1331093268279,0.08306058955052761
3930160,34b982f0-ce47-455d-a3f1-c9ed26778d2a,Croatia,Luka Modrić,2,819.2577071571544,0.15580473496576328
3930160,a1af457b-1bb7-4e60-bce3-2bd883c883fa,Croatia,Andrej Kramarić,2,178.37134230969954,0.29831513289894046
3930160,51dd15ea-a490-4f81-917e-bce0537abe37,Croatia,Joško Gvardiol,2,363.87013996579213,0.24699692950477425
3930160,3c1d91d4-c574-4d3b-9092-86d0619dfa52,Croatia,Luka Modrić,2,369.9408165313271,0.18710092477453322
3930160,cd0f3a9f-f276-4702-aecc-19982fdc3b22,Croatia,Josip Stanišić,2,354.85629110440294,0.14237237080282775
3930160,00d13b59-a4b7-4830-b058-a88b5dddb5ef,Croatia,Marcelo Brozović,2,430.4536056820356,0.1657075379409152
3930160,52522294-03a4-4d06-b18c-4a734ef184d7,Croatia,Josip Stanišić,2,690.2709596950461,0.15896063404797714
3930160,e77c22d5-43a6-41a7-b2f2-81a25777351e,Croatia,Lovro Majer,2,693.2529731322966,0.17217058139708435
3930160,1a690b67-55db-4178-b67a-7f3915b83844,Croatia,Marcelo Brozović,2,493.6976012908643,0.15911810716001762
3930160,91500eba-d2f9-438a-98ef-6b996c5a3251,Croatia,Mateo Kovačić,2,347.95512289935994,0.17167864738425223
3930160,7a0dbbde-8d02-4fbc-acea-23cc86878344,Croatia,Andrej Kramarić,2,312.7982964379428,0.15864527785935123
3930160,e479d872-b91a-49ec-8745-a4a61d68199d,Croatia,Marin Pongracic,2,602.4977840967186,0.11471939151490271
3930160,0eb63bb0-c7da-48db-9d66-10d16f6014a1,Croatia,Lovro Majer,2,426.01939899593685,0.1271387412964515
3930160,5da4f202-b384-4619-b27a-c06fb3b2f9fd,Croatia,Luka Modrić,2,416.0244286130935,0.14983830369275153
3930160,98ac33f2-7365-4f79-b401-6c7ea1bc9c4b,Croatia,Josip Stanišić,2,588.1323110928021,0.14391710415476638
3930160,a77e9ba2-a9ce-4eb0-a516-e38e36237416,Croatia,Josip Stanišić,2,582.5120863677515,0.1961870944860209
3930160,8f406e1a-fc27-41c4-be40-f45494a3ac51,Croatia,Marcelo Brozović,2,557.3357597855525,0.20482127655566945
3930160,9667c91b-cde9-49f9-8951-21ab4392b189,Croatia,Mateo Kovačić,2,289.15679779197484,0.16193061011134519
3930160,f1ec51e9-d3e1-4911-bd91-a36bb5aa6139,Croatia,Lovro Majer,2,366.6990087497748,0.19158202765182478
3930160,33e405c3-7fc0-41fc-9dab-11c63b13be86,Spain,José Ignacio Fernández Iglesias,2,222.81161786372547,0.06506662579261062
3930160,39ffd918-dcd8-4463-b551-2ea9a08d33fc,Spain,Nicholas Williams Arthuer,2,284.2094268348642,0.05803828058821524
3930160,b26b0075-628f-4d36-878e-c22b657985e3,Spain,Fabián Ruiz Peña,2,641.0362091877466,0.06137665056257864
3930160,0a5dd046-ca8a-4c4c-93d2-1f983efe97f5,Spain,Pedro González López,2,113.28717063358846,0.06866974705700221
3930160,748f9da8-b6ed-4316-aee9-25576e9ee252,Spain,Pedro González López,2,67.95475408896571,0.20613240801549604
3930160,85fdb38e-8cde-48db-86c1-6438b56b0641,Croatia,Josip Šutalo,2,190.25500350246054,0.03458899819774497
3930160,bac2bac5-d76d-4261-99ea-69b0c0177d56,Croatia,Josip Stanišić,2,319.74141377060636,0.06410186228681786
3930160,8f3babbd-8567-4093-98ab-e519a69ae59f,Spain,Lamine Yamal Nasraoui Ebana,2,213.17672572167217,0.4584592958172955
3930160,53345b18-7260-4c60-9b2d-3410954fcf85,Croatia,Joško Gvardiol,2,283.0912338334103,0.04591754333576815
3930160,e48d12f9-8065-4e73-8908-27a730561f7a,Spain,José Ignacio Fernández Iglesias,2,734.8191354028559,0.12890056623390467
3930160,ba34938e-e055-4055-963f-a5d404c32c16,Croatia,Josip Šutalo,2,660.3435462795325,0.08847446578162367
3930160,c5090f71-ed4a-44be-80c2-ff6504bc5ab1,Croatia,Marin Pongracic,2,707.7136494851775,0.06641851603296703
3930160,643ecbe6-e469-447d-b5ba-ee04e7b2386d,Croatia,Dominik Livaković,2,900.6132182354984,0.06725454246023892
3930160,d4a55f10-30f9-4544-a997-cc1fdaf63aee,Croatia,Josip Šutalo,2,848.6420537545821,0.07051629222050555
3930160,53b74c26-3ae1-4aba-a60d-485894efc3de,Croatia,Lovro Majer,2,700.2475264309248,0.08312447450886626
3930160,568ba076-8b60-496e-af2f-3ea669b1c5bf,Croatia,Mateo Kovačić,2,321.99473048180016,0.1026472803168474
3930160,1072cc90-fc39-4162-a93d-01ae405ad8d6,Croatia,Joško Gvardiol,2,464.1041658868404,0.2538549639238735
3930160,d8d2f5d8-d198-478c-8410-b458e101d16c,Croatia,Mateo Kovačić,2,90.51172890709913,0.5802606797550532
3930160,7d8e662f-f4b1-44a0-8745-d7513be47b01,Spain,Daniel Carvajal Ramos,2,133.22058270286118,0.051834074504477884
3930160,f24f8662-6b6f-432d-8c75-19eda413516f,Spain,Marc Cucurella Saseta,2,808.9786490791721,0.07505004160342192
3930160,80b51888-9e82-4ccf-97c6-052bbfbecb7a,Spain,Nicholas Williams Arthuer,2,680.4953310833185,0.08735937991578557
3930160,56df2de8-a87a-4f2c-bd3d-e02bde7b8430,Spain,Fabián Ruiz Peña,2,405.73540988551434,0.10301799333263542
3930160,0ddf7ecf-40f6-4974-a6df-27b3562ab3ba,Spain,Lamine Yamal Nasraoui Ebana,2,603.7248594974205,0.08605230719057673
3930160,e0f89344-2544-4376-ab1f-10952be5aa89,Spain,Daniel Carvajal Ramos,2,625.9413639678413,0.09233099769361153
3930160,7033780d-3c0b-4ada-a3e5-46e2dae4afb6,Spain,Robin Aime Robert Le Normand,2,709.1441684253163,0.09564715835851441
3930160,1a9c70f6-4006-4d53-9e97-27f323d39f9b,Spain,Unai Simón Mendibil,2,1054.9571020119045,0.07884499523494634
3930160,d2374081-8d71-4e37-8ed6-b8fc45523948,Spain,Lamine Yamal Nasraoui Ebana,2,148.9773523212213,0.29907276730403975
3930160,428db39c-fd7d-4444-a6fe-0cc17d95202c,Spain,Nicholas Williams Arthuer,2,224.17224560260593,0.29806436366784017
3930160,0e053f35-ad3b-4373-a43a-512f3245d36f,Spain,Daniel Carvajal Ramos,2,236.32511120200408,0.2441719757421812
3930160,428b7603-adf2-4bfb-a87a-27ccd9906153,Croatia,Luka Modrić,2,545.1745207751808,0.06263124611083887
3930160,f4a9a86e-a06d-46d2-ae7b-017c6a081428,Croatia,Josip Stanišić,2,791.0724884615681,0.08020292924550426
3930160,cdde0feb-49cd-4b4f-b69d-b49f83f1213a,Croatia,Luka Modrić,2,761.5628100734245,0.0791951842057103
3930160,d91bd4bc-1bda-4030-85ad-160958e7b244,Croatia,Andrej Kramarić,2,732.4672938409632,0.05189260239968791
3930160,905d8cf1-7f49-4779-b1f3-643f8302dad8,Spain,Nicholas Williams Arthuer,2,247.08503095980774,0.10309751259356176
3930160,397aaaf3-b194-4ef0-a724-4c4a56fa52fd,Spain,Fabián Ruiz Peña,2,302.7149860893811,0.23604590430624695
3930160,08ccb3dd-5152-47df-a0c9-eaaef67ee0fb,Croatia,Joško Gvardiol,2,405.2451144199646,0.05108427477773487
3930160,65ccf813-ebbd-4fbf-8553-101266164741,Croatia,Mateo Kovačić,2,779.2858809114227,0.12182581677469224
3930160,dc29ea5b-c923-43a7-8b00-26f1150ff4b6,Croatia,Luka Modrić,2,300.91104261521696,0.11780998206358696
3930160,a82f858d-c99c-43da-ba79-280c6acb4b9e,Croatia,Josip Stanišić,2,333.12191350518435,0.2016846654216709
3930160,19eeef72-a11e-43c2-a786-b38190386105,Croatia,Luka Modrić,2,299.5441150896815,0.2429459805784348
3930160,a86e81dd-b162-49ce-840d-935c1df04ca6,Spain,Rodrigo Hernández Cascante,2,230.86971723572742,0.06209396864194874
3930160,169e73f7-e87c-457b-8a19-ff59797ee0d7,Spain,Marc Cucurella Saseta,2,249.32639764756215,0.057680662791112586
3930160,a626506a-c6a9-4d1b-9f7f-2cd31a754dc6,Spain,Nicholas Williams Arthuer,2,256.0170022152808,0.05463216753167923
3930160,1072f731-b638-41c1-87a0-6bda5a795e1e,Spain,José Ignacio Fernández Iglesias,2,933.0852754525808,0.07897021630593348
3930160,5c9e9020-0a98-417c-b548-63710ebfe41a,Spain,Rodrigo Hernández Cascante,2,945.0833063049058,0.08372376026094266
3930160,5a044e89-a7a5-4f4c-9bbb-0b1c0697d9ad,Spain,José Ignacio Fernández Iglesias,2,529.7857059720469,0.07522910939340549
3930160,65ce9d25-633a-4be6-b6a4-aefaa69da74f,Croatia,Dominik Livaković,2,168.78831416703497,0.0535345791255145
3930160,3f9408c0-63ca-404f-9f6a-8528af1096be,Croatia,Josip Stanišić,2,642.6312413149403,0.06227595225354856
3930160,c9a3748e-1217-4e8f-a075-83cf863bb6fd,Croatia,Marin Pongracic,2,578.264940959019,0.042586586767160185
3930160,8e5cc4e1-2094-45b9-8dca-7224c9764a18,Croatia,Ivan Perišić,2,622.4855666403289,0.05088817716394603
3930160,800d7e8c-d49c-48bd-8d2a-8ab7778f9a9f,Croatia,Marin Pongracic,2,1080.460498333629,0.046158841390931266
3930160,edc8d747-2771-4e6e-b30d-50132cd09fa0,Croatia,Dominik Livaković,2,1082.6145586361476,0.06269661898725579
3930160,2864ad3c-7a07-45cf-b54b-ea84f97f7322,Croatia,Josip Šutalo,2,666.4102187390538,0.08185896411914703
3930160,0c46b3ee-9e33-4910-810b-a649d0fc27c7,Croatia,Luka Modrić,2,624.8679078304799,0.08744292687099797
3930160,1147e472-9be1-4edd-b36d-0d926b40c1cf,Croatia,Josip Stanišić,2,485.83684061421616,0.10118101461563611
3930160,a4d93f6f-56e2-4d89-beb8-00fc8cc56820,Croatia,Andrej Kramarić,2,263.6547608053487,0.1839342098699168
3930160,c7637da0-de15-453b-b10c-94450a82e18e,Spain,Robin Aime Robert Le Normand,2,577.2885597911583,0.058669080945713714
3930160,1ce9ab29-6cee-4dc3-86e0-957f136b8ec6,Spain,Daniel Carvajal Ramos,2,686.4244838929269,0.054520092867942564
3930160,319941c5-bb16-4288-ade7-4c2766ce8cbd,Spain,José Ignacio Fernández Iglesias,2,901.9525018464399,0.07016703214253961
3930160,dd9aea23-1442-4fce-9693-941f84b46ab5,Spain,Fabián Ruiz Peña,2,692.2566325269901,0.08280569550292662
3930160,5d7056cf-bd24-4f90-a76c-e329b983ad95,Spain,Marc Cucurella Saseta,2,494.9822623186925,0.09783575605201209
3930160,42c5262e-b204-4ee9-99b0-11af97495b1e,Spain,José Ignacio Fernández Iglesias,2,736.0583534723015,0.09854847966035933
3930160,248a438e-234f-4b9b-879d-5ca3e9e68501,Spain,Rodrigo Hernández Cascante,2,731.3100058758021,0.11681707553232801
3930160,1360dbf0-300b-46ac-a48e-b1d171a2798f,Spain,Robin Aime Robert Le Normand,2,749.4415439924854,0.10372489343268207
3930160,171ae9ed-483b-494d-9aae-101822ffbc74,Spain,Fabián Ruiz Peña,2,709.3945340733526,0.09865543551804665
3930160,312d6ef1-9b21-4023-b8c0-6fcecad28461,Spain,Daniel Carvajal Ramos,2,753.4247719839038,0.09411398315761733
3930160,2fb6877d-9c0b-4988-b9c9-a5b038134a36,Spain,Fabián Ruiz Peña,2,795.3916617831646,0.08242498808863533
3930160,df4cee73-0dfc-428c-86f0-9c69109e04ab,Spain,Robin Aime Robert Le Normand,2,946.1097153529553,0.0852117688066868
3930160,0bfc79dd-94a7-42fa-951e-5d7c2a3d085a,Spain,Unai Simón Mendibil,2,1095.9808605099104,0.07340449494581565
3930160,591e4bb9-53b7-4df2-a526-82311acab963,Spain,Rodrigo Hernández Cascante,2,1109.3481694231018,0.07775977919795898
3930160,e2a3db39-0c28-4819-8aec-92cd9d81be45,Spain,Robin Aime Robert Le Normand,2,1062.8414369291459,0.05886031865242139
3930160,6e209c15-14a5-4140-8013-84f399cf4715,Spain,Unai Simón Mendibil,2,1151.0308013747056,0.06541922701820385
3930160,85acf046-5935-4900-ac45-1772a1e97802,Croatia,Marcelo Brozović,2,910.2540092023507,0.0944453993663199
3930160,45514642-bc42-4bf2-913a-f3036c4a9faf,Spain,Rodrigo Hernández Cascante,2,757.2187524380168,0.0897590655324156
3930160,252d2c37-5f40-4886-ac00-231910bfd76f,Spain,José Ignacio Fernández Iglesias,2,735.4605497729257,0.08558693318245562
3930160,c771719f-ea4d-45b8-af55-52f3560a63f1,Spain,Marc Cucurella Saseta,2,658.1784734670199,0.07743194353818
3930160,8d868215-34b1-4228-82d4-d425d415203f,Croatia,Luka Modrić,2,797.9667452581283,0.07450317699931416
3930160,1457c35e-ee1c-4d66-b845-2d001d7cc119,Croatia,Josip Šutalo,2,784.8933452508829,0.088245165400725
3930160,d4a5ec4c-cbc0-4709-b4c0-5c3e8ded4ff6,Croatia,Marcelo Brozović,2,793.2452990665433,0.0962616343880917
3930160,e7bfae4a-c9d9-4249-ad3a-9652c3a09f73,Croatia,Luka Modrić,2,711.0642137490596,0.07370927209033383
3930160,3b44935a-dd01-431e-bea0-280619b03385,Croatia,Lovro Majer,2,603.7469536174636,0.07334072808993174
3930160,2be9da55-5fa7-4f8d-ba76-5276b015a799,Croatia,Marcelo Brozović,2,609.296379765407,0.07142350540719725
3930160,fc347c5e-4f8a-4479-99c5-439dfe0f23d0,Croatia,Luka Modrić,2,639.3538328070013,0.07089248484184524
3930160,6bf1e50a-1cb5-454c-b0f1-dec038c9f60b,Croatia,Josip Šutalo,2,604.3278246340315,0.07331489147352876
3930160,f3315526-ecd7-4a5c-8611-7bc6d889b8e2,Croatia,Marin Pongracic,2,645.1023848151218,0.09021131719624952
3930160,90b49256-0b2d-4f45-86b2-f85b215b8f85,Croatia,Joško Gvardiol,2,641.731546920555,0.07278740358116606
3930160,5f528b7f-30b2-49cb-bc41-caefaf222249,Croatia,Marcelo Brozović,2,507.0017335424933,0.103573647319958
3930160,f4a9ff57-40d0-45da-9c96-b0271960ba6f,Croatia,Mateo Kovačić,2,217.91305230750646,0.15247179780645984
3930160,1cb29d1b-6f9e-41e3-90e9-65c1dfa67df0,Croatia,Luka Modrić,2,650.5432430009475,0.22010212924870096
3930160,9975901c-9ea3-4efe-8f9c-07b0e3165d5e,Croatia,Josip Stanišić,2,220.10715585235846,0.18425608103434207
3930160,ac9e6692-35dd-4b68-a66f-81817fbdf8be,Croatia,Andrej Kramarić,2,141.663515354745,0.25387791963277373
3930160,5283e198-85be-4155-a286-5d942b05818c,Croatia,Luka Modrić,2,247.27984293486256,0.1995491505766654
3930160,1979e24b-5871-477d-ac70-fa07a45d7aa7,Croatia,Ivan Perišić,2,301.1678839350934,0.2717176590900215
3930160,9e1b0a09-90ad-414c-8832-5e18a937543e,Croatia,Marin Pongracic,2,277.17861470154406,0.24889727574372747
3930160,7b55a07b-5339-4a96-825f-a4f755afe1b5,Croatia,Mateo Kovačić,2,358.57112313381253,0.19162728753885755
3930160,45a7fc3b-90d7-4b61-993b-3dd517e92d3f,Croatia,Marin Pongracic,2,295.4909499538304,0.1016588396481207
3930160,23bca1e4-a8de-403d-81f4-0a3421856898,Croatia,Mateo Kovačić,2,425.77591906447094,0.1656333079686686
3930160,0a409b71-915c-40d5-a333-373cdef64b1c,Croatia,Andrej Kramarić,2,421.66006354656014,0.16274701161079258
3930160,9c36f87b-3cf9-43c6-beec-09ee9948c024,Croatia,Lovro Majer,2,399.24582873723625,0.17513718446595816
3930160,06af4cc1-d286-496c-8b48-4ec23afd05ff,Spain,Rodrigo Hernández Cascante,2,409.3964060489948,0.11512486270476152
3930160,a8bc20ed-e9b2-4361-98c4-368f001d92d5,Spain,Fabián Ruiz Peña,2,400.2132180011683,0.14548064417341283
3930160,8141fe79-975c-4aed-aa3f-f5b90f7f0b1c,Spain,Daniel Carvajal Ramos,2,431.9739230598172,0.17470717095643795
3930160,e473614d-387c-4cbe-bb8d-92dc78164dc0,Spain,Robin Aime Robert Le Normand,2,499.94563701685877,0.15442102014304204
3930160,8bcaa2d3-cc4e-4a50-960b-ea49aac55f57,Croatia,Josip Stanišić,2,692.4732017362348,0.10050535626437512
3930160,208e2b36-2024-412b-b90f-0647ddc08533,Spain,Marc Cucurella Saseta,2,732.7514450069931,0.06831694619604828
3930160,3ec15be8-d23f-45d6-be6b-317f380ef77c,Spain,Unai Simón Mendibil,2,990.793809864424,0.0793247628107123
3930160,fa9b2ecd-e799-4bca-a030-435ecf492a1b,Croatia,Marin Pongracic,2,663.0911344110847,0.11086983274857728
3930160,faff8b45-2701-418f-980f-c09d4f385020,Spain,Fabián Ruiz Peña,2,638.53112361638,0.12279627202787657
3930160,2224e4c5-4c06-40e4-b18d-9074150279d3,Croatia,Mario Pašalić,2,708.4521855452892,0.11119654850944828
3930160,2160aead-74ce-4367-8a7b-f05295652860,Croatia,Andrej Kramarić,2,315.5163056894812,0.10126284960898106
3930160,424a0129-6666-46c1-b3b0-f4196f00e5ad,Croatia,Ivan Perišić,2,229.55558566718966,0.34010246812201617
3930160,577d7301-a5bd-4681-81d6-c7875c8cdfba,Spain,Daniel Olmo Carvajal,2,257.88481460391336,0.06580080899928167
3930160,a96ab5e3-3c12-4e30-8145-4d2d32dcbad6,Croatia,Marcelo Brozović,2,430.8320592880674,0.13177801939022693
3930160,62262b65-799a-4f5a-999f-d9977cb1aa10,Croatia,Joško Gvardiol,2,419.9624928659438,0.0910003897170894
3930160,6db5e036-586e-4f81-9e28-d4b354044af8,Croatia,Ivan Perišić,2,311.4129190423903,0.24073242633481695
3930160,f1414b48-3e2e-4c07-8451-f44dc11cd07a,Croatia,Joško Gvardiol,2,716.8074636207474,0.07715768317918703
3930160,594d9930-efe0-410a-a6cf-54e101ef4cb2,Croatia,Ivan Perišić,2,636.4903148319265,0.07191838093569006
3930160,4070369c-6937-4acf-8607-b37eae11e883,Spain,Daniel Carvajal Ramos,2,393.4295895905702,0.05632076284918605
3930160,d4435818-8efc-4306-a34c-d67346e52873,Spain,Robin Aime Robert Le Normand,2,317.72821530679784,0.04237794720660609
3930160,19254102-962e-488f-95b3-e0a5721cd7d3,Spain,Unai Simón Mendibil,2,319.8062137452618,0.052083025052413225
3930160,56f2ba98-6c85-422d-afb8-c639a44a8516,Spain,Mikel Merino Zazón,2,1110.2963411544572,0.071150803149013
3930160,2ff9c960-0b03-4d84-b4c9-122f2968828a,Spain,Daniel Olmo Carvajal,2,903.8129467706374,0.07572695635870161
3930160,2d20ae55-d01e-415f-ad65-f7eda79c15e1,Croatia,Josip Stanišić,2,855.3213444437531,0.0965619187567485
3930160,d67d7a2b-ea85-4fbb-b49b-ce309a0bff55,Croatia,Josip Šutalo,2,725.1401341601772,0.08139684359051617
3930160,12053694-2ea3-4c9c-b22a-ed2e8c7fcf81,Croatia,Marin Pongracic,2,841.9521967990275,0.07606332867918236
3930160,910858ea-961a-4f39-89dc-9f9ebcb0f047,Croatia,Dominik Livaković,2,1204.3140697590918,0.0678237703687363
3930160,a84458e6-071d-4fee-81a4-62c363e71bc7,Spain,José Ignacio Fernández Iglesias,2,721.4676010889293,0.10326817761160137
3930160,e3c8a4c0-2f60-40c4-a362-000d7355e5de,Spain,Fabián Ruiz Peña,2,883.7968360635433,0.09504379512980875
3930160,08380b45-13b1-4c50-90ef-427970886674,Spain,Robin Aime Robert Le Normand,2,717.8454759417848,0.08749530442995074
3930160,71857ce6-5013-4eb2-a619-566f5cacb018,Croatia,Josip Stanišić,2,976.1724712162634,0.08733808291864578
3930160,a25775f9-7203-497f-b7bb-9d68d7bcbb59,Croatia,Marcelo Brozović,2,678.9589594733269,0.06772832449905303
3930160,1f5444f1-e965-4cbe-bc7e-5fa010a2a78d,Croatia,Marin Pongracic,2,414.16050416740836,0.10071736406687788
3930160,2e8ba4a9-9813-4519-bac0-fb417e78b5d0,Spain,Fabián Ruiz Peña,2,661.805723960159,0.05774450988793079
3930160,6e44159b-b584-454c-99c5-691f3396abd4,Spain,Unai Simón Mendibil,2,698.2849591042894,0.06545761295936997
3930160,17796aae-b30d-4b3f-8ccf-ecd1ebcf10cc,Spain,Marc Cucurella Saseta,2,1055.6868120075376,0.0742516003371084
3930160,ac30b29c-bdd7-4502-ac2b-0ff466467810,Spain,Daniel Olmo Carvajal,2,1012.0740557327689,0.06825911664924697
3930160,0ed80ab7-319b-4f8c-b9d8-6e3a83d6ca03,Spain,Fabián Ruiz Peña,2,300.3110724113094,0.0623688824619088
3930160,b923fa45-c056-40d2-8e5b-a4db16f94d94,Spain,Marc Cucurella Saseta,2,832.7391673244526,0.14314622228480983
3930160,013e9205-c551-45be-893b-625fc9bc5880,Spain,José Ignacio Fernández Iglesias,2,819.7894974063557,0.12716315318218913
3930160,30236722-4d93-4633-ad9d-3b413383b4e1,Spain,Rodrigo Hernández Cascante,2,731.5575228017447,0.15241248421795314
3930160,17f5a09f-49bf-4804-bbf8-8410eb8eb986,Spain,Fabián Ruiz Peña,2,606.6571233411014,0.12518447549225437
3930160,7d725828-1775-477b-b284-973d0c158202,Spain,Rodrigo Hernández Cascante,2,530.8088752785993,0.13021117866069049
3930160,c2a7a6f9-4eec-46c1-93df-ee8b3c9f21f2,Spain,Mikel Merino Zazón,2,589.1737137418746,0.1369669834076663
3930160,9bc5898b-3fff-4108-8324-2233e8c610dc,Spain,Rodrigo Hernández Cascante,2,593.8767033982156,0.13061729808591913
3930160,a45330ca-b114-4dc4-8bcc-94e10ddc1931,Spain,Daniel Carvajal Ramos,2,799.0862060467033,0.0803842957579132
3930160,b76efa7e-331d-489b-b739-a235a6322fea,Spain,Robin Aime Robert Le Normand,2,759.2588604842742,0.0992530260053988
3930160,04195a7e-65f5-4a5f-9561-c5f9b3238d20,Spain,Rodrigo Hernández Cascante,2,548.2998434133716,0.1261926729319196
3930160,c28bc9c5-5a5f-44f0-81b8-e83bd0351bdc,Spain,Daniel Olmo Carvajal,2,680.68787563155,0.09900051814285586
3930160,6606dd43-7b30-4cb4-af64-5948bfe47c27,Spain,Marc Cucurella Saseta,2,708.8929983916059,0.1217484649157203
3930160,a2cc6400-54cb-4589-8809-926500588bca,Spain,José Ignacio Fernández Iglesias,2,877.2802114899388,0.11124953231276832
3930160,55b65264-8f4e-4daf-8eb5-157d85e2c0a2,Spain,Unai Simón Mendibil,2,916.4525849787157,0.0870165893896456
3930160,7413935a-244c-4b90-9716-9a04868934ef,Spain,Fabián Ruiz Peña,2,752.1290155271861,0.10180926845914794
3930160,bbe8ea6a-cc01-4e00-ab2a-44648f509c54,Spain,José Ignacio Fernández Iglesias,2,701.5908813112901,0.06472248606075778
3930160,2f0da575-4ac1-4673-b405-5ba07d0b1a17,Croatia,Josip Šutalo,2,1207.7540432102903,0.11907034986658113
3930160,31c64783-dfd3-4fc0-a79c-b157143f31ef,Croatia,Luka Sučić,2,545.972159310811,0.1330068748808598
3930160,e8264812-f33f-473d-ac38-56b377f7af15,Croatia,Lovro Majer,2,434.12131898559824,0.12475454386952883
3930160,5612e7a9-b650-4f4a-a9b9-16b5e5f97e38,Spain,Daniel Carvajal Ramos,2,675.4753747115401,0.082615590859457
3930160,d41ed54b-6d49-4727-9fb1-51f481320856,Spain,Daniel Carvajal Ramos,2,780.6156631539699,0.0748677927222821
3930160,8b8b2245-8def-4582-8adb-002e83a37d85,Spain,Fabián Ruiz Peña,2,634.9594817408328,0.104305966819881
3930160,111b4081-2e01-4e99-aeea-af395217d40e,Spain,Rodrigo Hernández Cascante,2,631.4006025636586,0.10819410246705519
3930160,f6db4945-d72e-48a2-a8b2-48d1324090f9,Spain,Daniel Carvajal Ramos,2,696.5368587689935,0.07818945950842457
3930160,d10f4ba1-be00-4ca2-9e8d-9cd33d9a5f14,Spain,Fabián Ruiz Peña,2,703.6115524257128,0.09342340252383033
3930160,6c88db55-8e9e-44c3-90f5-424638625051,Spain,Rodrigo Hernández Cascante,2,624.5842073120407,0.09582059251108914
3930160,da0abf95-1e61-4b6b-8a9a-accdd4a7793a,Spain,Daniel Olmo Carvajal,2,466.5013787949182,0.10017880506961
3930160,aac28ba5-c2e1-4d3c-b0ce-7708daec8bae,Spain,Marc Cucurella Saseta,2,755.3355836652206,0.10996915105905611
3930160,fe294b4d-d308-402d-b5a1-32e1796ee5f4,Spain,Rodrigo Hernández Cascante,2,566.1451980743899,0.12051602937455493
3930160,b9b48b55-f8a7-400b-90ee-f78d9594a9a9,Spain,Daniel Olmo Carvajal,2,214.7182060236829,0.1250949756936694
3930160,c63dad36-4bc5-461e-a012-594a01d2288e,Spain,Mikel Merino Zazón,2,206.35473932459126,0.12825358235339157
3930160,4e65e543-ae60-41de-b30f-5d8f1242676d,Croatia,Marin Pongracic,2,274.8314092819843,0.06046800795485505
3930160,9f0c0925-4d1d-4f5a-9417-34854172dcdd,Croatia,Josip Šutalo,2,347.83387762426923,0.054957624243664537
3930160,0ed967e4-8448-48fc-9ab5-7cdae84f4eb1,Croatia,Dominik Livaković,2,417.41109480301577,0.057231404526860395
3930160,42336347-6e22-4f8c-95ec-7d5cf9388336,Croatia,Lovro Majer,2,624.9033053228623,0.09400624884336765
3930160,e3fafedc-336b-4f4d-a031-8720185c9db4,Croatia,Luka Sučić,2,533.6870726332174,0.10165125069443132
3930160,6135fbdd-a6bd-4fd4-9bc1-9099eff8e6e7,Croatia,Josip Stanišić,2,578.5506923687798,0.09062995547804838
3930160,0d574c99-0039-416a-a726-b2cceec20fca,Croatia,Mario Pašalić,2,482.563523049092,0.1192421585804994
3930160,8e64ba36-9283-4280-bfa5-39ef51b5cdcd,Croatia,Andrej Kramarić,2,473.2956716853788,0.15350401001772115
3930160,a816493f-9531-4af1-877a-f5dd87de3b5c,Croatia,Andrej Kramarić,2,369.72189694333537,0.17914222648770672
3930160,3da93f2e-4567-4692-905f-5b078e98c4d0,Spain,Rodrigo Hernández Cascante,2,326.3982134701022,0.06265573996785531
3930160,1ac20928-e6b1-4f19-85e1-9c3db7154b9f,Spain,Rodrigo Hernández Cascante,2,739.3635852046298,0.07981305487510691
3930160,1d9803a9-5abb-4f3f-9db3-4984e616bbe2,Croatia,Josip Stanišić,2,528.4149377157246,0.07676736962261732
3930160,8f9c44b0-fd8a-4da2-978d-b3ea8a4550fc,Croatia,Marcelo Brozović,2,538.9281486695311,0.07364413974567002
3930160,9493131c-4cf0-40fa-8061-8849ac56c3f4,Croatia,Josip Stanišić,2,672.1673181926955,0.07409746250159271
3930160,7e1c9955-627c-48e0-a491-74b4c857228e,Croatia,Marcelo Brozović,2,513.3451923678311,0.07843142155997644
3930160,1a049eb1-ad8a-48bb-af83-b168514f5fea,Croatia,Josip Šutalo,2,610.882356157241,0.0662264567352481
3930160,0afe3203-47aa-47bd-a760-dcd4f82a6a3c,Croatia,Marin Pongracic,2,898.8408647124711,0.060387556314646054
3930160,b945b91f-6569-4dd5-90a6-4e15498f4039,Croatia,Joško Gvardiol,2,871.6723156793306,0.059337128870588646
3930160,55a35a3d-0f7c-4dce-8466-c053bbec3d4d,Croatia,Dominik Livaković,2,1002.5458944234922,0.0657141228065073
3930160,3b28984e-2597-49c3-b70e-50db5294c08f,Croatia,Josip Šutalo,2,1069.8989590102306,0.06883309336233538
3930160,c41c4dc0-cf84-433b-9966-8899428e8b74,Croatia,Luka Sučić,2,714.492293906555,0.09593054366704439
3930160,e6b3cfc6-8bc1-4632-b7af-dff2b2445b41,Croatia,Bruno Petković,2,282.9436222332191,0.09779755411445812
3930160,38a456c0-4a1f-4664-97ba-3605a38bc67d,Croatia,Ivan Perišić,2,534.3713112358761,0.2343577225817724
3930160,11fa2608-fc3f-4801-9b04-3bc67ff61de3,Croatia,Mario Pašalić,2,66.81308054094683,0.36805711099079563
3930160,0b0d08e5-a440-4c63-967c-7f45dfb98312,Croatia,Luka Sučić,2,397.8131456067586,0.2766891562881961
3930160,076b61ad-0882-4a41-b2d1-0f0cecc7e9c6,Spain,Fabián Ruiz Peña,2,296.8337880890518,0.06521410568134979
3930160,e07007bf-7dd5-40f3-8ccd-9e4241a5ec2a,Spain,Rodrigo Hernández Cascante,2,594.6109405971522,0.06976631694313468
3930160,22497009-b554-4ba2-8c9b-41a44cc31159,Spain,Mikel Oyarzabal Ugarte,2,563.5885973781262,0.05471324232125401
3930160,3538fda6-3709-4b47-ae0e-530cf0543734,Spain,Rodrigo Hernández Cascante,2,517.9716721841856,0.06222843404410248
3930160,8841a111-9b99-4399-8e3f-f01c714a1d77,Spain,Mikel Merino Zazón,2,504.86731451823573,0.06530601649759157
3930160,84d3224d-b02e-45b7-9bdb-2a184a0b0360,Spain,Daniel Carvajal Ramos,2,740.3842111504019,0.06677576491711018
3930160,f583c232-1d98-4cf7-9172-c29a062aaf26,Spain,Robin Aime Robert Le Normand,2,778.8709369717166,0.061736090411135584
3930160,bf0feb14-febe-4a80-80d1-5dbf4082cd74,Spain,Daniel Carvajal Ramos,2,920.7813608499108,0.06510403497564439
3930160,490f53e4-f115-46c0-8781-2d92cefd75f1,Spain,Rodrigo Hernández Cascante,2,983.259318107454,0.06943669232428103
3930160,c9311f77-648b-4128-bc38-4251401aaef7,Croatia,Mario Pašalić,2,395.9461000462937,0.05978065615986299
3930160,ab330928-8ff3-4435-8721-74b00c0e66ec,Croatia,Marcelo Brozović,2,321.96072779898094,0.059921388783343854
3930160,dab0b08a-8176-41de-98f7-7bd7350db0ea,Croatia,Mario Pašalić,2,477.8120956150085,0.057186286827163424
3930160,ad7404f0-7fef-4a55-bb21-e29871be94f9,Spain,José Ignacio Fernández Iglesias,2,198.54475969593702,0.0605566464520043
3930160,3e993c89-4c2a-4344-b397-628bd82ff08d,Spain,Mikel Merino Zazón,2,284.29855545154805,0.08995098869510296
3930160,6393f650-3175-41e0-93a2-eb32df3e0e0c,Spain,Daniel Olmo Carvajal,2,300.75639026015693,0.09483965408040482
3930160,d5ad7a0b-2f63-43a7-9495-a093d60be756,Spain,Marc Cucurella Saseta,2,426.16381581838164,0.09522457209179942
3930160,911f334f-f964-4c28-b7c9-fee3f8b725d5,Spain,Daniel Olmo Carvajal,2,384.77878959153134,0.10777950264633461
3930160,32c7aacf-6bba-40ab-96e1-8c2a6830f3bc,Spain,Marc Cucurella Saseta,2,482.04738531203503,0.11336542311878563
3930160,183e529b-74ab-4383-ad3f-185e440ce03e,Spain,Rodrigo Hernández Cascante,2,670.7918951805802,0.12130155681123628
3930160,6de122d4-5380-426c-b686-7babbc0c2bf3,Spain,Marc Cucurella Saseta,2,697.3033520010108,0.10450913165710768
3930160,ff11d28d-a903-4c50-b43d-0333889c3f5f,Spain,José Ignacio Fernández Iglesias,2,662.7415997918268,0.11218621456537037
3930160,5a6c4095-7a3d-4c9a-a1fc-9008dad766d4,Spain,Mikel Merino Zazón,2,569.3219509452368,0.06639735660531561
3930160,a2b0ec0c-f912-4276-9a2a-8bd8746eda16,Spain,José Ignacio Fernández Iglesias,2,482.62489425117064,0.07182729084892328
3930160,d07008c8-bb4a-44cc-8fe0-0fd11fd59789,Spain,Robin Aime Robert Le Normand,2,301.9633598845184,0.08459801430941231
3930160,eddac518-120e-48a4-a1b9-4b65c9c278dc,Spain,Marc Cucurella Saseta,2,453.79172950448793,0.08903644630717744
3930160,996d7147-2427-4538-8c7e-11da9049ec24,Croatia,Marcelo Brozović,2,262.0661314276705,0.07901311238218228
3930160,4aa7f619-34ad-4d10-a6a1-49a7967f9e49,Croatia,Marin Pongracic,2,427.81089626369703,0.041806260512494337
3930160,322fc952-ad20-4a82-9a52-02fffb85ec5a,Croatia,Dominik Livaković,2,656.3302838139019,0.05430787981383889
3930160,702151b8-33f3-46eb-b3da-fe5956083e6f,Croatia,Josip Šutalo,2,654.5390007917338,0.05693907163759346
3930160,771fa575-39f9-4a42-bf53-6d680931fd0b,Croatia,Luka Sučić,2,524.7601268026588,0.064338079000305
3930160,54657e73-81a9-4934-84eb-e70c5610214a,Croatia,Marin Pongracic,2,952.8456639353568,0.05384712463934794
3930160,7d114242-6796-4f0b-aa4d-a39dfeeab23a,Croatia,Joško Gvardiol,2,925.4388991470066,0.07002850719265737
3930160,235cf4d3-3bbb-4f16-81fb-8131865d0b1d,Croatia,Luka Sučić,2,660.9780202101335,0.08902745880221817
3930160,f8583db3-7d5f-46e3-99bb-9036dd86b527,Croatia,Lovro Majer,2,619.1142575761259,0.10564453847779823
3930160,e079a857-9e42-4b90-8b74-b6cf38ca97f4,Croatia,Marcelo Brozović,2,716.155984029641,0.1073757169306362
3930160,0fafe1c2-153c-41d8-8e6f-3d5efa63bcfc,Croatia,Lovro Majer,2,627.641384854035,0.11341166486541976
3930160,7aec949c-b8ce-49fa-8bef-11505bb75b75,Croatia,Luka Sučić,2,578.8694818358637,0.11288458611536888
3930160,b3bd1025-35bf-4b0e-8ac5-0992a5a9699d,Croatia,Ivan Perišić,2,332.7747408517418,0.26364660320890265
3930160,6fef2335-5770-45ce-bed5-02c75e4907b2,Spain,Unai Simón Mendibil,2,1046.3372274936512,0.07083888176328426
3930160,c35c24f6-4b3e-4096-8cda-c6e40b324b3c,Spain,Robin Aime Robert Le Normand,2,1067.4564864391525,0.058882228479059856
3930160,5f8483d7-d262-4965-ae6d-abc2846a8887,Spain,Mikel Oyarzabal Ugarte,2,978.2313153840383,0.05761685705563589
3930160,a7fba0f6-a253-46fc-a296-35a2f6e1098d,Spain,Daniel Carvajal Ramos,2,896.76957191914,0.047157812366812234
3930160,a8f54eba-3c6f-4ac7-a5a1-6cdb1372bb79,Spain,Fabián Ruiz Peña,2,489.497814175333,0.04531149697246604
3930160,1423cbb7-4807-483e-894d-3fcddb0753ed,Croatia,Lovro Majer,2,639.2291580752533,0.11028643601029606
3930160,4243b55e-d537-47d8-a30e-b24dc5297b81,Croatia,Mario Pašalić,2,552.7864301382516,0.0938693878783562
3930160,3e5a3ac4-3c55-4c71-85ba-fc113964318d,Croatia,Marcelo Brozović,2,633.733776092877,0.10748002975696058
3930160,9457023e-7d3a-492f-8bca-44e84f0fdb98,Spain,Mikel Merino Zazón,2,928.3171359253008,0.0991182129020191
3930160,783c8634-0834-454b-bd70-3de196ed104e,Spain,Daniel Olmo Carvajal,2,842.720613517262,0.09224316065652255
3930160,392b7339-5fd0-4bc2-bd07-7933bdd6a388,Spain,Marc Cucurella Saseta,2,780.7592635173297,0.0802558353489779
3930160,0bcf72ff-067b-4b5a-ae03-916af744c29c,Spain,Rodrigo Hernández Cascante,2,869.8352660163692,0.08220811763357598
3930160,f81f78aa-554c-4517-9d36-614e66848a0c,Spain,Fabián Ruiz Peña,2,808.0635350006336,0.07775843102200306
3930160,4eb50fc7-2734-4604-b31a-eac2da308611,Spain,Robin Aime Robert Le Normand,2,837.4673411031422,0.08216698182108961
3930160,33a4e9e3-bf84-4e09-ba0b-709e5cc95f3d,Spain,Unai Simón Mendibil,2,1052.894995793908,0.07236482879256022
3930160,abf19369-f577-4c8e-b9c0-38f28a07abc0,Croatia,Lovro Majer,2,741.1605466167747,0.2715083130069376
3930160,ce083ecc-8586-4e20-8f9a-221d06ec2b8f,Spain,Mikel Merino Zazón,2,673.4205849653769,0.11405969238603773
3930160,d92513aa-911b-404c-ade3-0e245ebf58d6,Spain,Rodrigo Hernández Cascante,2,585.8426538853075,0.160371805977921
3930160,b6dda8b7-e65e-45f2-b26d-7897fba44eb5,Spain,Lamine Yamal Nasraoui Ebana,2,363.25377205586034,0.12835278280512033
3930160,68fac214-f2ef-4fa4-83e6-cadd4c337fee,Spain,Fabián Ruiz Peña,2,649.234873645546,0.1404046000427004
3930160,5fc18e9e-78c9-4bd9-b61c-73ebc15ec258,Spain,Rodrigo Hernández Cascante,2,678.41955687631,0.15382504702938196
3930160,f54e87dd-2a73-45ea-86ea-cdd61dbacb1b,Croatia,Joško Gvardiol,2,525.1650639177967,0.07288619945387839
3930160,f5e58344-7f2f-4632-a33c-f584f3a6dbbb,Croatia,Marcelo Brozović,2,829.6987641554473,0.06347000492682717
3930160,9b8c8cc3-dfb1-4b78-81a5-5db62c23f20a,Croatia,Marin Pongracic,2,808.866824582362,0.07837782106110618
3930160,826bca28-f180-4d3e-a011-af0efd9b24ef,Croatia,Marcelo Brozović,2,925.3580452906884,0.07308938024732789
3930160,b0d5229f-336c-48eb-a9c1-1a39f6b3eeea,Croatia,Josip Šutalo,2,757.7701165872479,0.07424345815671289
3930160,75d22b44-8ab1-4a2d-be7b-1d3d0b72c748,Spain,Rodrigo Hernández Cascante,2,263.58723383589023,0.09093637917087871
3930160,be1b873e-4543-4592-9ac1-41d9c3057325,Spain,José Ignacio Fernández Iglesias,2,263.3728634611071,0.08789915269141946
3930160,347829c0-ab4d-4c64-86f4-837c09a9c1fb,Spain,Unai Simón Mendibil,2,557.7371862951312,0.07183912834308437
3930160,8a71cea1-7cda-4760-be6b-da8b6e9fc253,Spain,Daniel Carvajal Ramos,2,658.2613201165152,0.06518554594568454
3930160,61ca2f4e-7129-4f93-a47b-689ac852db4c,Spain,Rodrigo Hernández Cascante,2,387.2893152646935,0.059427315344456784
3930160,bb3f3b38-6bf4-4a80-81cb-cbb0b696b323,Spain,Rodrigo Hernández Cascante,2,363.0801104936038,0.06115082454922719
3930160,c4415022-81fb-47cf-88e9-352b4ae9c097,Spain,José Ignacio Fernández Iglesias,2,637.9958878340575,0.10078082544946382
3930160,a66d70e5-0279-4234-8cc3-d0283aff4d90,Spain,Rodrigo Hernández Cascante,2,700.7568372432133,0.09918770623428791
3930160,89fc2820-8d29-474d-8912-e78bc9290f7d,Croatia,Joško Gvardiol,2,1042.7700468700036,0.08152378634752075
3930160,e3364dc1-ffd0-4f29-a0ac-514807d7ac9f,Croatia,Lovro Majer,2,443.99534274128393,0.11105609949126666
3930160,5a50d5a4-1fc6-4c94-88e7-f1102a02ced9,Spain,José Ignacio Fernández Iglesias,2,866.0580026138321,0.08987255363873298
3930160,e45c34ab-99a9-4250-887f-12bf5c764022,Croatia,Mario Pašalić,2,465.9758336781466,0.05869261655805068
3930160,bfbcc743-7b23-4237-a39d-df9ce5d54d02,Croatia,Josip Stanišić,2,755.750900559005,0.06570018753824668
3930160,18dec8a8-dfeb-4f03-9edf-a6ded1864673,Croatia,Bruno Petković,2,820.0347332768815,0.05614909840564418
3930160,770897a6-79e5-4d77-a42d-dbeae2e56b66,Croatia,Mario Pašalić,2,129.5402785689431,0.06835635670931119
3930160,dfbcce39-c2d4-4595-ba3e-244427cff882,Croatia,Bruno Petković,2,471.2764521331906,0.0961116363254194
3930160,347d94d7-41db-4e5c-948d-4c1d108d8024,Croatia,Luka Sučić,2,346.24111666481167,0.23698469000913255
3930160,5fa1ae8d-1502-43ed-8584-68031173bc96,Croatia,Bruno Petković,2,610.8073834204272,0.11571823714620066
3930160,33af3387-c75a-4c58-b761-80f291c43e66,Spain,Daniel Carvajal Ramos,2,680.2771855691855,0.07125616210962402
3930160,b9eb1ffb-fb7d-47c0-a67f-66aa577d1e87,Spain,Fabián Ruiz Peña,2,763.054574297041,0.054086963792682095
3930160,18b3bc23-0cfc-480a-b7de-af9216a0c3d8,Spain,Robin Aime Robert Le Normand,2,901.6895166246253,0.047386745758442456
3930160,9a9533d1-3919-4c42-8ca9-f8df2b78d6b3,Croatia,Marin Pongracic,2,716.511535341847,0.11603411640830073
3930160,9c02a42c-3a3f-44cd-9639-42751f484790,Croatia,Luka Sučić,2,534.3544310305771,0.09377646050539659
3930160,73aa94cd-9b12-4a11-91b8-8de84d31591e,Croatia,Josip Šutalo,2,460.20197289491364,0.0796313228358811
3930160,a99eaf6a-b979-469c-87eb-1c971be39570,Croatia,Marcelo Brozović,2,404.17497045870465,0.1035946099513038
3930160,d05c54a1-0e90-4f18-b65b-c8777b2078bc,Croatia,Josip Šutalo,2,478.65840872381165,0.11641327820618173
3930160,b494d18a-d329-4dcf-9e74-47b8dc67a977,Croatia,Luka Sučić,2,508.1981242374038,0.12251465108964298
3930160,2a20ceda-b119-4cb2-8a66-e9865f32f39e,Croatia,Josip Šutalo,2,446.5017998696084,0.08974253458190652
3930160,587e56fb-f288-4771-aa27-3bc7b89aa0b2,Croatia,Luka Sučić,2,508.135557028053,0.09643470425396192
3930160,832ccaa2-4ade-4189-a6e2-d1e65c1730c2,Croatia,Marcelo Brozović,2,589.3757967097754,0.09758116011784972
3930160,2a5e6295-5b44-4ffb-ad66-c94e671de69d,Croatia,Marin Pongracic,2,689.9712939731454,0.08416017542447757
3930160,0eef696d-de4f-4b9d-9b90-c2200016c746,Croatia,Luka Sučić,2,336.6195095268048,0.11490079703370548
3930160,4b18f8e9-73f9-4b15-be58-aaabe9a9db4b,Croatia,Lovro Majer,2,595.3426326550612,0.08095048934832486
3930160,f5d4bf05-da16-4346-82bf-e21fed0056ea,Croatia,Joško Gvardiol,2,566.4632582602892,0.11041913150453639
3930160,a341b7b4-cfe8-42cc-b77a-e6b2a71dc8e2,Croatia,Marcelo Brozović,2,564.6926604156262,0.11734658376245427
3930160,7226ac2b-7f64-42c0-9da4-da66491e65b6,Croatia,Luka Sučić,2,407.08419200602737,0.13783821363415694
3930160,fe61e308-d74c-4bba-a9f0-cd8fb3785e3f,Croatia,Bruno Petković,2,387.1405691526863,0.1556513963078514
3930160,5f44d80a-0e49-45f8-9ca9-3e3b049400ed,Croatia,Mario Pašalić,2,335.78319862071635,0.1374340528625298
3930160,d8bc8cf9-5068-44c7-8ad6-371e91ddaf47,Spain,Martín Zubimendi Ibáñez,2,704.0791275535996,0.07691492676873599
3930160,ab363b0c-ebff-47e9-b2b3-a00e1968d047,Spain,Mikel Oyarzabal Ugarte,2,655.8155981860571,0.07133306361922087
3930160,341a2d0c-8472-4d40-b366-5e0221705dcb,Spain,Fabián Ruiz Peña,2,562.2421069530712,0.08543530643832327
3930160,8bbcf7f4-ff8d-487b-9f2c-e13d55dc4e7b,Spain,Mikel Oyarzabal Ugarte,2,520.5246912001417,0.08162462362755774
3930160,9f7efbf2-b97b-4be3-961a-6e6fe639fe0d,Spain,Ferrán Torres García,2,155.4238034742821,0.6480473897552532
3930160,c7c6f58b-a0d6-4d04-8bdb-0383dae1e6a5,Spain,Daniel Olmo Carvajal,2,794.777945563587,0.15738109756106633
3930160,0d50806b-71da-47a5-a77b-f6b5b8fde2b2,Spain,José Ignacio Fernández Iglesias,2,647.7074310800201,0.13872000097165949
3930160,9f873853-0306-40ee-a54a-8cb386da565f,Spain,Marc Cucurella Saseta,2,784.7344924079788,0.0898559531080092
3930160,7b94cbc3-0265-46fe-b2ec-ec192b358ba3,Spain,Unai Simón Mendibil,2,798.9286274531049,0.09176739055930007
3930160,e2844303-aa19-40f8-a60d-461c21eb5949,Spain,Martín Zubimendi Ibáñez,2,730.1671901020824,0.07518097426003002
3930160,56c1274b-70e4-4e40-a98e-9c1350c15d9a,Spain,Daniel Carvajal Ramos,2,726.2366061412183,0.07722624270299111
3930160,cf2fbc91-6fe6-4013-b631-2b31e5134e9a,Spain,Martín Zubimendi Ibáñez,2,695.0968949995192,0.1091169296912668
3930160,ed6ae84b-9aa2-432e-ab39-1a66e1f67a7b,Spain,José Ignacio Fernández Iglesias,2,588.3006720286554,0.10773877822782357
3930160,cec71c07-3e73-47ca-9914-bd7a4ade89fc,Spain,Martín Zubimendi Ibáñez,2,567.923019470647,0.11376801628370274
3930160,85e05ccb-7157-4f2c-aaf9-d564c9ee3126,Spain,José Ignacio Fernández Iglesias,2,496.8034066983668,0.10671167876927361
3930160,c9ddbe51-94bf-45ec-a4fb-b6d95061e812,Spain,Marc Cucurella Saseta,2,683.9097223730337,0.09178534098929139
3930160,24144153-dc4c-48ee-b5d4-13aefa9767c4,Spain,Daniel Olmo Carvajal,2,747.5441710153481,0.07826332591326274
3930160,38c3e2d9-693b-4962-a15f-2427ec27c2e8,Spain,Martín Zubimendi Ibáñez,2,505.9777761458346,0.12029440968316996
3930160,d98968f7-7009-4918-9293-9384bc4060f8,Spain,Fabián Ruiz Peña,2,559.9714272119916,0.11582697472822552
3930160,dfb2d47d-dfcc-4eeb-b93b-82fc87144f9a,Spain,Daniel Carvajal Ramos,2,665.2029532475651,0.09748843122529667
3930160,41065b90-4d1a-4ee9-b784-85434e221e30,Spain,Robin Aime Robert Le Normand,2,685.749724206951,0.09562362805081967
3930160,d2474feb-a51e-4674-952b-66bf72236783,Spain,Unai Simón Mendibil,2,903.8913774022734,0.07532298005527248
3930160,4c619f8f-8705-48fc-ab23-99cac141c79d,Croatia,Lovro Majer,2,525.205187341123,0.081178605010957
3930160,451f7ca2-08a3-439e-a136-70aa26ddf134,Croatia,Luka Sučić,2,456.5550034561972,0.08131259947750281
3930160,4328c155-d368-48e3-914f-16e6c1b2976a,Croatia,Marcelo Brozović,2,505.3006976385708,0.10430663099034274
3930160,37067926-ac70-4d14-8ee7-4f76dea07ca1,Croatia,Lovro Majer,2,526.6600879010678,0.10345557740553778
3930160,34577397-1174-4af5-a160-effe43776940,Croatia,Josip Stanišić,2,653.6283435553955,0.08896664834128921
3930160,58120b80-71f2-4d6b-b244-55fbc1cc8483,Croatia,Lovro Majer,2,628.00115628756,0.0859030492163135
3930160,118d0421-f230-4253-920b-bf0f1e735186,Croatia,Mario Pašalić,2,614.0423419406156,0.12345531609420678
3930160,3dd36e0d-70e8-4906-ab87-c9f78ac03136,Croatia,Marcelo Brozović,2,495.36931261343386,0.11123479423582397
3930160,36b47b89-f111-4bda-bcdb-8483cadc01f3,Croatia,Luka Sučić,2,707.6580724371294,0.09129186963839706
3930160,ce061077-c675-4f55-a855-b8f9bac7b14d,Croatia,Marcelo Brozović,2,561.723297745806,0.15464422247947046
3930160,989b950d-2616-4b6d-a45f-aee070ce927a,Croatia,Lovro Majer,2,492.74382705691386,0.13246501072247446
3930160,ca08846f-483d-4c26-950f-ccd1b131d753,Croatia,Josip Šutalo,2,522.8015176087093,0.1464815211411702
3930160,96a74c34-b117-4560-b698-73f50f221975,Croatia,Lovro Majer,2,270.6314053926278,0.13709377529467578
3930160,45c0b188-121a-4aca-bbdc-feeba8f7da22,Croatia,Luka Sučić,2,397.53477448164404,0.17034231966864116
3930160,e552b195-e4e6-4409-927a-88628af2f1c7,Croatia,Marcelo Brozović,2,426.76288117716297,0.17371897095714353
3930160,b6104c42-d1bb-44ce-99a8-2768e8f7f06a,Croatia,Josip Šutalo,2,337.412424855418,0.18938740819365155
3930160,6e635015-b90b-4cd2-9031-c49d20feea77,Croatia,Marcelo Brozović,2,417.9791322124546,0.16457975844655154
3930160,65eef162-5b09-46a3-b86f-b41a287efb5c,Croatia,Joško Gvardiol,2,476.3656968813383,0.14459844756582688
3930160,2808133f-49ea-41ba-868b-99063ae0f8be,Croatia,Marin Pongracic,2,438.8324927765587,0.16420142021876571
3930160,cfff5893-323c-4ec0-a96b-2f44a8577f96,Croatia,Joško Gvardiol,2,561.3012417218468,0.16450237947837096
3930160,ac80d567-580d-4f84-a4c8-281b1cb3587f,Croatia,Marin Pongracic,2,730.5786391605233,0.11760178568007468
3930160,281dab64-0cf1-40e7-9eb1-1bc28ee09e8d,Croatia,Joško Gvardiol,2,614.1452318697187,0.16007157445144873
3930160,d461cdac-23de-4372-850f-660ab608928d,Croatia,Luka Sučić,2,506.25183459672127,0.14587489805498283
3930160,4280c696-0444-48c5-b4b1-d1a20feb6ae3,Croatia,Josip Stanišić,2,925.7237892984667,0.11143010621786742
3930160,88ccaac6-2bea-4f55-81d0-b271af2c9ecb,Croatia,Marcelo Brozović,2,928.7159775166765,0.17909224380404623
3930160,23f113a0-d9d9-481f-bc4f-e0f64f82292f,Croatia,Luka Sučić,2,570.2568614848226,0.161931684267022
3930160,1011e003-d70a-4108-a905-1b98fa45e5bb,Croatia,Marcelo Brozović,2,542.9266416286814,0.17446738840662462
3930160,95512e0d-f116-4c24-a2b1-022f63528f03,Spain,Unai Simón Mendibil,2,359.3806623212747,0.13080282273411287
3930160,68445f14-2117-4004-8bd9-784f19a3ad18,Spain,Martín Zubimendi Ibáñez,2,606.8672877516791,0.11972112932970708
3930160,b33f2b5f-99dd-44fc-8749-caef034806fc,Spain,Mikel Merino Zazón,2,313.55897076729303,0.29328619055359234
3930160,7bf5313e-3758-4b91-9ad2-9324af22a012,Spain,Daniel Olmo Carvajal,2,238.80542564338316,0.5941765284607599
3930160,ae735eca-7e5a-4765-b36a-056f792e7ab6,Spain,Martín Zubimendi Ibáñez,2,287.440007080341,0.32772517312601235
3930160,7212d4d3-3688-4bb2-a022-0cf6c2f6a2ed,Spain,José Ignacio Fernández Iglesias,2,338.603751336782,0.28454091621808725
3930160,73e9de7c-0e15-458b-b8f1-43234e9054e9,Spain,Martín Zubimendi Ibáñez,2,421.9924197097943,0.3243487916197727
3930160,1d8d8df8-2bcf-4c5f-b88f-aff65a907f88,Spain,Fabián Ruiz Peña,2,502.8597688551073,0.26874263900785145
3930160,d4ed4d31-9bfd-4915-8fed-5f4029f0cee3,Spain,Robin Aime Robert Le Normand,2,485.4573272292507,0.4134455638687635
3930160,e0bfd3c9-5336-4a0d-b11e-9c5611bdce0d,Croatia,Dominik Livaković,2,211.93162769584436,0.06728342156693035
3930160,a760b4ff-ffd9-456e-b072-ee6ad46b8832,Croatia,Lovro Majer,2,323.17980446828255,0.08219421182215161
3930160,305961ba-1f27-4d62-89e8-6dd4bf525dc7,Croatia,Josip Stanišić,2,457.14446612286065,0.11385699929813259
3930160,c6772020-0247-4852-96e8-a880f575ed0c,Croatia,Josip Stanišić,2,338.189199538826,0.19601396740961813
3930160,04deea29-00d8-4e55-af3c-4d101c111c2b,Spain,Mikel Oyarzabal Ugarte,2,769.689433227745,0.05236716833594983
3930160,24336d7b-5ece-409f-aaf2-8bfbd5437a20,Spain,Daniel Olmo Carvajal,2,898.3432191683443,0.05406581745257846
3930160,4919a9b8-219c-4e7c-910a-f1d45f1f0689,Croatia,Bruno Petković,2,892.9096758317351,0.08894650679908186
3930160,16a9d6ef-00ce-4d3d-b829-56da636dd93f,Croatia,Mario Pašalić,2,719.7727861282758,0.10403487194210288
3930160,b5716232-9888-4149-8db8-b1c8f7cdb492,Croatia,Luka Sučić,2,438.77242942680516,0.1282829401882894
3930160,9e68e2b6-5cf0-445a-8acf-086b550ec19b,Croatia,Bruno Petković,2,440.36962485926455,0.14033650571599704
3930160,15042437-4eb7-4a71-aca7-078aa1b7b7b3,Spain,Fabián Ruiz Peña,2,812.0640658818703,0.06894436221909184
3930160,26b16552-b187-44aa-8b7f-76a42414c684,Croatia,Ivan Perišić,2,789.8687249481939,0.16507959330988753
3930160,fb5bfd8e-125f-4497-9e8b-6a5ef80cb5cc,Croatia,Lovro Majer,2,338.7274412674013,0.14722133429396878
3930160,7cdd4f40-d3b7-41cb-a378-a888f270089d,Croatia,Ivan Perišić,2,255.16584003471763,0.30870642162676265
3930160,3ab19c9f-4c9e-425b-8cbb-041b147d857a,Spain,Ferrán Torres García,2,211.4946464968545,0.04956863397912769
3930170,2091a8ec-7d76-4725-ba5e-e59cb5d6d8ec,Slovenia,Andraž Šporar,1,741.8901357052644,0.1211660024136767
3930170,05ae84d9-1c20-4660-b074-db77a4b2af20,Serbia,Milos Veljkovic,1,398.3645450569388,0.06363935330922971
3930170,86421425-bf57-4489-b898-54a9bc4f1514,Slovenia,Adam Gnezda Čerin,1,478.2691806824281,0.12092869193456546
3930170,2e01c0ee-6e8e-4865-89c8-2758f14c6251,Serbia,Ivan Ilić,1,770.4857646774134,0.07943589901483976
3930170,dc66c83c-afd0-4f41-8830-a6bef8c1bf72,Serbia,Aleksandar Mitrović,1,626.6077324171523,0.07421409300294178
3930170,646cf981-10fd-4ae3-b05e-fa322deb1e50,Serbia,Ivan Ilić,1,486.35153312244256,0.10561731387052486
3930170,81516256-b99c-4f86-b83d-cf90f82a3648,Serbia,Filip Mladenović,1,520.7137429173832,0.11537037433689866
3930170,00a61b29-5b15-47c2-899e-adbb88aabeab,Serbia,Ivan Ilić,1,466.9283916170908,0.12449656253119037
3930170,7546df5c-67fa-4b8c-ac97-79107891320a,Serbia,Strahinja Pavlović,1,405.4203947543217,0.08708678695359143
3930170,d9c6d282-94ef-4dfc-8591-445af17751ed,Serbia,Saša Lukić,1,444.2580212213402,0.08964939408903902
3930170,89fa527d-4bca-4266-9134-886878e881c5,Serbia,Strahinja Pavlović,1,411.4072325425534,0.06171195561429725
3930170,13347717-b5ff-4ccf-a762-efc71a745123,Serbia,Nikola Milenković,1,426.82258075063726,0.07582971415177368
3930170,1f0b4051-7d5a-4645-8898-77fb8d201587,Serbia,Milos Veljkovic,1,352.1338254656513,0.06394828159065795
3930170,312935ba-dddc-4508-b4f2-99579cc797b2,Serbia,Dušan Tadić,1,611.0453966943903,0.08977771738302653
3930170,d427a7b3-8bd8-4c64-9791-37bee050c2aa,Serbia,Andrija Živković,1,360.9196366599061,0.12644129169454216
3930170,bf8be60b-f8cc-443f-9511-4c46aaa64efe,Serbia,Filip Mladenović,1,372.0572582717473,0.1180437392770229
3930170,862500bc-f6a5-4962-bf66-8249113071a3,Slovenia,Timi Elšnik,1,177.40395785553912,0.0643420346718375
3930170,9ae63626-5d8f-4ea7-9b2f-4a7f2a2ff9cb,Serbia,Ivan Ilić,1,173.21204949463967,0.2875327019873597
3930170,8b14abcc-e61c-415e-9fde-aa60abe78cd3,Serbia,Andrija Živković,1,190.09978397080803,0.27087548264769334
3930170,6d03b3e2-5073-490f-b0fb-f3d1e8ae228a,Serbia,Dušan Vlahović,1,176.65891467373262,0.2195380064830134
3930170,026a596c-ba3a-45c3-bec5-365718a65f0c,Serbia,Strahinja Pavlović,1,176.2679919772915,0.09762473519265068
3930170,6eefb03c-8fcf-4ec8-a2f7-e24b538b8bad,Serbia,Nikola Milenković,1,57.80982030474798,0.09573641450603232
3930170,89ac4180-f459-426b-89c2-2dd5a9edf89a,Slovenia,Žan Karničnik,1,318.739989185989,0.04665732068628484
3930170,f1ea5ce8-e5b7-48ad-b255-e2aae3224f1e,Slovenia,Andraž Šporar,1,283.79336624116394,0.056242177970533234
3930170,669a61ae-5927-4949-9975-88d01fde63ae,Serbia,Saša Lukić,1,277.4938101855823,0.15413276195374798
3930170,a4e5e48c-e8e1-4566-80fe-6a654ad8def7,Slovenia,Timi Elšnik,1,250.53699232284382,0.07181914613927942
3930170,876ec25d-fd20-4885-9d38-fcce1e178e33,Serbia,Nikola Milenković,1,219.76827976974667,0.1395461614790099
3930170,7fe5998c-820e-46d9-99e7-e8f6638be411,Slovenia,Erik Janža,1,217.23710114344084,0.03845285427319974
3930170,1102f185-0759-4d1e-b0cb-7b71c2592f1e,Serbia,Milos Veljkovic,1,326.461537451464,0.0695945545895805
3930170,a8418042-cbc0-4735-8b14-d5c2638a0581,Serbia,Saša Lukić,1,262.2291479452895,0.07382218846872707
3930170,3a12dc53-a3d4-4e39-9ff9-229775cefec1,Serbia,Milos Veljkovic,1,232.12387950078212,0.0586144133734065
3930170,db78693d-64bd-48ac-889a-e4af456b0a7d,Slovenia,Adam Gnezda Čerin,1,227.2160807074148,0.2708951648443928
3930170,e05dd275-9d8b-48b0-bcd5-24be5bdffe2e,Slovenia,Žan Karničnik,1,155.91249703660014,0.1926722950442938
3930170,96d63e40-ac72-4024-8fd4-f6613f5e5973,Slovenia,Timi Elšnik,1,218.41185976126,0.12993406644397995
3930170,e4662a74-74bd-420a-b6b7-ff645d74174b,Slovenia,Jan Mlakar,1,619.4809426784918,0.1307730698516139
3930170,342087c7-47b8-4001-8159-97fdd6277d67,Slovenia,Adam Gnezda Čerin,1,508.73967795199303,0.11946944915450602
3930170,4f8696ee-5605-4e11-8d17-587d0dbfe6ff,Slovenia,Vanja Drkušić,1,82.78505048115414,0.07756960640046076
3930170,49ab990a-9b46-4684-8f6e-0619a8734c04,Slovenia,Žan Karničnik,1,259.04334112503864,0.15499096899402234
3930170,5b9290b7-9a7d-4e72-a5aa-210846ae4d75,Slovenia,Petar Stojanović,1,302.9707029479689,0.17250861883235447
3930170,e6205daa-14c5-4119-8996-09df5fb21d35,Slovenia,Petar Stojanović,1,263.4286920133826,0.1901802045061856
3930170,86c06866-0f97-42b8-852a-7af259898155,Slovenia,Benjamin Šeško,1,123.54601446661924,0.24305766146018928
3930170,28772efc-13c2-4af2-b697-6e51e969f66c,Slovenia,Adam Gnezda Čerin,1,149.91699533469458,0.22974243005681771
3930170,83ee7845-83ea-4e04-aea4-18717f48fcc3,Serbia,Andrija Živković,1,47.40877125598686,0.04013467617967952
3930170,a80e8788-fa8f-497d-ab6a-ad83b5bc76dc,Serbia,Aleksandar Mitrović,1,192.25706952142974,0.06278248218367884
3930170,0a014f43-5321-4c6a-b5f6-ba65cf480525,Serbia,Filip Mladenović,1,364.1190988682883,0.07520602424579857
3930170,4f131dbb-8051-408d-85ca-40c616b02f65,Serbia,Nikola Milenković,1,98.49992581444444,0.029892481148649147
3930170,786a8e34-28fd-487b-80b8-5ca27c9b8011,Serbia,Milos Veljkovic,1,131.7477352054736,0.05375709314859706
3930170,2f83d92a-b543-41f1-8d95-3c3ff3699e8c,Serbia,Andrija Živković,1,380.64166439679366,0.056676941305817054
3930170,bfeeffc4-d795-4192-9e25-b4437919141d,Serbia,Ivan Ilić,1,341.33061553217135,0.050949761532520774
3930170,6e57ca59-3dcd-44c6-bd7b-c28e6f220a1d,Serbia,Milos Veljkovic,1,183.98157795376437,0.05038265365753312
3930170,f62c4451-b48e-4713-82a7-dc228d8c7fee,Serbia,Strahinja Pavlović,1,341.9785693483557,0.023818743361557627
3930170,f4a0deff-6342-45c5-b503-a844abbcd8cf,Slovenia,Timi Elšnik,1,458.40178100886965,0.09693637884629089
3930170,7de4aa6b-cdc9-41d7-96b9-8ccfb83fcb2e,Serbia,Ivan Ilić,1,86.10693131379833,0.057529726986775484
3930170,c6037c96-2ae2-41b4-916d-f916be296140,Serbia,Milos Veljkovic,1,189.45000595044797,0.0664721253249942
3930170,7725aab4-470d-4220-9285-6f2a0477ff27,Serbia,Dušan Tadić,1,120.86267058887131,0.06634851947450618
3930170,98814997-bf30-4dcc-85fc-90d22e329172,Serbia,Milos Veljkovic,1,263.8255236991516,0.058355719579071715
3930170,c3d9856b-1716-4015-b0cd-8b8a89cf5550,Serbia,Ivan Ilić,1,246.84743794190538,0.05473108236239906
3930170,c84ea516-0441-4eae-a4da-3e94c81fa50a,Serbia,Milos Veljkovic,1,260.8396074049271,0.06167891211046626
3930170,67b2ca0c-f572-4be9-967a-0e96800086f7,Serbia,Nikola Milenković,1,177.47277672494545,0.0649971452859439
3930170,d7319660-e80e-4888-84cb-e53fdc448ed3,Serbia,Strahinja Pavlović,1,440.8146637313159,0.042736601663043536
3930170,b461054a-08c2-497f-ba85-c68d01e16e08,Serbia,Predrag Rajković,1,237.8901977697729,0.03235967155484671
3930170,22536fb3-91ee-46c8-87b3-5c0c1f06f280,Slovenia,Jan Oblak,1,143.051503583037,0.023231519734883313
3930170,71bf6428-7e7c-441e-a8d7-ec41e010139f,Slovenia,Jan Mlakar,1,402.28002089889173,0.06479820800179788
3930170,032048ef-3a39-4ea4-a9c6-207318eb21f8,Slovenia,Erik Janža,1,494.86949974974164,0.06929770241665942
3930170,16a01380-c797-402f-a5fa-47c23d64cb34,Serbia,Nikola Milenković,1,405.1519032083713,0.06682456494215926
3930170,c6c7bcc0-5e96-4aaf-83b4-b248b0f93274,Slovenia,Erik Janža,1,423.0745716499798,0.09758144525296036
3930170,c5c6f616-caa5-4479-a72e-6f4dd18c47d7,Slovenia,Andraž Šporar,1,394.2908200529363,0.08300276283797159
3930170,d40a52f0-ec4d-4c91-9079-dba23637f806,Slovenia,Adam Gnezda Čerin,1,425.8755881904302,0.09609622750901035
3930170,b5b24add-2feb-4984-b931-f52f43d9d09c,Serbia,Filip Mladenović,1,426.40992053075365,0.06587822131380405
3930170,ec8b0167-c802-4958-a41b-8cf4adb095dc,Serbia,Saša Lukić,1,562.1719510216271,0.05289561500279763
3930170,6471619f-5a32-4824-9238-f492e30a4f9f,Serbia,Strahinja Pavlović,1,48.00338292587641,0.04023059277006899
3930170,c10595ea-acbf-4ddc-9f27-ad5c29dd4a23,Serbia,Nikola Milenković,1,98.69154795906877,0.05176797610594162
3930170,08a99b56-c2ef-45fa-9f67-4ddfe8c2a43f,Serbia,Dušan Tadić,1,298.44529227921794,0.06261166775768004
3930170,a2973afe-137e-4d52-8df0-b27c9b98b5c2,Serbia,Milos Veljkovic,1,224.5001191036113,0.0561876609046982
3930170,fee5a3e1-981b-4cfe-a80c-150d39990925,Serbia,Nikola Milenković,1,147.9103454552177,0.05272901917862097
3930170,c0a9eaf8-360c-4233-8281-bbdf9fd88b06,Serbia,Ivan Ilić,1,489.3848405106011,0.06927986596980724
3930170,ea6886ea-bca0-417f-9fc6-2f2044c88a5c,Serbia,Milos Veljkovic,1,449.5607147136896,0.07372568258394112
3930170,1d6b17eb-f2f6-47ab-a4cd-0593995218be,Serbia,Nikola Milenković,1,78.91450986106054,0.04563553368811969
3930170,518d6ad6-cffe-4ae4-80fd-e22d9b681aa9,Serbia,Strahinja Pavlović,1,238.94202664396715,0.02498872712314486
3930170,a7005700-8f70-4aed-80c6-a5ecb127cf78,Serbia,Filip Mladenović,1,336.1513219173537,0.04109157520341716
3930170,012980c1-62a4-4b9f-be81-67ba0ecc7dfd,Serbia,Strahinja Pavlović,1,270.2839190249327,0.030467703884979925
3930170,1a25b1e5-f024-4441-a565-f6f1db819165,Serbia,Nikola Milenković,1,15.594475478947967,0.049492267453676554
3930170,4892ef33-ebe4-4125-a39c-6cd15b258c10,Serbia,Milos Veljkovic,1,191.24381094387834,0.0690295398604238
3930170,c97dc353-11a1-4e63-8ee9-3c49e985e0e7,Serbia,Andrija Živković,1,410.1581851351835,0.1056934241801525
3930170,d2dd49b9-cc8d-43df-b58e-102a483ea5a1,Serbia,Saša Lukić,1,431.01688826830525,0.10820158306662869
3930170,2efa462b-4300-46bb-baa7-067dbfb7fbcb,Serbia,Filip Mladenović,1,417.7204135654123,0.11080431071695085
3930170,db5a261f-ec58-4367-9293-62d5db658708,Serbia,Saša Lukić,1,293.4096081267356,0.10150487970605587
3930170,c09596e1-5e0e-404a-af6d-351472abc446,Serbia,Andrija Živković,1,337.1955213261259,0.133836425226194
3930170,b08dd518-544b-46cc-beaa-acfa74de632d,Serbia,Ivan Ilić,1,327.5029867441901,0.13218290409494232
3930170,c9f4a693-7a56-4741-90f6-ce2119981b2a,Serbia,Milos Veljkovic,1,507.0945537827306,0.11164029258340731
3930170,538e5a6b-ff7a-4c9b-b513-8e37e62fa094,Serbia,Dušan Tadić,1,570.3793139335461,0.10217626104162755
3930170,8a048361-67fd-4276-958b-6de3d15990c8,Serbia,Andrija Živković,1,598.7628638269184,0.12203026066739499
3930170,85d0cef7-01a1-4d6b-a066-827d7ca8d922,Serbia,Milos Veljkovic,1,489.9967913073991,0.13426797712405328
3930170,428bdf31-ea66-4b02-a95b-f8030eb083d8,Serbia,Strahinja Pavlović,1,415.82938865428815,0.07166449463608104
3930170,e52b0e09-c5c4-44b0-9f73-d62d226bf59e,Serbia,Filip Mladenović,1,597.9447607863497,0.09849350245662504
3930170,a0d7716f-5cbe-4139-86f5-4525b0532c0b,Slovenia,Andraž Šporar,1,745.0990851205227,0.07602671184796644
3930170,605e0931-ed7b-40ba-a7c3-4167044cf339,Slovenia,Benjamin Šeško,1,460.3579707888219,0.06898760483128612
3930170,a0feeddf-a268-444a-a102-7860758422c1,Slovenia,Petar Stojanović,1,358.09753756485725,0.08764605801608392
3930170,756eeb46-830b-4271-9501-aa2b656f60e5,Slovenia,Benjamin Šeško,1,334.17628090003814,0.09920784477753485
3930170,9f474b16-49bf-45bc-b7d4-eef0e5ddc3ec,Slovenia,Adam Gnezda Čerin,1,135.19598442749066,0.7187909523030886
3930170,6072167f-b865-4bda-b18c-f3e6df04b0a6,Slovenia,Timi Elšnik,1,156.14441351281647,0.6994634213865991
3930170,ada91c3c-4e8e-430d-b465-f3fc22ad0355,Slovenia,Timi Elšnik,1,35.43649528163689,0.05457305260041015
3930170,e6d989ef-c6c8-44c8-bd8c-3079fd7a0452,Slovenia,Jaka Bijol,1,79.05535541056548,0.04743354246231674
3930170,3e553fad-72b2-409e-8b97-f0c8d18bd4ea,Slovenia,Žan Karničnik,1,125.51977421806144,0.05944833368805232
3930170,6cd49adf-b2e5-462c-b180-b59bdcb67a33,Slovenia,Adam Gnezda Čerin,1,385.18187674294416,0.028421273440993374
3930170,11e610b3-91ca-489c-882a-60e0b09c2d68,Slovenia,Žan Karničnik,1,287.56070511945296,0.03391250468585126
3930170,b934a7da-d184-43d0-b17a-e928c81287b1,Slovenia,Vanja Drkušić,1,191.46584876020597,0.04140360434414165
3930170,cd096d25-6a42-491e-a43c-1dd4ef0e45ad,Slovenia,Jan Oblak,1,127.84852110213356,0.03863427505259308
3930170,6b8ac496-1b32-48c3-8d1c-752c16940f7a,Serbia,Nikola Milenković,1,148.9813224791547,0.10546315061141415
3930170,d4923f18-f691-4cf2-b0dd-905947ed5684,Serbia,Saša Lukić,1,325.684975326962,0.07943417338195798
3930170,fd9d4089-e57f-4719-8eeb-dc38fdd6f633,Serbia,Milos Veljkovic,1,309.147022107854,0.08822095987170173
3930170,7b5cde86-6346-4020-8da8-4094942da242,Serbia,Andrija Živković,1,596.9301222654382,0.08874873829585117
3930170,f9dbf149-bbde-490c-bcce-51f84d626e25,Serbia,Andrija Živković,1,190.0484834333415,0.4094020575341698
3930170,a0e7040e-d654-4d6f-95f4-3ba157263c09,Slovenia,Jan Oblak,1,51.51814894010767,0.03416194093942786
3930170,ca1f9e03-0098-4706-adee-0f3d37eb7d05,Slovenia,Vanja Drkušić,1,151.05057092614226,0.03181352357810824
3930170,493120aa-fa25-493a-a86f-3a4b8f4db3f2,Slovenia,Žan Karničnik,1,132.5276089525557,0.01771779598659027
3930170,6936d118-1c91-4b0b-83b1-c4cab4489892,Serbia,Strahinja Pavlović,1,191.1382245449629,0.059571835510355206
3930170,ffdd6904-bafd-45be-954d-0e336beddff9,Serbia,Saša Lukić,1,146.15680702493427,0.07043141430944656
3930170,418f377d-83f1-4d6e-baea-1eb29e839ffa,Serbia,Nikola Milenković,1,135.97782731609064,0.05719604903968052
3930170,8a59a364-052e-41b2-b1c9-5195a9edf3d2,Slovenia,Petar Stojanović,1,562.7753659118282,0.10108205511778248
3930170,02c30394-f2fa-4878-a1ea-7f86432b5c57,Slovenia,Andraž Šporar,1,468.3953204644531,0.12713541213836946
3930170,4301f8ee-c9e4-4f81-8a06-45dfaf7ddb2c,Slovenia,Petar Stojanović,1,279.2724696263311,0.06464708838061951
3930170,1317475b-37ba-4add-a20a-ae97625fdcbd,Slovenia,Jaka Bijol,1,104.72120807188261,0.05521804868149918
3930170,ecf220f0-ce44-4fe1-8522-e4f50255292c,Serbia,Filip Mladenović,1,294.52121031281604,0.04968377900917531
3930170,e82049c3-0ed6-48dc-8f9b-6ff2faf58e8a,Slovenia,Žan Karničnik,1,297.43292873121607,0.24278055527815612
3930170,16fb4bf4-08ce-44de-a981-5670b8b84a7a,Slovenia,Vanja Drkušić,1,118.33687708810378,0.16263809352157177
3930170,47aa3758-8bbc-4307-9020-dd7dff6da436,Slovenia,Jaka Bijol,1,195.89684136587798,0.0873617494309898
3930170,1aa78858-bf05-4bb8-8f92-5fefd7bbddd4,Slovenia,Erik Janža,1,257.30404810993565,0.094914028648532
3930170,89f3128b-82c4-49ff-a6d8-93ecbb385045,Slovenia,Jaka Bijol,1,181.91249143736042,0.0737039261876527
3930170,9540a58f-b037-4128-b7a0-5b6442b68d9a,Slovenia,Erik Janža,1,202.6760486061669,0.08644809394083999
3930170,710f2dc2-e612-4d79-a700-528cb075e832,Serbia,Dušan Vlahović,1,392.0427783485839,0.05494883961134383
3930170,dce8cbbb-db26-4c63-8783-b595ec22c9aa,Serbia,Filip Mladenović,1,434.1871622654477,0.05052148062850694
3930170,a46c267a-6dc6-4543-aa85-df4ee7de7797,Serbia,Nikola Milenković,1,146.25370690004652,0.03768605198885884
3930170,d20952d4-dc1a-4a0d-91d5-3c08e7677a7d,Serbia,Strahinja Pavlović,1,406.4473331057377,0.048301281666588994
3930170,bb93536f-7cb3-4012-8594-9a17d21bc463,Slovenia,Jaka Bijol,1,222.28460578402667,0.05086285797445153
3930170,39044816-9254-446d-af18-43bbc1c2f396,Slovenia,Žan Karničnik,1,614.7805091426299,0.04536035132404371
3930170,e7f740d1-cc42-4de6-9eae-b92cf6a7ee5e,Slovenia,Adam Gnezda Čerin,1,471.1670400059136,0.04720904506888198
3930170,51a7aa0d-a618-419a-ade4-022040dd262f,Serbia,Milos Veljkovic,1,5.032719042744674,0.025064833023111972
3930170,4b016cbc-784b-4f7d-87f4-29b16b01615f,Serbia,Saša Lukić,1,433.76170451708913,0.0509270032304722
3930170,d85a9842-cd9b-48c2-b5ae-3f33b33faac8,Slovenia,Benjamin Šeško,1,456.4491457443469,0.10163303101365673
3930170,cf8528d6-0f6b-4281-b70f-106e795cd2fe,Serbia,Strahinja Pavlović,1,345.16106594332075,0.05384999496161606
3930170,019616a6-3bd5-4d82-9120-4e1bedf6326d,Serbia,Saša Lukić,1,186.64450754505805,0.04851403863196756
3930170,bc463392-4196-4c47-81da-2a0fd82510e8,Serbia,Ivan Ilić,1,499.2490076103211,0.08716656663540952
3930170,d1c228a2-a639-412b-aeac-e890855f4c99,Serbia,Dušan Tadić,1,582.7765027515147,0.093975116108799
3930170,dbf07273-fccf-40cd-95dc-f6abdb0e2458,Serbia,Andrija Živković,1,743.109962519758,0.07830743490049256
3930170,65d4ea58-c5c9-4c48-a3a1-782eddb15c45,Serbia,Milos Veljkovic,1,198.51958964046017,0.0828018205595167
3930170,eb7185b2-a2f8-4efc-b776-2159b427e65e,Serbia,Nikola Milenković,1,131.54932535522752,0.06044116746663411
3930170,694caf20-12a3-4aca-9acb-9e049a87d868,Serbia,Saša Lukić,1,209.99121144518563,0.06412698669582118
3930170,783e2989-9fd7-48a0-a7d3-446ff81e2fd1,Serbia,Milos Veljkovic,1,274.77542115406857,0.06910885417241988
3930170,2718d088-eccb-42fa-8a0c-07db277908a8,Serbia,Dušan Tadić,1,542.6750506276519,0.08891306341179639
3930170,635d934b-6a21-432b-8865-9eea79affc13,Serbia,Saša Lukić,1,490.5764166473333,0.0839794476621204
3930170,217efab2-ccb0-47e3-b770-8fafc9ca417a,Serbia,Strahinja Pavlović,1,576.3201907059245,0.07195567435373906
3930170,a6ad6093-6d6e-4daf-8a87-068f238c52ec,Serbia,Filip Mladenović,1,502.921399068438,0.06962191578978666
3930170,6e19702b-9bb4-44aa-8b99-42562b3bfdad,Serbia,Strahinja Pavlović,1,158.61740502716154,0.05164829361655129
3930170,94198bef-1361-4203-8210-3b6ed3122466,Serbia,Milos Veljkovic,1,397.7939737657462,0.06777197799146224
3930170,0daba170-4750-4dd8-82ea-4c559069e06a,Serbia,Andrija Živković,1,408.8937617120707,0.08195152013698682
3930170,a0e14af0-c880-4ff6-a0c2-d7480d022496,Serbia,Milos Veljkovic,1,298.0701976207166,0.06963280022590596
3930170,c0f407eb-ab65-4a0c-99d8-0d936214cf64,Serbia,Nikola Milenković,1,460.1521550811538,0.08134367491031298
3930170,5be436ed-d1d4-49ff-940c-547e1bc94d4e,Serbia,Milos Veljkovic,1,627.3122401964899,0.08650535492451907
3930170,a114df28-27f5-44ef-9adc-248a3dcb6c83,Serbia,Andrija Živković,1,690.2402033944674,0.09152078656667972
3930170,70ae75d7-dd5a-4186-ab26-9759910640ad,Serbia,Dušan Vlahović,1,679.6710451832371,0.08991967670085771
3930170,34ed0fe0-979d-4131-ab9f-c8a4c7aafbcd,Serbia,Milos Veljkovic,1,16.388107409302776,0.04398132315195933
3930170,bbe8c500-4443-4620-8190-02a203ff6d2a,Serbia,Nikola Milenković,1,146.6904997484537,0.06042849246703311
3930170,a2060940-dbe3-4fd7-a5ac-8c918f509159,Serbia,Strahinja Pavlović,1,514.1065688376387,0.07484098844649596
3930170,3ab28a34-b47b-4354-8306-58d86713c233,Slovenia,Jan Oblak,1,2.9870518219663427,0.030472652189014383
3930170,2762afaf-bec1-4ce5-b062-5b40fefc97ad,Slovenia,Vanja Drkušić,1,38.14435340859193,0.04045092225925682
3930170,7b1f3e8d-0ea9-4052-bdb4-2f8d984db7f1,Slovenia,Žan Karničnik,1,490.46518574801706,0.07250819357650858
3930170,b3da9184-5b5d-46ea-9400-cef4c64002f6,Slovenia,Timi Elšnik,1,480.63114994044224,0.10126664478640746
3930170,f24e38a2-d43c-401f-a0e2-39c5fb48163d,Slovenia,Jaka Bijol,1,223.2879898724001,0.08454691232115592
3930170,1ba9daa5-91f3-4e58-b22d-c36e58fb236e,Slovenia,Adam Gnezda Čerin,1,76.23917910337843,0.08642821483754415
3930170,9659b09b-973f-4156-b661-dbf16fa5886b,Slovenia,Timi Elšnik,1,417.01840616239645,0.10613321024657564
3930170,1208bbec-7294-4dde-b02c-c035b2809532,Slovenia,Jaka Bijol,1,211.43465411448298,0.08604189482170761
3930170,7d2ada3c-4b26-4a6e-a381-590bbfb42861,Slovenia,Petar Stojanović,1,312.44349430048305,0.03850312544945396
3930170,2d2f4c91-8ffa-460c-915a-0b042eea76c2,Slovenia,Vanja Drkušić,1,64.2085121365905,0.024365065777145964
3930170,1e7ff226-c6f5-42b7-9b90-932d741fd5b3,Slovenia,Jaka Bijol,1,104.75643788229934,0.03722147285587724
3930170,20d46032-f97b-4289-84e8-3166a098c88a,Slovenia,Erik Janža,1,637.0045677169408,0.12762174438063742
3930170,6cfa9a31-dccc-446c-9b1f-8b4d47924490,Slovenia,Žan Karničnik,1,239.2493451289364,0.04781320199993899
3930170,e103d945-af67-4ab3-9249-309ed618f88d,Serbia,Saša Lukić,1,457.5651931884583,0.09892622167327507
3930170,8481fc2e-6aae-4c33-a277-c377217f8170,Serbia,Saša Lukić,1,487.06895847254896,0.12842981075472173
3930170,c9b53405-5038-4652-804d-3c660fc03600,Serbia,Dušan Tadić,1,480.2925828145915,0.13586771806519765
3930170,f251fc6e-80ee-4614-8826-73609ec7eb70,Serbia,Saša Lukić,1,333.49439689302676,0.09594392369371028
3930170,4249c345-2346-4607-bad1-86bdbcdc2023,Serbia,Filip Mladenović,1,399.84517618572534,0.21769927164552655
3930170,8a2e4902-3338-4c52-b86a-d4d8b3c0dc79,Serbia,Dušan Tadić,1,337.79613406977484,0.21257179893006092
3930170,b8e21913-f5f0-4fe6-8389-0f2922342fd6,Serbia,Filip Mladenović,1,241.73577838718845,0.37143328388973945
3930170,04367b2b-88b9-434d-9f18-ac4438ffa7b5,Slovenia,Benjamin Šeško,1,388.11984399121496,0.0695843256036433
3930170,f80dc23a-0084-47e3-8f40-2c5f953011c3,Slovenia,Jan Mlakar,1,172.69916922837564,0.0741697105401587
3930170,9b23eb94-ac9c-492e-93df-0bedd12727f4,Slovenia,Erik Janža,1,33.694007655856865,0.04248788540486382
3930170,d8844ebd-3963-45e0-aa4f-a8958d17daf6,Slovenia,Benjamin Šeško,1,208.01710875943516,0.06111749106968934
3930170,e48f93ab-92f9-4af9-8e2f-1d7480adbd1a,Slovenia,Jan Mlakar,1,166.37321524856225,0.0701392453459562
3930170,8cf6425e-c0c6-4446-a3e1-73e0bf33b2e0,Slovenia,Erik Janža,1,485.45309489171206,0.0785874680388152
3930170,48a820dd-da3b-4655-a455-952f9e487fa0,Serbia,Milos Veljkovic,1,398.7173570133315,0.05932464056119029
3930170,d20f5de2-9b75-458b-9bec-da741c40b1a2,Slovenia,Erik Janža,1,294.201362435206,0.1010604458127016
3930170,7ce08bfc-e22d-4876-889f-35dc5df7e092,Serbia,Andrija Živković,1,430.56080639732534,0.09076760815662265
3930170,649b1aeb-bc69-4ff3-9a40-f5737e5c5afb,Serbia,Dušan Tadić,1,253.98550639000538,0.09679971440597815
3930170,f3bb15ee-290b-4e07-ba23-d4abd73946a0,Serbia,Filip Mladenović,1,451.7789635806805,0.05439658043163869
3930170,498a25f8-81ae-47bd-9d40-c2db49ba1ae8,Serbia,Dušan Tadić,1,439.2559333850921,0.041322302160758995
3930170,0e162975-bf52-4ed5-bf45-62cfafab685f,Serbia,Strahinja Pavlović,1,194.2494151750041,0.06818298187940365
3930170,c8658853-1cd3-4961-ae3a-b9e2dd1c3aa7,Serbia,Nikola Milenković,1,161.28693287817748,0.06655381652913883
3930170,654e9d88-74a2-4a06-a0d0-5b5b2709dc2a,Serbia,Ivan Ilić,1,597.1621100119587,0.09705334332729011
3930170,faaf9a65-3332-4bcd-abea-89fa60bd8ee4,Serbia,Milos Veljkovic,1,480.13601418967863,0.08849238759023983
3930170,4de94c8f-b09b-4290-b329-5a17bad7c486,Serbia,Nikola Milenković,1,236.97528207001278,0.0741831084184467
3930170,991cb403-af56-4ad3-9905-7664543fe1d5,Serbia,Strahinja Pavlović,1,621.8536649666726,0.043402521590985906
3930170,e7276b90-837a-4ed1-b3d0-1e48e049daa6,Serbia,Filip Mladenović,1,695.1673399973715,0.057307840567202305
3930170,b02ea049-327d-4da3-91a5-623ee7eccf13,Serbia,Dušan Tadić,1,418.14563186083285,0.06442600786619385
3930170,5308c953-c9dc-4613-a132-248fd9127b37,Slovenia,Petar Stojanović,1,220.9734417524236,0.044275319605641496
3930170,9735de9b-6cc2-4edc-8636-a2ba2413b99d,Slovenia,Adam Gnezda Čerin,1,349.0425190731928,0.07885508080120911
3930170,3670aa96-5bb7-49d8-9782-589ab8e73f2c,Slovenia,Adam Gnezda Čerin,1,399.3587612679372,0.08673501587107466
3930170,0718babd-a65c-43cd-984e-9b9db1c14b65,Slovenia,Jan Mlakar,1,285.0392325644807,0.09605938187202245
3930170,f52e2e3b-b200-4e67-9083-34c06c779afd,Serbia,Strahinja Pavlović,1,78.76984438875668,0.05226453939016346
3930170,4b45f750-e9b0-45cb-93d4-1431f5992d47,Serbia,Ivan Ilić,1,153.76477791023876,0.055817945000205565
3930170,bbd275d8-5243-4cf5-99f7-cdea848a0b05,Slovenia,Timi Elšnik,1,373.1994540213812,0.1093399631230893
3930170,aab440ab-f00b-411a-a150-951114c9e22c,Slovenia,Žan Karničnik,1,277.5306625803275,0.12140196157562083
3930170,3e7afac8-6ec3-492a-855f-621733c1ae4b,Slovenia,Timi Elšnik,1,303.5132592095766,0.11578037999398345
3930170,ec29200d-d705-46e4-b2ff-12f5a599bee1,Slovenia,Adam Gnezda Čerin,1,309.51181439418065,0.117613686565461
3930170,1c308899-2f09-4ed5-aefe-6196be185f56,Slovenia,Žan Karničnik,1,436.84648594673695,0.15167240789349584
3930170,f084016b-03ef-4199-bcb2-a08c5f7cdb1f,Slovenia,Petar Stojanović,1,303.80106655738996,0.09455074330282726
3930170,cfd6f5c0-8e15-4e51-be13-e551cdfea18e,Slovenia,Jaka Bijol,1,66.74075956928087,0.0887340066329886
3930170,ce297709-81af-4bf2-a76a-01ca751bd7cd,Slovenia,Erik Janža,1,563.8100137127384,0.11974878982641116
3930170,c331384e-f980-45b3-9b9f-261ff73cc232,Slovenia,Jaka Bijol,1,126.42124531298347,0.044492165453959676
3930170,58f61fbe-a6cc-4125-9f64-d1625ad87d59,Slovenia,Vanja Drkušić,1,183.66921697271664,0.05586609054809775
3930170,aedcdab3-55f2-4dee-9044-e96694699519,Slovenia,Adam Gnezda Čerin,1,164.45546444939637,0.07440685320725865
3930170,173c2c87-51eb-4ce1-8b2e-22bfc0f2819e,Slovenia,Žan Karničnik,1,497.08325024373903,0.06521527179609136
3930170,04b8b3bd-a70f-4f1f-ac7e-c24e1cdc6502,Slovenia,Adam Gnezda Čerin,1,476.04275045453664,0.04465816952965539
3930170,aaca41e7-b026-4f0a-a1ad-2fa76d9af880,Slovenia,Jaka Bijol,1,155.92653711279374,0.074947664571299
3930170,5b9a3a5f-591d-441c-aecd-7cc157a8eed4,Slovenia,Adam Gnezda Čerin,1,333.671431452113,0.08627812624556382
3930170,ad5b8664-44f3-460a-bf18-21b5e4f6ebe1,Slovenia,Žan Karničnik,1,347.87518528510805,0.11068443654336363
3930170,f2d5dd1c-dac5-49c7-bf0d-853de791ec56,Slovenia,Andraž Šporar,1,442.4807830775528,0.10951689835062231
3930170,703e452e-dace-49c2-b155-d95b58b1dfd6,Slovenia,Žan Karničnik,1,510.88734881168466,0.0772162805920144
3930170,7e82cdce-8b09-41a8-b553-d4d7fd4a27ca,Slovenia,Vanja Drkušić,1,277.1679894755535,0.07998914077668959
3930170,b2af7e51-b324-4678-9704-17e60b5e4592,Slovenia,Timi Elšnik,1,255.50724790231985,0.14432181441997738
3930170,c6910fce-fd78-442d-87f4-036083928f4e,Slovenia,Erik Janža,1,575.660033850375,0.1225450330685375
3930170,26aa80f2-27da-4388-a7c0-448112cb4131,Slovenia,Benjamin Šeško,1,504.98941461130687,0.16227259006932943
3930170,44265152-366c-4fc3-b9c7-1f118db715c1,Slovenia,Timi Elšnik,1,222.5381747402484,0.17171305527501068
3930170,a9bb6bdf-9870-4b9b-aef5-708e2b1fbbe6,Slovenia,Žan Karničnik,1,357.21094399485577,0.19745929025311137
3930170,1d85ad2a-e8b7-4223-ad70-558158199709,Slovenia,Petar Stojanović,1,290.03087497873025,0.2950119841594072
3930170,2f7510d3-c61d-4862-8ec5-01eab7e93d63,Slovenia,Erik Janža,1,307.63406414529817,0.22636864541566393
3930170,5081fa17-df67-4e29-bc7c-48ea642efa5d,Slovenia,Vanja Drkušić,1,491.75763249887,0.46576525143892117
3930170,d3fe8071-7d42-470e-9455-30cbfa68beeb,Slovenia,Žan Karničnik,1,131.98476326773957,0.062495969507178416
3930170,1d6d523f-0621-49c9-8f32-9eb7226c5031,Slovenia,Adam Gnezda Čerin,1,257.6446477419736,0.07376418928474884
3930170,0338a43b-6ffa-4605-a17c-05ba1735b6f0,Slovenia,Timi Elšnik,1,396.62072993272267,0.09778605685417689
3930170,7c14f4c5-42a5-441c-bf23-1e08e06f18d6,Slovenia,Žan Karničnik,1,290.4162233068054,0.1215066527076695
3930170,fa81f723-8df5-40e6-9fbf-6546ce82d56c,Slovenia,Adam Gnezda Čerin,1,332.47687686884274,0.14463863577869923
3930170,ea3f6501-d817-4cfc-85f8-80b439eaef9a,Slovenia,Adam Gnezda Čerin,1,478.90085310144525,0.20505877945750617
3930170,0d3d72b8-cfc1-42c0-bb52-a85d7c2ced29,Slovenia,Petar Stojanović,1,225.44274718123663,0.2204660602366757
3930170,9c1ff28f-57dc-4464-a5cc-ab37ec1b1345,Slovenia,Petar Stojanović,1,213.6742022361852,0.23076605270008171
3930170,7a5ed0aa-819c-4e9c-a160-ac323334dbf1,Serbia,Filip Mladenović,1,357.1227542384806,0.05252076880802205
3930170,ceaa02ec-b83a-427e-a367-590844ac8c0f,Slovenia,Petar Stojanović,1,623.3855566834355,0.15933002186460846
3930170,0c257a2a-a168-49e2-8d7e-a7aa5090d209,Slovenia,Jan Mlakar,1,456.7948627627666,0.15585672522226443
3930170,4678e672-9f9b-45b0-9a03-45aa47016119,Slovenia,Petar Stojanović,1,102.58834722341837,0.17731103418697852
3930170,74f6de82-8a93-4fec-8dba-ddae4e8a680b,Slovenia,Erik Janža,1,257.12311830882965,0.0811513153952665
3930170,e447d3c4-dc79-47a5-9b50-729cd19db88c,Slovenia,Timi Elšnik,1,308.71347859334054,0.08466009124744403
3930170,2849b502-766c-4b18-a553-a01e76b4e651,Slovenia,Jaka Bijol,1,224.1879166309517,0.05845779480062364
3930170,ca9afb10-a465-4be4-b40c-abc374c91d8d,Slovenia,Petar Stojanović,1,349.84991408422,0.14894566902845316
3930170,1a593c57-f203-479a-9e83-64ab5a852009,Slovenia,Žan Karničnik,1,355.13161869302303,0.2080442971902522
3930170,d75717da-1f59-488e-8776-54c7a6c69407,Slovenia,Žan Karničnik,1,312.3803207427991,0.21916554154396217
3930170,98aee614-4bf8-41c6-9529-ba14ddc7a9e1,Slovenia,Petar Stojanović,1,332.76707376142144,0.21795456841546507
3930170,fee72553-469c-4644-9e38-26e3e288c728,Slovenia,Žan Karničnik,1,294.10534873458823,0.20881692915748146
3930170,d8103189-e3c9-47a0-9abe-42b906afbf9a,Slovenia,Timi Elšnik,1,326.9520308916137,0.09971317074706001
3930170,c0b5f7a0-5f89-4cc3-b889-7e888761a0e3,Slovenia,Erik Janža,1,306.31499442985006,0.11121297383795634
3930170,87759784-7c30-49c7-b332-aa130948b4e0,Slovenia,Adam Gnezda Čerin,1,383.1117595161775,0.17882246768616303
3930170,58ff6a77-ad09-4c8d-8c19-e0c79f6b65f4,Slovenia,Erik Janža,1,722.3603977949904,0.11213587116859308
3930170,ad9e60f1-52d2-463e-b433-b8fd336bc352,Slovenia,Jan Mlakar,1,223.85632899598215,0.15148969997985026
3930170,f176fcd7-c68f-4ee1-8717-97b536cb77cd,Serbia,Andrija Živković,1,142.25745682846497,0.049382386108062226
3930170,b4a3fcc7-5c0a-4562-90c3-ef8e51c81c1f,Serbia,Dušan Vlahović,1,134.06525036788446,0.05911902466898914
3930170,54e3120e-9f9d-4824-b856-32aef9baa61c,Serbia,Dušan Vlahović,1,231.0847429080281,0.06239053521860809
3930170,c17b9372-d171-465a-a646-ba917da8e03e,Slovenia,Timi Elšnik,1,134.58884633060285,0.49380567437656153
3930170,e3bacfd6-c1df-40bb-9c3d-e39cc9da1035,Slovenia,Adam Gnezda Čerin,1,213.55249608591174,0.7075435516128479
3930170,9a44f8d6-7814-44c7-b79b-2b4ac71bb950,Slovenia,Erik Janža,1,202.77991277186467,0.8394685088979236
3930170,fdb721cd-549d-4c63-a01c-149a4e117d0a,Serbia,Milos Veljkovic,1,132.61873079880058,0.061882409380798475
3930170,3ca1ef36-04d7-4a14-a07c-8621f0466655,Serbia,Ivan Ilić,1,119.1836756556219,0.0592458769442662
3930170,936da1fe-dc0d-4fb2-b82b-9eca283b41e4,Serbia,Strahinja Pavlović,1,368.0196732107294,0.03826020653573455
3930170,eab702b3-71fb-416a-a0fa-6277e6026ad0,Serbia,Nikola Milenković,1,144.44312085110596,0.046426991916956144
3930170,516f3227-8238-4ea2-b8e0-ae88588c9e06,Serbia,Strahinja Pavlović,1,172.1382391602937,0.04195862572716631
3930170,13303351-487e-43c4-bf04-ae7e1b533c38,Serbia,Nikola Milenković,1,123.66063900034996,0.03339672970690162
3930170,4b536225-2b38-444a-8202-0bc2372d61d4,Serbia,Milos Veljkovic,1,96.74309391241144,0.05524846145355372
3930170,0beb9986-c6b5-49c0-8bdd-bd3948269c54,Serbia,Milos Veljkovic,1,110.11543981505889,0.058945502390180995
3930170,202a4e35-e195-4f53-b661-8e8681aa9e9f,Serbia,Dušan Tadić,1,90.77040799201129,0.05632095328453607
3930170,eb0742bf-c7f7-4955-9ded-9852231a6837,Serbia,Ivan Ilić,1,216.9630720520638,0.07298314667783933
3930170,34d3b8dd-1c73-48ca-b762-4b5a00786c38,Serbia,Nikola Milenković,1,226.27175518071027,0.07333480856525534
3930170,d8941b34-9bd0-4116-ac02-8ae574daf364,Serbia,Strahinja Pavlović,1,457.80261370399694,0.025971083899390214
3930170,fa6f000f-e635-4d26-983a-2f661b364365,Serbia,Nikola Milenković,1,60.02141073070955,0.04926519408439688
3930170,9be69328-e1ac-4f3b-8c84-ffccde794644,Serbia,Milos Veljkovic,1,499.59170647224346,0.1124166599073074
3930170,067bd2d0-080e-4c2b-934e-4b8707692173,Slovenia,Žan Karničnik,1,475.23404360230984,0.06374576251632111
3930170,e0192440-8e16-449a-a811-3e1acff4a45c,Slovenia,Petar Stojanović,1,242.43403683526458,0.08002764614087782
3930170,5e836b56-0e55-4acb-83e9-587e83c3904e,Slovenia,Adam Gnezda Čerin,1,310.2968206628758,0.08776871540381112
3930170,6f81f43e-027a-4982-b366-c4319e16f667,Slovenia,Jaka Bijol,1,272.64319700829776,0.08435211510467776
3930170,a93a9838-114d-40c7-8247-740132312014,Slovenia,Petar Stojanović,1,256.62872884940117,0.12348926482624761
3930170,7363b737-cb8d-4452-8901-76454d01a62c,Slovenia,Žan Karničnik,1,276.8898246519801,0.2686305688437509
3930170,fdecfd17-d9d9-45d3-9e18-042c9cf79680,Slovenia,Žan Karničnik,1,237.23701074831462,0.41445451415204193
3930170,d523eeff-6a17-4aa0-9681-3344ab1c1b57,Slovenia,Petar Stojanović,1,217.41895299285858,0.22459225567361585
3930170,4f1c691b-956e-4de6-ba85-49f8ce5aad00,Slovenia,Timi Elšnik,1,260.68313220702527,0.20449536649563665
3930170,bdcd9bd6-65dd-4fb0-bf5d-34e64ff0c34c,Slovenia,Andraž Šporar,1,164.79095001935377,0.2533344395152707
3930170,cfe59211-3f75-4119-a75e-45b85950466d,Serbia,Strahinja Pavlović,1,347.2545758222436,0.058280325407286386
3930170,9a99ca55-f906-4b1b-91b8-e6703d36c024,Serbia,Dušan Vlahović,1,463.4990014005946,0.07316744802235746
3930170,0b21e84c-4a9e-424d-a29d-f5526626bfc8,Slovenia,Jaka Bijol,1,291.24291967131967,0.1279612246335832
3930170,3207c599-c679-4dc9-a6fc-d7bcfbb1c4eb,Slovenia,Erik Janža,1,358.3825695809569,0.1714163962301246
3930170,ad5cb457-7430-4f66-9013-0e110b1251d9,Slovenia,Benjamin Šeško,1,511.04251042284574,0.15934323535302872
3930170,18695d7c-56d0-4f46-8be9-510d05248c9f,Serbia,Saša Lukić,1,206.44973499253908,0.10115294209260654
3930170,45561456-0800-4a77-b2f0-d0c079cab9de,Serbia,Ivan Ilić,1,500.60323106108956,0.08983299596233665
3930170,2889f60c-963c-4e8b-a0a0-0ba276c5e3af,Serbia,Andrija Živković,1,585.5795087198919,0.11830424031840488
3930170,6457e493-d1e5-4f61-bf70-d2fc5a313a8f,Serbia,Milos Veljkovic,1,471.3454502856119,0.09440240911856901
3930170,526427de-1e37-48e2-8043-d868f49d0a5a,Serbia,Ivan Ilić,1,472.2689411760806,0.09161864697098965
3930170,9c176239-8bb7-4611-b65f-ca7ea18c7d41,Serbia,Milos Veljkovic,1,523.0176956797791,0.09086348602561328
3930170,44f9b5fd-e9f7-4267-8981-1c3d0bccf333,Serbia,Ivan Ilić,1,465.5317054540186,0.0792383414961913
3930170,b62adb29-a126-41df-8188-c6a41667d848,Serbia,Milos Veljkovic,1,661.0023369066769,0.11673298605935929
3930170,2f28dbd6-6de0-4180-86c3-0dbc225441c4,Serbia,Strahinja Pavlović,1,546.575145093884,0.1580217165091014
3930170,b68d9630-a8ab-4ac8-8e7f-a8ae203363c7,Slovenia,Timi Elšnik,1,403.5866028471132,0.07522081888376876
3930170,cb8cb6cb-879a-451c-b841-a1d46376e182,Serbia,Ivan Ilić,1,434.10481962272166,0.12563950392989082
3930170,bd247d3e-6f6b-4c64-9cf5-5701bbf18a2e,Serbia,Andrija Živković,1,519.9655398492667,0.11631266124960069
3930170,092b000b-31ee-4090-b91e-64a675400255,Serbia,Dušan Vlahović,1,105.74288196017967,0.19091364891083634
3930170,51059fed-be30-4b38-b11c-3833485b4518,Serbia,Aleksandar Mitrović,1,235.624944022059,0.21934921530336973
3930170,668af468-be79-4423-a0c6-4bbc75fddb38,Serbia,Saša Lukić,1,384.9761916284239,0.12987560607456244
3930170,e873f617-3001-43a4-ae89-9f291128b543,Serbia,Ivan Ilić,1,286.0360682886714,0.13971772390389542
3930170,71d46112-19a4-4ad9-a16d-3229b9801f5a,Serbia,Saša Lukić,1,423.8473290095893,0.09811914564993268
3930170,05234545-33ac-4797-b661-710c251bc0da,Serbia,Aleksandar Mitrović,1,336.94805361494696,0.1556140022814202
3930170,b4d95086-14c6-41c2-8f24-a4f4cc9d3fcd,Serbia,Dušan Vlahović,1,110.80137654895762,0.208543175213022
3930170,79bdad25-fa45-4cfb-b6ed-f7d12bd2f02f,Serbia,Ivan Ilić,1,204.76604650093986,0.19338730563019993
3930170,062c3db4-2ada-4571-82e0-71fac5cec226,Serbia,Saša Lukić,1,177.37643050686614,0.15122358710127792
3930170,8f20deae-09ed-42f2-aa35-b31110a4db7f,Serbia,Ivan Ilić,1,174.30177910844859,0.2610344531156164
3930170,ced6ca51-d77f-4b44-9cbb-7fc143543b8c,Serbia,Filip Mladenović,1,261.6737416068866,0.25354557898360947
3930170,449e285e-4fc7-4d16-a96f-f3ad0c91d1fa,Serbia,Ivan Ilić,1,264.89835456959355,0.24369907293331508
3930170,e87bc6bb-4986-4788-9cdd-e3eb8ab01585,Serbia,Filip Mladenović,1,267.2226504954429,0.2222466235313572
3930170,c0c353d2-67b9-4db7-ad23-a59c613eba14,Serbia,Ivan Ilić,1,291.4651372864273,0.28374261950843727
3930170,9bc40154-fad9-4096-a614-ad94dd8aadb6,Slovenia,Vanja Drkušić,1,325.77862850825346,0.028734293953681347
3930170,0638777f-e61e-4704-ade0-db90d5c02d78,Slovenia,Jan Oblak,1,91.83314212398467,0.0337903528514976
3930170,c777b28b-49d7-484b-86a3-ee644d5927d7,Slovenia,Erik Janža,1,193.85177123201612,0.04712818692205695
3930170,984efab3-3a27-42d5-9e62-3e8a5674374a,Slovenia,Žan Karničnik,1,234.61692630071775,0.05384067645893131
3930170,758ff562-f51b-44b2-b28e-5ff6e79f3f1b,Slovenia,Jaka Bijol,1,189.53871315973174,0.05909092191869917
3930170,dff712ce-5e42-4a3a-936e-4c6dcfa84518,Slovenia,Erik Janža,1,337.79705474618936,0.14087552803754172
3930170,71e6d413-c4af-48c0-9ad6-f13355de48a5,Serbia,Saša Lukić,1,130.65017160077494,0.051111756689639666
3930170,66edf008-7751-4fde-9b8a-b4ea7f881ebc,Serbia,Milos Veljkovic,1,355.61826624025593,0.07244742843180817
3930170,a2bf2dff-60b3-404a-a9c8-49962eedf005,Serbia,Nikola Milenković,1,146.47577672209002,0.061587266492423506
3930170,91940ea4-96d5-4cb2-8f3e-38de8c2ad239,Serbia,Milos Veljkovic,1,416.2074402472635,0.0710968246781958
3930170,c986f873-c920-4dfd-9b41-d382fedc481d,Serbia,Ivan Ilić,1,666.4632454106248,0.09152514632849723
3930170,1cf57b3f-f6cc-4cbe-8b85-be2964557e21,Serbia,Milos Veljkovic,1,575.2912870273755,0.08614106039157407
3930170,ef0ac9de-6b84-4507-bffe-8974b86cc883,Serbia,Andrija Živković,1,883.5900512982939,0.13653275364423847
3930170,dab544aa-1d75-4a2c-856f-1ebcae6b2fce,Serbia,Dušan Tadić,1,570.2375169207521,0.14516299938728858
3930170,bdecd60d-2d1c-4dd7-b0db-3910554a536e,Serbia,Ivan Ilić,1,727.188572557392,0.14013674811396484
3930170,c9e30301-c405-471a-9fc8-d991bfb7a60e,Serbia,Milos Veljkovic,1,544.1486812808429,0.08334162990108462
3930170,da428386-0cc5-4406-8b53-705a6becd4c5,Serbia,Nikola Milenković,1,79.0439118243309,0.049735380118503515
3930170,dbfecd6d-ee59-4ba9-ba54-9e1bd2a6132d,Serbia,Strahinja Pavlović,1,542.4907785473388,0.0882071687721805
3930170,5bad3b1e-7417-4348-a469-dd284faa97c1,Serbia,Dušan Vlahović,1,350.68960899393176,0.14292463743749517
3930170,7757b34c-a282-4982-9aac-5a22524bdce9,Serbia,Filip Mladenović,1,398.30885025797215,0.13930851097835895
3930170,d3b80b82-7908-4a52-8026-1a7f7923f02d,Serbia,Saša Lukić,1,347.5904511272604,0.08702971546249504
3930170,7cc95abf-701d-4daf-949f-0b5a67556f29,Serbia,Dušan Tadić,1,34.8520768943678,1.337043311784167
3930170,2ee160dc-2d00-4ec6-b0f5-fb1f62acd602,Serbia,Milos Veljkovic,1,206.05542456954515,0.04564709987701829
3930170,d0a951db-1538-48aa-8a9e-01e1db498697,Serbia,Saša Lukić,1,190.30303554873842,0.046357490398022325
3930170,e2d977f9-0364-4818-8ab4-9c7de107645a,Serbia,Strahinja Pavlović,1,298.2130305736448,0.0648063626721811
3930170,cf9e6d55-bd51-4e5f-a41d-fd1a4ac30352,Slovenia,Timi Elšnik,1,280.39007129409174,0.18738386228329995
3930170,4194b815-b66b-4172-97eb-ec410034e0b5,Slovenia,Jan Mlakar,1,265.9973091993343,0.17919865676640523
3930170,11ed7ca7-7545-497a-ad4b-f70fa6fe3ba0,Slovenia,Petar Stojanović,1,188.00414874576472,0.2056603528993703
3930170,419c59a7-e126-41d1-897e-d5504af596ef,Slovenia,Jan Mlakar,1,194.63229963106232,0.2559989401123013
3930170,ab37f72b-90af-444c-8b9c-42b5be91fc54,Slovenia,Andraž Šporar,1,170.7737973435798,0.3259811841195286
3930170,10f5fbd0-56b3-447c-b289-01af480c3c12,Serbia,Aleksandar Mitrović,1,309.07864260136637,0.03659177928687738
3930170,53670b33-b8c9-4186-bd9d-66d97757e0f6,Serbia,Strahinja Pavlović,1,392.5110765542128,0.046166892909473595
3930170,f90a9260-3ca8-47e5-9193-0132b183d1f3,Serbia,Saša Lukić,1,363.22455376925615,0.07054792963542732
3930170,c4e1f753-2447-446b-b067-1139ee8e9cdc,Slovenia,Petar Stojanović,1,345.8272837844615,0.08907898618037352
3930170,09d51536-448d-43a6-ae3c-b3c07f9163b6,Slovenia,Adam Gnezda Čerin,1,113.12558186777676,0.08032255607681629
3930170,37d41f4c-0f1b-41d0-be7c-03f4ddc4a114,Slovenia,Vanja Drkušić,1,106.75466670785136,0.08280848496236895
3930170,7016cb67-90a0-4ad4-884c-2aa4c3c659df,Slovenia,Timi Elšnik,1,244.2974029232497,0.09767006522870526
3930170,a6f07ede-068f-435d-9f42-1348f435317f,Slovenia,Erik Janža,1,403.3959239449078,0.11620589748869091
3930170,60d62852-3ec0-46e7-ba3b-00439876cbec,Slovenia,Jaka Bijol,1,239.38084508248764,0.0956768872346511
3930170,cfbc7bef-c6a7-4055-a623-7fd4f2ff6c49,Slovenia,Adam Gnezda Čerin,1,417.58337608535015,0.08946808659329837
3930170,902f49a4-ce37-4b29-b5a8-7b3d9753c32f,Slovenia,Erik Janža,1,515.5601655036569,0.11781910557127709
3930170,1bd89f7d-8502-421c-b8c4-b8f43891d882,Slovenia,Jan Mlakar,1,507.1308262312326,0.16366177211966054
3930170,12b29a22-5014-4a39-a2c5-3b41d116f346,Slovenia,Andraž Šporar,1,488.61314778223004,0.22031131037875146
3930170,693b853b-0c56-418b-8bee-c70760ac55f9,Slovenia,Jan Mlakar,1,323.48237463626185,0.2998369961395569
3930170,2efa82ad-1e0e-4408-9043-e8efe2c5d04e,Serbia,Milos Veljkovic,1,272.34098740749545,0.06523396737808684
3930170,413c68b2-ae3e-410b-b480-a7ca5cff89ce,Serbia,Nikola Milenković,1,153.0232279847159,0.05660738741420206
3930170,886909a5-a03e-4117-b2cf-e9be6e8b7ea7,Serbia,Strahinja Pavlović,1,240.92916468944884,0.05911697503730449
3930170,fbf48491-d87c-4f76-aa7b-cbaa8aaefd59,Serbia,Milos Veljkovic,1,271.0508871636845,0.07076123263955236
3930170,17cc4ee3-b5a7-4e19-b225-fe792f31f971,Serbia,Andrija Živković,1,606.8363651675353,0.08771983628088302
3930170,1a2c5f2d-db96-4c22-9d13-7ab4f9854a74,Serbia,Andrija Živković,1,616.6617507718755,0.0826013198800499
3930170,1a74a0fa-0503-45a7-b55f-0d1fb158b75f,Serbia,Saša Lukić,1,452.49849301604735,0.08470539662566884
3930170,0ee3e7bf-2e78-4474-b164-5112cda9bcf5,Serbia,Ivan Ilić,1,389.73513870442235,0.08226542485095009
3930170,9b1b18f6-0770-428c-b2ca-7a53b301dd68,Serbia,Aleksandar Mitrović,1,840.055282090465,0.07879024586361641
3930170,a7daadb6-e3de-461b-9b38-de0a2ec0dc04,Serbia,Andrija Živković,1,461.99923892125105,0.11700652520491914
3930170,e9105e80-dc66-4d84-80be-8a4340089aeb,Serbia,Saša Lukić,1,512.7466296937054,0.12562525388523718
3930170,a5522aa9-f46b-452e-8eae-9e3b0d371a92,Serbia,Strahinja Pavlović,1,573.0148983525113,0.16005895462111805
3930170,e5e2c094-56b6-4b6d-bbcd-d532ab956c5e,Slovenia,Jaka Bijol,1,498.6191525756268,0.05493968496854024
3930170,6ad5acf7-cdca-49a9-8deb-a65c024f23a4,Slovenia,Žan Karničnik,1,402.7697452486399,0.05154480300687532
3930170,08192725-ce20-4244-90a6-6212e6cb6241,Serbia,Strahinja Pavlović,1,580.9085540025989,0.09775790487136118
3930170,8b663356-0b26-4503-aaf2-3e5d898cd2ef,Serbia,Filip Mladenović,1,605.0878731968955,0.09435610369560464
3930170,bac0cfbc-0030-42f9-9fb4-a93c34363156,Slovenia,Žan Karničnik,1,485.4104126856288,0.051200841814590836
3930170,464f617f-90c2-4abf-b20a-9032ce6b6d0c,Slovenia,Petar Stojanović,1,321.74776292844854,0.03876146878183216
3930170,d0d985aa-2de0-498b-b0a1-3bf64e9e0b84,Slovenia,Vanja Drkušić,1,409.5197546810373,0.05392453650970796
3930170,f229982d-3555-4854-85ce-1cfc920b6f92,Slovenia,Žan Karničnik,1,475.7199659838285,0.04005214957628835
3930170,9736ada1-97f1-4320-9f0b-ee65a56908d6,Slovenia,Petar Stojanović,1,290.4690132828854,0.0446517525050745
3930170,1c8842b8-2d8e-4865-b700-4558e2b8be36,Slovenia,Timi Elšnik,1,287.74843694195727,0.050858407720949045
3930170,1e978217-cff7-4ab4-bbe2-375e6eec971d,Slovenia,Jan Mlakar,1,861.054557239335,0.08288423618861805
3930170,da9945e1-47f3-4795-bda2-edca36fbfb86,Serbia,Nikola Milenković,1,69.8571483135615,0.04839856793035005
3930170,cb0b56d3-f573-4847-976e-ef9784362360,Serbia,Andrija Živković,1,412.9506061619584,0.0857045477660861
3930170,29aa679d-4511-4af6-948e-8b05a012d21d,Serbia,Filip Mladenović,1,601.837905606251,0.08155384029665715
3930170,fdb5e5f0-1d5f-4cb4-96f7-9ad330cdb78b,Serbia,Strahinja Pavlović,1,248.97724644748337,0.04683951566267633
3930170,84b8f104-5095-4064-996c-17a188fce69c,Serbia,Filip Mladenović,1,580.1428703368572,0.09976881669639075
3930170,39f7efcb-95ff-4609-8efc-2a94e601ddcd,Slovenia,Žan Karničnik,1,373.9043960335257,0.05469793569882071
3930170,27911792-a88b-44f1-9c0b-3b901ac54765,Slovenia,Petar Stojanović,1,526.5012003612851,0.05773668597253485
3930170,2fc2ac4d-9b7e-4920-8603-e1261e40a520,Slovenia,Adam Gnezda Čerin,1,343.4973797722363,0.0470053847684588
3930170,f7fa52e7-9a93-4787-b900-623ed2b61905,Slovenia,Jaka Bijol,1,385.28263290961047,0.04923043137914918
3930170,a99c0e2c-aa8f-439e-ae30-c46a7220edd1,Slovenia,Jan Oblak,1,289.9869607885654,0.04067066169746631
3930170,7e2f60d9-34ea-4558-bef0-0ca22170e877,Slovenia,Žan Karničnik,1,488.0759265137485,0.06786279997471907
3930170,a39630b9-4ae6-4e84-a8f9-e088c787c5be,Slovenia,Andraž Šporar,1,428.05117421584316,0.06899721139470288
3930170,fb3a940e-94bf-4b72-bd6d-e37153908518,Slovenia,Žan Karničnik,1,487.48740124421624,0.07023489397138537
3930170,4a97243e-93a6-4349-8973-5f6e932d1ab9,Slovenia,Adam Gnezda Čerin,1,360.26965346874476,0.06719402271671569
3930170,7d51e2e6-9984-4a9c-b737-8c0202f09fe0,Slovenia,Timi Elšnik,1,405.46481134876433,0.0927070308127779
3930170,55b8816d-ba72-48c9-bcde-828ae266d99c,Slovenia,Jan Mlakar,1,225.88842101564794,0.14147963892165455
3930170,6f545453-31e5-42c4-85f0-15e81bc656de,Slovenia,Erik Janža,1,203.4395495048059,0.5245748528363663
3930170,a159e4b3-4769-4b00-b54f-80f09c329ed2,Slovenia,Vanja Drkušić,1,128.75317853940078,0.059528914332149456
3930170,662e86bb-c501-4c5d-b9ef-e2216357462a,Slovenia,Jan Oblak,1,192.8621291435137,0.03207758418329183
3930170,9f159916-9edb-4125-9280-6178f36eb4a0,Slovenia,Erik Janža,1,336.95368322550985,0.11459903697914074
3930170,1d01f257-9e0d-46b0-b5ab-d19d9fecbeba,Slovenia,Adam Gnezda Čerin,1,661.6053848629892,0.09571975771301944
3930170,7a230c27-a78d-4bcb-9ab1-c729bdc8ca4f,Slovenia,Jan Mlakar,1,336.797328298692,0.14371511885903931
3930170,2f0ceb58-26ea-43f5-9c3f-3da35eb99559,Slovenia,Erik Janža,1,284.79090460982553,0.20593341558683298
3930170,938fcdf2-4ba4-4034-af2c-86f67b3dc10a,Slovenia,Žan Karničnik,1,204.57554653087658,0.11718126333616122
3930170,9470e732-21a5-4829-b7b2-5b0ee0f4b1ba,Slovenia,Timi Elšnik,1,391.01654013366823,0.0896374745775695
3930170,0a1162f7-06c1-42f2-9a55-3c3db58750a2,Slovenia,Erik Janža,1,233.94021651702988,0.1310363868561889
3930170,38991b65-c959-48c3-95c9-7d46abbb2ae9,Slovenia,Timi Elšnik,1,272.7458031955352,0.2520493948295724
3930170,5d103108-c535-4957-8063-06bf8a8266f8,Serbia,Aleksandar Mitrović,1,305.9414537854616,0.1295652890063137
3930170,4f538922-2264-4cc3-823b-427a2be9df13,Slovenia,Petar Stojanović,1,339.2755458001679,0.05483106751076014
3930170,6a888d30-9988-4ded-b6fc-d8dbb3a35ece,Slovenia,Žan Karničnik,1,244.4726904299559,0.053512543052400406
3930170,d2545edb-6399-4e6e-be49-f25dd7d36458,Slovenia,Adam Gnezda Čerin,1,293.1966548655679,0.0565541937002417
3930170,36397c0e-ed7c-4e3c-82ca-8ff0911a5efa,Slovenia,Benjamin Šeško,1,446.5382175196329,0.047047666602281754
3930170,129a0e0f-4757-415f-a022-dce6cf1305ca,Serbia,Strahinja Pavlović,1,249.9973495613992,0.07427888508360815
3930170,503bd421-d6aa-435a-80e6-0c749b7d2446,Slovenia,Timi Elšnik,1,408.4325957792463,0.02879261744419346
3930170,e3b28b58-8f06-4de4-87a7-368cfe5599ff,Serbia,Ivan Ilić,1,200.00824104626304,0.09492816923180872
3930170,74fc11b4-e411-4238-9b5a-9b230d13e8db,Serbia,Dušan Vlahović,1,462.34457962389035,0.0917885478734566
3930170,27ed6efc-f3e5-40a6-ba0b-f7241c07ead8,Serbia,Andrija Živković,1,249.64650095026664,0.08450332072820813
3930170,96bb5004-49ea-416c-bc12-8531e5a18477,Serbia,Dušan Vlahović,1,583.6453852947759,0.09152688548853645
3930170,53379468-0c67-4c2c-b973-6b882d986427,Serbia,Milos Veljkovic,1,444.0116050373463,0.14330162649613842
3930170,b5525b2c-6abe-49b4-9c5b-a27a4a2ecdbd,Serbia,Dušan Tadić,1,559.975321170085,0.12827958491759137
3930170,38971455-cedc-4ce3-8c75-bb2d6d158bd5,Serbia,Saša Lukić,1,521.4073969982335,0.15233629533800658
3930170,b49c5b25-fd08-4993-8e14-bfe95a23a62a,Serbia,Strahinja Pavlović,1,310.41759572304403,0.05539430350236489
3930170,33a347ed-f462-4b23-a091-db3dd62c4790,Serbia,Filip Mladenović,1,269.9634543523865,0.11271832192652348
3930170,459acd46-3b9c-4387-9c20-c12caaa68e49,Serbia,Nikola Milenković,1,56.797887841259836,0.09332756289933643
3930170,dd4a33a6-3c34-4d46-b33b-afc2cda6290e,Serbia,Milos Veljkovic,1,416.49663300250285,0.11150041094071056
3930170,3472d65e-ff43-4e9e-8df8-7bc7847c3f71,Serbia,Andrija Živković,1,475.8459021371074,0.15461836238954668
3930170,e2bbcba9-cc06-4675-84d8-63904e9fae9b,Serbia,Dušan Vlahović,1,429.52686398293093,0.15434153415552032
3930170,9b36904d-cf65-43dc-acc6-21f3eb6ec579,Serbia,Milos Veljkovic,1,584.4593692548035,0.14188093128934448
3930170,62a38f5a-52c0-4c14-adea-d02cf5806e22,Serbia,Andrija Živković,1,465.850980644249,0.15323469163847545
3930170,f204fa35-0e05-4aef-b6af-5b021bbbd647,Serbia,Dušan Tadić,1,426.3526085091866,0.18639534441399036
3930170,0953320f-7dba-41d7-a21b-b475f1a6af0c,Serbia,Aleksandar Mitrović,1,313.8486107074161,0.16793365669382723
3930170,fb223851-f2ed-4a79-b688-b6933258f039,Serbia,Milos Veljkovic,1,168.70132388916716,0.0940784511662475
3930170,ff160e7a-98b6-47b7-abb2-49b2081bddc6,Serbia,Ivan Ilić,1,201.97093267034415,0.08193670050614965
3930170,fae62062-8615-4c63-9339-6e57607fff68,Serbia,Nikola Milenković,1,124.74156542363083,0.0814701418369548
3930170,6a2c8d7d-41d8-4166-b0e8-356997ac1ab8,Serbia,Milos Veljkovic,1,234.69768414253502,0.08268664201930712
3930170,ef454c1d-6b78-4c81-a871-45a32244f0d0,Serbia,Saša Lukić,1,621.6076337390431,0.10213302312381788
3930170,12b505e4-d576-4803-a850-22f60e4c9691,Serbia,Milos Veljkovic,1,431.0036542438145,0.14078765558512887
3930170,ec25459a-0a70-4ae1-8ef5-cb36e93261d9,Serbia,Andrija Živković,1,620.1207280433869,0.12332921663907731
3930170,e1bbda56-9d68-4374-9b29-37babf93f073,Serbia,Dušan Tadić,1,608.3883153775695,0.12998731062229577
3930170,af3f9785-3713-4a34-b70f-3595597b5289,Serbia,Andrija Živković,1,261.5715593378605,0.14481634274135852
3930170,8a4b06da-f272-4902-aa7f-116a0ee3459e,Serbia,Saša Lukić,1,339.8239772041028,0.2595092861114097
3930170,79f4aae2-b2c0-4e80-bd39-d9897a8aff3c,Serbia,Andrija Živković,1,184.76262245314658,0.22839507644899898
3930170,911ba528-87ca-45bb-ae38-c4b192c75ec8,Slovenia,Benjamin Šeško,1,411.3620392296751,0.12001678967816286
3930170,bacec9e9-c154-4762-beea-056658dda90c,Slovenia,Adam Gnezda Čerin,1,186.04025217060365,0.3755314316377389
3930170,8434b6cf-ea8e-40c4-885b-26499369ee5b,Serbia,Saša Lukić,1,202.10942118954753,0.13515181672624604
3930170,357b59d5-7c46-4498-8057-242cd719418b,Serbia,Filip Mladenović,1,378.75573595256634,0.17837229218674633
3930170,109b42dc-38a9-4462-813a-97f36057b940,Slovenia,Petar Stojanović,1,115.87709183474433,0.04870732551372972
3930170,235742f7-042e-4b54-8e64-cb9e16ae6913,Slovenia,Žan Karničnik,1,193.3175157135271,0.0461804723623394
3930170,b820ba7c-cb95-4154-a629-ed2e32eef16d,Slovenia,Andraž Šporar,1,172.00498110855784,0.12354894166272842
3930170,053c1db8-77f2-489c-beda-ad664dfa951c,Slovenia,Erik Janža,1,177.41362248140712,0.6390615009369635
3930170,c864a683-50b9-4554-9a51-4491c44cbc78,Slovenia,Adam Gnezda Čerin,1,278.13119540795685,0.7744610795003675
3930170,37cdcee6-b1e1-4548-bf42-16ea12c041bb,Serbia,Filip Mladenović,1,442.8719193338892,0.10246734147574853
3930170,6978c496-751e-498c-a477-d15e04e477cd,Slovenia,Žan Karničnik,1,385.97905603652555,0.062442732277874974
3930170,5bc7423c-6956-4163-b326-b4ab31bef97c,Slovenia,Benjamin Šeško,1,359.9912470237774,0.05423801759070336
3930170,11252ed1-0de7-4247-89e2-efdef9d5141c,Serbia,Saša Lukić,1,348.09978702233593,0.07657396469414546
3930170,42126182-68fd-4a07-82c4-29b67bfbef74,Serbia,Dušan Tadić,1,479.1408819455445,0.07272541520048496
3930170,9ae62777-b137-4054-b95c-3807f9d9f108,Serbia,Andrija Živković,1,138.515868470741,0.24814712222935514
3930170,bc38f094-7501-4647-8a07-e6e155f33cf9,Serbia,Aleksandar Mitrović,2,629.5944001838939,0.11180754509502866
3930170,60b388d4-ff17-46a2-ab39-b57219909d0b,Serbia,Saša Lukić,2,617.4690183862488,0.10845416791957362
3930170,fc8480e6-8ff1-46f1-8159-0567426c3ea3,Serbia,Ivan Ilić,2,506.2494065106085,0.10306897384522432
3930170,039150ab-a585-4f33-af51-57846bbf68f2,Serbia,Nikola Milenković,2,203.2797787305925,0.05523120629475236
3930170,7c651ea0-8719-4b28-85b9-5bfc8053e212,Serbia,Milos Veljkovic,2,371.4377983738293,0.05660764764903861
3930170,f84231c7-182c-4eda-9e47-eda1e8a3d940,Serbia,Nikola Milenković,2,174.16785049703356,0.04555402691713328
3930170,f600a08c-2f3c-45c0-ba25-262c8c1cbb2a,Serbia,Strahinja Pavlović,2,85.42212279061273,0.04849626519945638
3930170,992e8ec6-73b4-4260-8227-fcd21a80a666,Serbia,Mijat Gaćinović,2,310.49413817453257,0.046117286973457565
3930170,6598d839-4d64-4caa-a441-9eef944c056d,Serbia,Strahinja Pavlović,2,205.78223528374582,0.05040648197785083
3930170,cc43a9ae-883b-4c93-8719-03dca9b6412a,Serbia,Mijat Gaćinović,2,187.50052649057733,0.04475339770171129
3930170,704c99eb-83af-43e1-b422-8e02b425f8bb,Serbia,Milos Veljkovic,2,406.7954189270826,0.031863894562985634
3930170,2ebcfaf9-25c5-41ab-80a2-93a0850a2609,Serbia,Andrija Živković,2,282.73511498489023,0.03418624735185922
3930170,2a612aea-bc65-4c72-ab8d-56e237cd676a,Serbia,Milos Veljkovic,2,135.86811698945579,0.042285051153203745
3930170,916bfa90-3e6f-4515-b218-759ffc699fba,Serbia,Nikola Milenković,2,9.568021906143523,0.02714216690591663
3930170,4e3ff6d1-d49e-4576-aa0e-39e8317fb3d1,Serbia,Milos Veljkovic,2,74.12843027725938,0.06319961089442924
3930170,fc54ec12-f5c8-45b4-b45e-bc28d02314c0,Serbia,Milos Veljkovic,2,342.71853484119754,0.047325793707344334
3930170,3aef3a7c-ade8-4a00-b085-b8ccc854a279,Serbia,Ivan Ilić,2,546.5679755719194,0.07765498529700952
3930170,6ce7cd3a-49b5-41e2-bae9-18e5400e8336,Slovenia,Timi Elšnik,2,429.79309114602074,0.07211413774920333
3930170,9bff85d3-fa59-475f-87f1-e663437fe9fe,Slovenia,Benjamin Šeško,2,819.5080782981429,0.06161144035045043
3930170,29e0cab3-9198-48fc-aa60-80b5bb5f125e,Serbia,Ivan Ilić,2,125.43959153593966,0.04796196834470714
3930170,29d52e17-c683-4bc1-83a9-90783f2f4c0b,Serbia,Saša Lukić,2,128.56306633495865,0.04914961710011145
3930170,c5644071-fe12-4af8-a8fb-2c60a53ca727,Serbia,Ivan Ilić,2,155.06827814389118,0.04791802038594659
3930170,a041ccab-619f-4cb2-bca7-0e73d11c8c88,Serbia,Strahinja Pavlović,2,151.27560868256887,0.06654303777856035
3930170,ca877525-fd43-4f97-9954-64509a77b43e,Serbia,Nikola Milenković,2,116.49244689791591,0.08817469613674243
3930170,8b0df949-3d80-4a5c-9204-f80158720889,Serbia,Andrija Živković,2,274.9955805174189,0.12538798268224166
3930170,65298207-06ef-4957-8479-a8b4a421b970,Serbia,Aleksandar Mitrović,2,234.79727284664625,0.15553301850957124
3930170,d98da2e9-037f-4ff7-a97f-06db8ea61493,Serbia,Dušan Tadić,2,364.82681688102554,0.10778860837074454
3930170,461f14f3-0c38-48ad-b3ec-ca1100de3f92,Slovenia,Benjamin Šeško,2,336.256822031919,0.06110442398774241
3930170,30a1967d-e2e1-46c1-8d5a-e9b4f9082e79,Slovenia,Jan Mlakar,2,352.97830040189893,0.09853854338906916
3930170,80c09afd-c4bd-425c-bba5-2792d47b4bcb,Serbia,Strahinja Pavlović,2,276.32376894869776,0.05586780147891818
3930170,6cdbe0f7-5fd8-4d59-a849-f52d43cbad20,Serbia,Ivan Ilić,2,283.96745072383305,0.05013872922161274
3930170,74978f47-da49-4266-89ae-14d8363c866f,Serbia,Milos Veljkovic,2,257.0081243188404,0.03403848076921964
3930170,d82e2ce2-cd0b-4e43-bd8e-4e88896e88fd,Slovenia,Vanja Drkušić,2,494.6366238962729,0.09511764657930458
3930170,9ba67047-85c6-48fc-b2e5-a94e78be0a58,Serbia,Nikola Milenković,2,102.12615820056536,0.057710917617376616
3930170,b78ce68d-e864-49a5-8a22-e3f1f7ec7571,Serbia,Milos Veljkovic,2,159.06301553836423,0.0535544646675591
3930170,665c1021-01bf-4f70-95ad-3af36d378f0d,Serbia,Milos Veljkovic,2,234.49928280708906,0.04625999438021117
3930170,9d964907-155b-4cb6-b47b-8a96fca68064,Serbia,Ivan Ilić,2,303.3909134042666,0.0552019864572859
3930170,3f582f3a-8e77-49ad-8587-4dfd7326dcb0,Serbia,Milos Veljkovic,2,312.8574925869848,0.048490234978702945
3930170,e7f60853-b6b3-4557-b595-b7e34defec0f,Serbia,Dušan Tadić,2,371.19882292034697,0.05534188711675612
3930170,f18596a9-3e6a-4292-a7e9-7191e4095ddc,Serbia,Ivan Ilić,2,380.4468603136011,0.0735823889779258
3930170,90c4f54f-857f-4d24-b43a-7149f8ae40c7,Serbia,Saša Lukić,2,231.54630886042372,0.07682610788415536
3930170,f955e606-6e1b-4f82-94a5-ae9439e6867f,Serbia,Milos Veljkovic,2,280.4589282109009,0.062073665635665264
3930170,33b6323e-c0fa-4f9c-a872-ebf4d01d669a,Serbia,Andrija Živković,2,480.06266114735894,0.08611206989923105
3930170,06b33cbc-abff-4614-a240-d3443a611a23,Serbia,Dušan Tadić,2,412.73793372504065,0.1038821795274275
3930170,40a1f9bb-8c74-4013-bd58-f4d15d5f8b24,Serbia,Saša Lukić,2,409.18428488426036,0.13932098466110432
3930170,17fcb8e2-893b-4d35-9118-aea2b66bf4ab,Serbia,Dušan Tadić,2,241.9683620317773,0.1917870660076038
3930170,d3f24f66-30ac-4030-8087-37523d2b54af,Serbia,Ivan Ilić,2,206.67693573855473,0.269310729422433
3930170,ca8261ec-da18-4307-ad0b-9dca814bd73e,Serbia,Mijat Gaćinović,2,217.2126108160144,0.23434583615079813
3930170,4cb70e94-7469-47df-ba78-b706a4b6b535,Serbia,Mijat Gaćinović,2,161.76032633112985,0.1878253462586883
3930170,62bb3dbe-7401-4335-9ce7-50eca2eae673,Serbia,Dušan Tadić,2,120.5556956829132,1.4127275066062863
3930170,6e02a119-36cc-430f-a43e-8beec0e72e9a,Serbia,Mijat Gaćinović,2,187.57697585880857,0.44393222227319556
3930170,1c9b84cb-0256-40c1-b69b-a2759857dc47,Serbia,Saša Lukić,2,28.982990780509027,0.08520006724445184
3930170,d50374e4-3c85-4e5c-a543-98c41735dff0,Serbia,Ivan Ilić,2,176.9055588810527,0.08952591500242141
3930170,7c08f911-e9c2-4bb9-b3a4-44108b310662,Serbia,Dušan Tadić,2,287.1531469505418,0.14842546103985724
3930170,a56a9d46-4dab-450d-af6a-bdb2e05b89e4,Serbia,Dušan Tadić,2,91.07196668992879,1.269465091238321
3930170,a1470244-8866-4551-b947-ecbdd9e9c710,Serbia,Andrija Živković,2,121.5244613213862,0.3165057458347327
3930170,724eacbe-4d9e-41b1-a177-66bcf0835a15,Serbia,Dušan Tadić,2,217.1197434104298,0.6668154048935547
3930170,3af692ab-1376-4930-ae1e-05ba1701acf3,Slovenia,Žan Karničnik,2,92.4581743771826,0.0422848220906242
3930170,c92c0855-8752-4bd2-8e05-c880ed4f7963,Slovenia,Petar Stojanović,2,320.56402319405777,0.05666963585028461
3930170,97eac187-3e18-43f1-abb9-7a12cbfc060c,Slovenia,Žan Karničnik,2,263.5635575901063,0.04841607409417452
3930170,a8781770-1f9e-4292-9a4a-482e2f64e9b7,Slovenia,Petar Stojanović,2,266.7436736716377,0.2949504903014444
3930170,6788a3fb-096a-4f13-9e18-8c263083479f,Slovenia,Adam Gnezda Čerin,2,239.49392158570652,0.10369661314310394
3930170,7d72f7c3-f77f-4b5b-abdd-36adf600b8b1,Slovenia,Jaka Bijol,2,248.68280923294896,0.12093785079899172
3930170,11f29734-00c9-40c5-9e9e-4fa51fbd472e,Slovenia,Erik Janža,2,348.73376421092746,0.10930629166379681
3930170,f9fbae6d-5ba7-4fd0-aeb2-a4529c32a1f2,Slovenia,Jaka Bijol,2,117.35224647163463,0.08630851971871915
3930170,e4c49265-0a7e-4b62-bdc3-f9ca0ca2cdae,Slovenia,Vanja Drkušić,2,369.3018568728972,0.0720657066202997
3930170,e92def10-c48a-476c-a4f6-5725d84e2919,Slovenia,Petar Stojanović,2,563.7025006043208,0.10990598152595524
3930170,9a82594b-6f19-41d9-a9ad-047a8f7169a5,Serbia,Nikola Milenković,2,338.30498340659335,0.05892245365834604
3930170,f7eafbbd-c629-4b3c-aaad-bb0c5ffe24db,Slovenia,Adam Gnezda Čerin,2,304.57602493838056,0.17323827973242267
3930170,5568c101-7eb5-48dd-930e-66c562e09a72,Slovenia,Žan Karničnik,2,263.868803081234,0.15883245348124858
3930170,ed17c149-3ecc-4c34-bd61-b02a55097177,Slovenia,Erik Janža,2,280.12734212877115,0.06969514223453778
3930170,b885e42b-4bbe-43ae-996a-1aa626ce2ecb,Slovenia,Erik Janža,2,33.42330007515921,0.08045128549196592
3930170,773f16f5-ae9b-433c-a503-ab091831229a,Slovenia,Adam Gnezda Čerin,2,251.05265124711198,0.0929171770380291
3930170,4ff04f14-f90d-452e-988d-2df16a891e26,Slovenia,Jaka Bijol,2,122.53579509804023,0.4519283194591446
3930170,cb7420fe-c6a0-400f-921f-1bae4a68cf11,Serbia,Mijat Gaćinović,2,137.40449459306498,0.029290687172031593
3930170,8478a9d3-088d-43ad-ac30-b9ee81d5ca40,Slovenia,Adam Gnezda Čerin,2,98.89792254494793,0.10788660768504933
3930170,d821b4de-0b41-46a7-8a8a-5a7e11aec320,Slovenia,Žan Karničnik,2,68.86109848261528,0.06614297618287594
3930170,6c780fcc-a190-4a39-912a-ff6e54bc6b94,Slovenia,Erik Janža,2,41.85753725179053,0.05392104733109404
3930170,a84cf175-0527-4d83-9ba7-64ad167d70c8,Slovenia,Timi Elšnik,2,461.971761900649,0.061277747886414394
3930170,cd9a06dd-4cd6-49ad-a008-e7418f5c90eb,Slovenia,Vanja Drkušić,2,276.15255944480725,0.05001717083631942
3930170,bbabbd13-c4fe-49be-b716-9448ae5bda02,Slovenia,Žan Karničnik,2,270.8758887921488,0.03954216054175433
3930170,64f1cda2-cc89-4979-87e6-4127f6d9e562,Slovenia,Vanja Drkušić,2,462.6935908683693,0.05450659028977748
3930170,14b90766-f5ce-4e7f-ba60-1630c6ddace3,Serbia,Andrija Živković,2,246.9193099952876,0.030579155109292315
3930170,9c6b550f-f26f-4e17-8368-804c37f5d8a3,Serbia,Milos Veljkovic,2,202.42368937323408,0.0330239151217389
3930170,753394da-d947-4215-bf06-6f5393161c36,Serbia,Andrija Živković,2,308.53661911470783,0.0340387032652332
3930170,de429def-33a2-44f5-8453-253e0e682189,Serbia,Ivan Ilić,2,148.67800273346717,0.029069551373640083
3930170,857c6f12-ccf7-44d5-9a12-c365c489b632,Serbia,Nikola Milenković,2,75.30869085876176,0.038508580721228244
3930170,56a7448e-600a-4c9b-aa00-43587f63a5d3,Serbia,Milos Veljkovic,2,131.07119678870427,0.04223307830735713
3930170,46b3c566-76ca-4d70-9056-7bf8a88afbcc,Serbia,Predrag Rajković,2,68.60687973917457,0.026589414409529843
3930170,262bcb04-2ed6-4883-b23c-6867770c00b1,Serbia,Aleksandar Mitrović,2,281.30749452666413,0.09498517491888739
3930170,8a57ffaa-2b69-490d-8b92-96cd756a97ae,Serbia,Ivan Ilić,2,110.69504525307528,0.0845714696892518
3930170,2cd2cc92-b5d3-4760-a974-bc1677c81d5e,Serbia,Andrija Živković,2,278.905584158261,0.047555179499575904
3930170,05a14752-30b6-482b-b64c-a906148dd7d8,Serbia,Dušan Tadić,2,211.12724655241902,0.3172628031279145
3930170,2e0ebe29-f80b-45a0-9f19-045ec0ac813b,Serbia,Andrija Živković,2,169.94911402371307,0.3740398702216126
3930170,072880ef-5701-428f-b55d-11fac91fc85d,Serbia,Ivan Ilić,2,184.40111528890955,0.12499287184936184
3930170,321aae7f-a941-4d45-8614-b739d92c4bf3,Serbia,Ivan Ilić,2,306.0764193320762,0.060009341826930504
3930170,44d1698e-43b1-43bf-8f77-884ee3c8ec0e,Serbia,Strahinja Pavlović,2,250.5466234860267,0.0719061902641395
3930170,69d6c07f-a53d-4e57-9b8e-4886c9542307,Serbia,Ivan Ilić,2,217.895414704058,0.08690305089633654
3930170,6c6431a5-5943-4162-a2d4-c2ceb1e7f018,Serbia,Nikola Milenković,2,219.8748220825534,0.09121420780267982
3930170,e1086ae0-d5a4-4b46-8acb-b0876af370d8,Serbia,Saša Lukić,2,263.5005929656947,0.055628579628002536
3930170,310a96e7-07f1-4cfd-bc63-3ca39bdf694d,Serbia,Andrija Živković,2,365.30347129085925,0.13362382871106
3930170,033c628d-dcaf-4a13-a596-2bae58ee9217,Serbia,Saša Lukić,2,364.54376135727216,0.09485840428274175
3930170,55c2744f-5074-4d02-a0d8-81e535c79c7e,Serbia,Andrija Živković,2,429.6570476826008,0.08386008432089455
3930170,fbb1ac28-520c-405e-ae38-dd72eec280c9,Serbia,Ivan Ilić,2,208.67935800545908,0.2542615025765912
3930170,5d255042-b563-4c3a-8af9-b80e3924a367,Serbia,Milos Veljkovic,2,154.4289096171689,0.11960377881338698
3930170,2cb2ea49-4b99-401d-bbba-52ebdc5d5f8a,Serbia,Nikola Milenković,2,58.42658146780976,0.07872840675253757
3930170,2c932e60-61f6-43e5-ba99-2a85c4e4e110,Serbia,Saša Lukić,2,88.16305414179241,0.09631820087854659
3930170,aa29916b-e940-4e0b-9164-47c0bd90921f,Serbia,Strahinja Pavlović,2,444.9145460715279,0.10737254813003272
3930170,71767b40-57a7-461a-82c1-37cb946004b6,Serbia,Nikola Milenković,2,19.037029487358055,0.04769440868477012
3930170,076e9c70-9401-41d9-87fc-35df3c93e81e,Serbia,Milos Veljkovic,2,235.09472929628646,0.05652277747113351
3930170,d2882950-7c96-4842-83d1-c2abb65bdb83,Serbia,Ivan Ilić,2,291.79194252980267,0.04631320902451013
3930170,993b9b6d-497c-4a07-af21-00ed826c4a2a,Serbia,Milos Veljkovic,2,285.3454973832664,0.06136684633939378
3930170,081558df-f1f4-4464-848e-dcfccee4d076,Serbia,Ivan Ilić,2,398.8072993346733,0.0984132702514276
3930170,f1c3b00e-ab72-46ee-9003-dd995ec9cbef,Serbia,Dušan Tadić,2,277.2584848757111,0.34777760376320954
3930170,c5419189-9361-4916-985f-952027b1732c,Slovenia,Jan Mlakar,2,120.98131814815196,0.04804463436138582
3930170,35743d26-fe61-4a60-b36c-94ee5f8b7bfa,Serbia,Saša Lukić,2,195.4161371814314,0.12146015421939557
3930170,957adbc8-1da1-40ac-ae51-3c57f227ab7b,Slovenia,Petar Stojanović,2,273.62626836407946,0.034707036420049873
3930170,d05e26cc-63d2-4088-bbc1-a3e253eca112,Slovenia,Benjamin Šeško,2,211.57834900244762,0.04403973230974834
3930170,93b67600-02e6-4a1a-bc35-e12c3e42ca25,Slovenia,Timi Elšnik,2,187.31351104518163,0.05484644231306929
3930170,6109e8ac-e61a-489c-a13e-dd4c3966126b,Slovenia,Petar Stojanović,2,163.61173138786395,0.5613914988526647
3930170,0ba75dac-bb5a-4d74-afa7-298d83acd7c6,Serbia,Aleksandar Mitrović,2,152.53554393334275,0.06398805952414646
3930170,4d691c0a-7b9c-4adf-a5c6-c66d3f369de0,Slovenia,Žan Karničnik,2,305.35964853650745,0.05093523797646191
3930170,477e9458-d879-4e59-8c91-f02e7ad4f2b0,Serbia,Strahinja Pavlović,2,151.1616912757764,0.03788661055292858
3930170,7a79ba50-aa8b-4b92-b7b9-069a90432482,Slovenia,Žan Karničnik,2,490.6751846620634,0.05660252966470901
3930170,aed0ed5e-7596-46bf-aa4c-73e26f9323aa,Slovenia,Timi Elšnik,2,93.19831800215763,0.03921271206560539
3930170,2e7bf5c7-0430-4b04-93e5-e7829d6ae03b,Slovenia,Timi Elšnik,2,212.1519774428359,0.06890328528688303
3930170,1386ceb3-1ec3-48bd-afeb-9141220b1136,Slovenia,Adam Gnezda Čerin,2,255.02338447910574,0.06637305709997646
3930170,3e23a932-b8e0-4ebe-a638-5bab7f283234,Slovenia,Žan Karničnik,2,631.8031193641577,0.06864685488459416
3930170,a31c9ad3-c659-4af7-a668-7a51115104af,Slovenia,Petar Stojanović,2,581.1267393415444,0.07537407488789391
3930170,695ba6dc-e038-4ce3-8d16-e39041d93d50,Slovenia,Adam Gnezda Čerin,2,561.679154394716,0.10690255221419981
3930170,5fdc440c-f1cb-40ed-869a-245936a78ce1,Slovenia,Petar Stojanović,2,525.7385738806919,0.09636673969344639
3930170,a2d782e9-939f-4c62-8411-0157257a42b7,Slovenia,Timi Elšnik,2,442.4599439700277,0.09417834552870136
3930170,bd754d31-42ed-41b3-acb7-51f237b01335,Slovenia,Erik Janža,2,507.6055871916081,0.2201802325785372
3930170,4eed878d-ce02-4064-9853-d55664f5f4b7,Slovenia,Adam Gnezda Čerin,2,100.0705685843019,0.09552626811356936
3930170,90ae3c99-0029-491e-9686-e6e0e8b4d886,Slovenia,Jaka Bijol,2,332.54146188557576,0.09040156792376768
3930170,b650120b-fb5a-46b1-ad56-8e0291e56c39,Slovenia,Žan Karničnik,2,577.9613041820614,0.10443336116881495
3930170,481fb0e3-8e55-4f0c-ba7d-5eff453854ff,Slovenia,Petar Stojanović,2,575.2420994242193,0.11733300578773496
3930170,9af5588e-8c27-4999-afd1-97bf38722581,Slovenia,Žan Karničnik,2,608.2927794577666,0.09407864232909499
3930170,958f1088-05ca-4149-8b70-90c1a45de849,Slovenia,Vanja Drkušić,2,24.238646248674783,0.04658480445287503
3930170,c656e09f-cdb0-4d17-b85c-ffab047ba701,Slovenia,Jaka Bijol,2,196.01112758533685,0.07192455166279596
3930170,45566585-58cb-4c4d-a4b5-4313855f2041,Slovenia,Vanja Drkušić,2,718.2812036627291,0.09117620408170446
3930170,9169c7a5-24bd-4cfc-bbf2-0960951071a3,Slovenia,Adam Gnezda Čerin,2,654.6255403464686,0.09670080703959127
3930170,4a45b45f-198e-4d90-a23c-1377e29de2f4,Slovenia,Jaka Bijol,2,95.83607479175991,0.07797306729384616
3930170,9f02b976-c8ce-47d1-b8db-02ef3c4d676e,Slovenia,Adam Gnezda Čerin,2,301.8137643513973,0.10289123202499878
3930170,cdfcf91c-0095-4d47-9263-70057db65c73,Slovenia,Petar Stojanović,2,537.9717379869202,0.16160663964426647
3930170,a507c66e-eaa1-4717-89f6-6ad3d66eaa27,Slovenia,Žan Karničnik,2,487.1978777557453,0.1626302791429373
3930170,0d4f5e2e-1d34-4d9f-bef9-3b558ea06937,Slovenia,Adam Gnezda Čerin,2,611.0196846046102,0.1322266115949711
3930170,f79fc2d5-7556-46ea-aac0-4334ab311ab3,Slovenia,Timi Elšnik,2,319.5209171864892,0.09270658389782517
3930170,eb440660-8405-4fca-b048-2beea17c824c,Slovenia,Jaka Bijol,2,168.50213452209167,0.07241152633448009
3930170,e4031229-2302-4d52-ab86-dd34c14b9432,Slovenia,Vanja Drkušić,2,47.96626644079151,0.037929508607440654
3930170,ed6f1340-3c5b-493f-8112-176b3925699c,Slovenia,Jaka Bijol,2,118.2264374033431,0.027130868624788654
3930170,aa78cfb2-3eae-479b-a072-6d0ad8f9d129,Slovenia,Timi Elšnik,2,235.04551751407348,0.033233703452841594
3930170,f1e6d3fd-0aa7-4b36-8a2f-2033fd7cfc6f,Serbia,Nikola Milenković,2,170.39747941366142,0.06675589081369247
3930170,40328f4a-574b-4194-80f3-b089e55cf3e9,Serbia,Saša Lukić,2,536.7896562884417,0.07085888240926601
3930170,7da15f93-07dd-4d35-98ff-af8b0a4a6a14,Serbia,Dušan Tadić,2,323.7619949883044,0.06815574661049731
3930170,1828fdc7-6c5f-43d9-9375-32c89d299e83,Serbia,Mijat Gaćinović,2,195.4579208471226,0.08013226592439535
3930170,d8f3a060-df75-45da-a5c9-756c2373fbf7,Serbia,Mijat Gaćinović,2,286.02146816755555,0.0813528122797236
3930170,187405e6-c471-4ee5-9720-bface47cc878,Serbia,Ivan Ilić,2,450.20846843602175,0.060877328979767456
3930170,c1617565-55cb-48cc-88ab-651c77a9e975,Serbia,Nikola Milenković,2,138.9416765433896,0.057888513802201655
3930170,62f80b5e-94ee-4ce5-89cd-92cc1f749956,Serbia,Andrija Živković,2,376.2577707191847,0.04165307441544224
3930170,a647a007-1fc6-43d3-87a0-8e3a080acf60,Serbia,Sergej Milinković-Savić,2,176.37995889891033,0.2625104925374727
3930170,220f2224-af35-422b-a600-c72cbdaf55f9,Slovenia,Erik Janža,2,283.6916969664252,0.036510594341775775
3930170,610662b7-0e26-4015-a735-b78d3076fdc7,Serbia,Ivan Ilić,2,197.04559118356104,0.05280792324940653
3930170,63869af0-56b2-4b24-abb1-f2e893f01cb8,Serbia,Andrija Živković,2,56.96780471654475,0.1123041684077061
3930170,c3ff7135-f28d-440e-b1ad-bef3162ce0fa,Serbia,Luka Jović,2,131.96218401944816,0.11140967078102826
3930170,86f9753f-857b-4098-9c23-197b6a004f3b,Slovenia,Benjamin Šeško,2,350.5373800837832,0.07121923329060321
3930170,0709461f-e19e-4c67-b224-5652a7fc5de2,Serbia,Sergej Milinković-Savić,2,109.40923183089112,0.08062438475821343
3930170,3f8bf6cc-8433-4963-aff3-d52244226afe,Serbia,Strahinja Pavlović,2,115.68723729076719,0.06502014864247375
3930170,294d126b-9238-4b30-84dd-c5fddf3023d2,Serbia,Nikola Milenković,2,103.03462611931747,0.06583830269043486
3930170,d11213d1-eaf7-4902-b939-fdc9f756e00b,Serbia,Ivan Ilić,2,129.07956159076974,0.06952481576327946
3930170,bf01d248-32ac-4199-8564-bc645f140586,Serbia,Milos Veljkovic,2,403.00583221370584,0.05809635475507359
3930170,6576c7a8-979a-4934-b604-2037f09fb937,Serbia,Sergej Milinković-Savić,2,130.99795782147163,0.06563399741483074
3930170,ec947298-8008-4f2e-bd9c-c85b4d2dd5f8,Serbia,Nikola Milenković,2,121.29331618014552,0.07587974671677451
3930170,91daa478-b8ae-4b4d-a79c-88bd6c23f518,Serbia,Andrija Živković,2,520.9338698908142,0.060232117051768674
3930170,373cbd70-0685-40e9-99fd-8cc1916d65ef,Serbia,Milos Veljkovic,2,82.1949550274922,0.04709797612079656
3930170,69d5ee6b-2977-4ebd-ac67-1d90c7411900,Serbia,Nikola Milenković,2,133.6885250497883,0.04842675221387005
3930170,f2a227ca-beee-46bb-90b5-586c77fadc32,Serbia,Mijat Gaćinović,2,105.23711634049835,0.04444745152835998
3930170,a81648a4-183c-4287-ba9b-80c7956deb8d,Slovenia,Žan Karničnik,2,686.3080476349494,0.07707864646524593
3930170,01b72c6c-560f-40f0-964b-581b28d9a804,Serbia,Mijat Gaćinović,2,553.8780687430065,0.10229428979254736
3930170,44a56508-34f3-4c26-aa0f-0ae1224cde3d,Serbia,Aleksandar Mitrović,2,536.2432256534331,0.1321149325413467
3930170,d7ee8cbd-2a9e-472b-b1a7-cec16a445efd,Serbia,Ivan Ilić,2,533.3836964718862,0.16680250911154104
3930170,8ad7e6f5-1850-4fdd-92b6-1d0d2046b432,Slovenia,Timi Elšnik,2,260.76682630891634,0.049442084768214226
3930170,71175d30-7705-41d1-907c-3033915341e6,Serbia,Milos Veljkovic,2,424.5693300594782,0.10034198767337901
3930170,b0796692-29d9-4406-9540-265627ab2899,Serbia,Luka Jović,2,492.3434604870856,0.10970885123377783
3930170,613166ea-04e5-40b0-931d-8a92e797f441,Serbia,Andrija Živković,2,481.53763520911855,0.09792821858281762
3930170,85d3e459-cf14-4fab-98ba-2e0481a6a50e,Serbia,Dušan Tadić,2,289.5901431038569,0.1014347882909068
3930170,ddbdbec5-405a-41ab-af9f-a3f25d76c99c,Serbia,Sergej Milinković-Savić,2,526.3292713760288,0.097682304627976
3930170,20c35b93-97b4-4ddf-a5df-5936dbcd09ff,Slovenia,Žan Karničnik,2,176.44685600490004,0.06320711074649552
3930170,98998505-bb4d-4383-8abf-67a06d1a8c8e,Slovenia,Timi Elšnik,2,217.3214461908876,0.3085212125601643
3930170,4eb9ae2d-13fd-4621-9a11-c1ad8313e3dc,Serbia,Nikola Milenković,2,306.6985830777793,0.06185635495134103
3930170,ba1f7f42-bf14-4591-b82e-f952edeefffa,Slovenia,Vanja Drkušić,2,192.00151132699006,0.11295075776957442
3930170,7c9e2715-8426-4e5b-8be7-8e45f079fefd,Slovenia,Petar Stojanović,2,586.1761743009739,0.09826539006482944
3930170,e665fe62-6d31-49d8-a25e-c436c7a6e38d,Serbia,Strahinja Pavlović,2,169.67272738732512,0.05895326368631611
3930170,1642d00f-865f-47dc-9af5-a4f47bc2ea64,Serbia,Mijat Gaćinović,2,334.21140782356235,0.05719197643038664
3930170,eae03ed9-7c34-40ea-85a6-d79a8e8dc0f5,Slovenia,Žan Karničnik,2,623.9824494773184,0.08502768350138123
3930170,598a285f-d87c-46d2-99b6-f8fcb6bf7ee1,Serbia,Ivan Ilić,2,357.7282025046949,0.09399015811428006
3930170,dbe30add-2202-46b4-814f-7cfe77cd7247,Serbia,Andrija Živković,2,466.2659657103881,0.11025487922555784
3930170,23a9ccdc-2e1c-456c-9ada-86625ed2ba0e,Serbia,Dušan Tadić,2,388.85852228031354,0.2116672481235392
3930170,0c0c640c-bd0b-4b1c-8141-b3d54cf19e83,Serbia,Andrija Živković,2,378.75208089287236,0.4325727366154368
3930170,229aeae4-7f0d-4727-b354-949de366e6a9,Serbia,Ivan Ilić,2,507.5853154059016,0.38718322865018867
3930170,add7334b-8e72-45ef-a212-6aa19dd1b58d,Serbia,Andrija Živković,2,463.4066077187764,0.32878482647669366
3930170,027547b8-efd1-4559-a42c-60b90a33f0c9,Serbia,Andrija Živković,2,218.17559417860832,0.08477050947851475
3930170,8d474c89-13a3-4e8c-b3c0-615b545132da,Serbia,Milos Veljkovic,2,126.99565019476361,0.07084068433760746
3930170,f0f6eaea-5a9b-4f6b-acd5-d52d20abc06a,Serbia,Nikola Milenković,2,60.5419756407356,0.090846094804413
3930170,3dea73e0-a587-4e85-816c-92d8abec4b44,Serbia,Strahinja Pavlović,2,529.8512541493228,0.14958676309377963
3930170,da18f80a-48e2-4b0f-aff7-51b9b166f690,Serbia,Mijat Gaćinović,2,707.8424212934503,0.17719527795756598
3930170,683128d7-b139-4f9c-bd84-cb95e223032e,Serbia,Nikola Milenković,2,231.62904827034973,0.07871946713166911
3930170,1f46981b-4e1b-4989-9bf3-a10fbf9925eb,Serbia,Ivan Ilić,2,273.50134394151104,0.09725891820106634
3930170,3a395c1c-ceec-4f60-bab8-324418fc3d0d,Serbia,Andrija Živković,2,293.25477047267304,0.10963506703680176
3930170,fc8bcf8a-daf3-431c-b64c-5179239f6f6a,Serbia,Milos Veljkovic,2,246.0742438513951,0.12205962282412006
3930170,776c4c0d-fedf-40c1-a530-2e4bf6a9b1d1,Slovenia,Timi Elšnik,2,363.37660293794363,0.048072165805799656
3930170,3c9bfe7e-341c-437d-8d26-d3cde8bfb2a1,Slovenia,Erik Janža,2,438.62653836793345,0.04057739569002745
3930170,943d2131-cfb2-4d3f-b9bf-7c059be90c09,Slovenia,Timi Elšnik,2,445.2718904641779,0.05278219881043185
3930170,17638fdb-8094-4b3b-af8a-de79c0d0e541,Slovenia,Benjamin Šeško,2,264.27040916889416,0.04883662192475238
3930170,f180af3e-4396-4825-b70a-e5bb5721f020,Slovenia,Erik Janža,2,382.5099932104692,0.05021922732340267
3930170,1b55cdcd-d149-40d2-9552-f6fb79f919d8,Serbia,Ivan Ilić,2,382.32292328662106,0.07508286757455881
3930170,05344be7-539f-4d1c-a81f-ecdd4155c3fd,Serbia,Andrija Živković,2,321.4565507821585,0.0842033187825057
3930170,f526c7fa-799b-4cd3-bb93-21f4d3f917f1,Serbia,Milos Veljkovic,2,351.2025713849489,0.07186072713169579
3930170,09d6cbd2-d443-4f8d-90bc-f93b04e6e951,Serbia,Nikola Milenković,2,74.83345786889946,0.0654377246763136
3930170,5a3de5a8-dfe4-442c-8929-8a90ceb10212,Serbia,Strahinja Pavlović,2,436.5775320972845,0.09549231489123311
3930170,b0775e6f-e5d1-49f6-85fb-7b648b0478a4,Serbia,Aleksandar Mitrović,2,476.8944777159496,0.07206994424798563
3930170,4ff6afe0-094c-4811-944b-ca64fe51343d,Serbia,Mijat Gaćinović,2,362.75559955419794,0.09177516806195081
3930170,e908ebc6-1406-4f34-8609-af6197a0b7bc,Slovenia,Timi Elšnik,2,538.2442025352469,0.06757635415718251
3930170,3c31eace-19ca-4964-9e4a-7899fe234d8b,Slovenia,Andraž Šporar,2,566.0580663314742,0.058706750625778695
3930170,66c3697d-3e6c-44ba-8c59-4c155227bdc8,Serbia,Ivan Ilić,2,234.12377769884205,0.07238326447878674
3930170,94274b32-5fe5-4f92-9237-197225f3f3d5,Serbia,Andrija Živković,2,220.63636295107003,0.09900921975259991
3930170,6bff4bb1-9502-4d0b-8427-016fbaa7d219,Serbia,Dušan Tadić,2,323.21358615174506,0.08534857206428255
3930170,da39f463-0c99-4c0d-93ed-4566a9d7fc0a,Serbia,Ivan Ilić,2,180.07727668494456,0.06014049083531538
3930170,c5d8f6c8-509e-450c-a285-f9484f09cf90,Serbia,Nikola Milenković,2,236.15179114149396,0.21923880963358497
3930170,5f9e1223-4700-4f3f-8ea6-41895de5478a,Serbia,Strahinja Pavlović,2,534.1998861004051,0.23586591050909667
3930170,a8ece877-6be8-4a03-be86-5f569eb113c1,Serbia,Nikola Milenković,2,215.4147237171993,0.08765141555990721
3930170,502c764d-489b-4ae5-836d-d628c4ea11e7,Slovenia,Benjamin Šeško,2,548.9461297411821,0.05774217302189326
3930170,6bcd0d2b-2852-4973-990c-6e37f341493f,Serbia,Andrija Živković,2,349.14979210432887,0.14288828395686612
3930170,71ebb820-3d0d-4df4-9d7a-bd1ab7132ee8,Serbia,Dušan Tadić,2,96.59842586664662,0.14200419195221253
3930170,8d23c202-9b5f-4f6f-9397-76017260691b,Slovenia,Erik Janža,2,309.4341381537233,0.03794340336349607
3930170,f1c8e1c9-cae6-477b-acd5-bb1b64eac7d0,Serbia,Milos Veljkovic,2,275.98396323312267,0.08339866056599474
3930170,a0906a00-087a-48d2-99e3-d282053e4b94,Slovenia,Vanja Drkušić,2,340.7223561108024,0.03137033367311545
3930170,97092853-83ee-4ddb-8511-3fda7939969e,Slovenia,Žan Karničnik,2,354.0477850549584,0.06546013047116477
3930170,9b2cd6b2-d0d9-4e3e-be29-1de6216776a9,Slovenia,Timi Elšnik,2,378.4351522768734,0.21317601874598324
3930170,5a26500e-668f-4bfb-98f7-b4aa0d0503b8,Slovenia,Benjamin Verbič,2,68.2538645215165,0.37658366561899226
3930170,6396b40f-1c54-40b8-9c18-ebf405231790,Serbia,Predrag Rajković,2,231.99950445795398,0.054494151558893936
3930170,eec53638-f9f5-4b62-89d7-4048c7456bb9,Serbia,Strahinja Pavlović,2,189.72039845735435,0.06978263806910755
3930170,a853220a-6716-4ded-ac5e-4ab7b3f2582b,Serbia,Ivan Ilić,2,316.8358411030614,0.06554869326207909
3930170,73f83cd6-886f-4847-8d95-392b90f538bb,Serbia,Nikola Milenković,2,197.60918204467728,0.07309160193617432
3930170,ff449d92-0db5-40e6-b360-4ae27ab0a22f,Serbia,Strahinja Pavlović,2,418.62451835309525,0.11025323363768263
3930170,e338b409-4543-40e5-880c-cf25ee94a689,Serbia,Nikola Milenković,2,127.56369267024888,0.06609479984840941
3930170,a4e26118-dcec-44ef-a697-79d35dff647b,Serbia,Milos Veljkovic,2,305.1221034701882,0.055590766174378935
3930170,35841dd5-b801-47d4-a3da-7fc2b39570f4,Serbia,Dušan Tadić,2,272.2200375168653,0.1404481510871836
3930170,892fd8a5-ece9-4f7b-aba1-6a688d81243d,Serbia,Milos Veljkovic,2,293.8697298971933,0.10177157162317102
3930170,e1189229-c9ac-4f48-bb54-d300c7bda202,Serbia,Andrija Živković,2,189.17114910245604,0.06031172588420711
3930170,1a556e30-e166-408f-a21f-be117fc391cb,Serbia,Predrag Rajković,2,224.54722271639451,0.04241988324730652
3930170,825f1320-1c06-4291-8f91-fdba55c9a17c,Slovenia,Jon Gorenc Stankovič,2,491.4684798770942,0.11273858140195281
3930170,6c73034f-20cb-4834-b475-69f4246b98c2,Slovenia,Timi Elšnik,2,653.6880153502914,0.1003334854113627
3930170,23177a8e-c149-4946-8bf8-79664a7450a7,Slovenia,Erik Janža,2,272.75384652240393,0.24478897705697966
3930170,0d15f0ac-0b31-42fe-96f8-a544293c30fd,Slovenia,Timi Elšnik,2,282.515751905026,0.16919141971160692
3930170,53a92a1e-d376-4fb2-a408-8294fffb7fb8,Slovenia,Jaka Bijol,2,313.9776682568122,0.06042554244181257
3930170,eaeedccf-d76d-4f9c-bad7-bd62f1791b4b,Slovenia,Benjamin Verbič,2,416.38774917021215,0.0830238157010226
3930170,25d4fc39-56e4-4e1e-9f31-921c0e6e3b88,Serbia,Strahinja Pavlović,2,18.43025825436684,0.052994921715438015
3930170,1ae04e1f-b8d8-4b83-9730-b1fddc0c8f6b,Serbia,Sergej Milinković-Savić,2,324.37279840286715,0.05523750296762194
3930170,03bfb2d3-9d61-4ef5-8644-bdd74b3641da,Slovenia,Žan Karničnik,2,274.4698020031179,0.17554387285224002
3930170,6dc328af-4026-42df-8054-93c6870f9fbf,Slovenia,Adam Gnezda Čerin,2,481.3049467506932,0.15242746348637784
3930170,9f3a6cec-8294-4d78-81e6-02969f2a3dd0,Slovenia,Andraž Šporar,2,334.70749841605846,0.15997612539449949
3930170,13282f43-fc26-4c70-a286-aad6ee8a8f68,Slovenia,Žan Karničnik,2,463.79359340613007,0.18629253117711608
3930170,6a0ecc2f-b39e-432a-9ded-35a7d8eacc08,Serbia,Milos Veljkovic,2,342.78045915741666,0.030103171780947423
3930170,b0d9b302-f059-489f-9adf-6fed736ff4fd,Serbia,Aleksandar Mitrović,2,436.5852568958215,0.07708217188139647
3930170,5768d9e1-791d-4959-878f-217cd9d1aead,Serbia,Luka Jović,2,218.83924344169918,0.09202949611435082
3930170,9c760faa-4efa-4a66-b4c1-5c19087b71a8,Serbia,Mijat Gaćinović,2,252.2965124382942,0.1413941598407008
3930170,7fc94ee2-9787-452d-9fc2-c86f381336ab,Slovenia,Žan Karničnik,2,380.80736946576974,0.06137807999412671
3930170,2245c9c6-846d-424a-99f0-2051cf8b27c0,Serbia,Mijat Gaćinović,2,259.2264478374111,0.08586968628330158
3930170,df2ef57a-2663-4a31-b86d-bae2439a501e,Serbia,Ivan Ilić,2,202.07301785011347,0.06880262217801672
3930170,1b77025d-0794-45ee-a635-9b8579a080b0,Serbia,Milos Veljkovic,2,83.82267098304534,0.05506414321698917
3930170,e56faebb-6577-45ec-b99b-70d36f49a978,Serbia,Ivan Ilić,2,74.57833836066936,0.0744339292873384
3930170,bae8d1e0-5225-455f-90f3-b2991d8fb643,Serbia,Milos Veljkovic,2,96.3111678337473,0.08039445067231468
3930170,985cc401-3bac-4dd5-a971-f6fb8092edc7,Serbia,Dušan Tadić,2,390.878406719234,0.13086173976732376
3930170,00cd59fd-43ce-48df-984d-51eed8bcff9c,Serbia,Ivan Ilić,2,328.6293862667095,0.1282919378880358
3930170,1bfa6514-cf43-47b3-9a3a-9a28e829ceb1,Serbia,Nikola Milenković,2,318.68537116499067,0.1236032924763794
3930170,e7a27d63-82db-4051-8977-38270c356fc7,Serbia,Andrija Živković,2,349.6648889027505,0.25443267115412527
3930170,946e55f6-a00d-4008-bf02-0249625377c2,Serbia,Mijat Gaćinović,2,115.10935203701598,0.3632254402783946
3930170,ccc2582e-3fd3-4dbd-a54e-f56a13374517,Serbia,Strahinja Pavlović,2,198.3824379759052,0.04961674059826098
3930170,23ded37d-96ce-4355-bdae-1451bac552e6,Serbia,Nikola Milenković,2,283.37246613898924,0.06415565162922209
3930170,d2e71d4f-abd2-41a1-866c-d595df77f892,Serbia,Milos Veljkovic,2,413.3698243337984,0.07140506414705546
3930170,ca266192-0d05-4c3a-820a-b53193499fac,Serbia,Nikola Milenković,2,30.813593685111478,0.07355108911067343
3930170,2e1ab649-6cfc-465f-b815-d5dbd0901e98,Serbia,Strahinja Pavlović,2,585.8005622573812,0.15327804106691834
3930170,f49391d6-d3c1-4dd3-8b6d-b3ad01f13148,Serbia,Veljko Birmančević,2,259.2556466303194,0.19383307498393892
3930170,8b22ee4d-2d28-4c4c-a9c4-15cc6b5e6b12,Serbia,Lazar Samardžić,2,329.3790992030877,0.26143230126125555
3930170,ddd7dafc-329a-4e2c-94b2-ff731e1c74a7,Serbia,Ivan Ilić,2,309.9640147732301,0.24969095983697648
3930170,12edd4e4-bef1-4dc5-988b-bb836fa98486,Slovenia,Timi Elšnik,2,607.3516214176528,0.07364915969736549
3930170,d902e665-8e76-480a-8c4a-39b2986ce974,Serbia,Nikola Milenković,2,243.1058440435721,0.05947716267001743
3930170,75f6fc71-7038-433b-8593-55236715da36,Serbia,Ivan Ilić,2,96.29147900074972,0.08123985274473161
3930170,a1e6b3f7-be97-4604-b22d-1f6900449f94,Serbia,Strahinja Pavlović,2,697.8212781850918,0.07764595961126226
3930170,9281dd47-0dc5-49d5-9952-a7f2e709a7ae,Serbia,Veljko Birmančević,2,108.51374577554894,1.2129754354946585
3930170,6773eca0-6b3c-40f9-8040-01b4bcbec203,Serbia,Lazar Samardžić,2,64.58449330343092,1.7393104518160774
3930170,b835fb5f-5056-4022-85b6-8861a3f9c7f4,Serbia,Lazar Samardžić,2,70.09399023451405,2.5884142711900053
3930170,06b8fad5-b1a8-45b6-b117-ea6f0e5f43fc,Serbia,Mijat Gaćinović,2,67.57569440915907,0.05042439381696075
3930170,8e0c017e-6924-4277-9986-a93e36d87bb1,Serbia,Veljko Birmančević,2,325.41390588917716,0.04548981099094323
3930170,45b0e2a9-fc25-444e-8f5c-04863aa8e4d5,Serbia,Ivan Ilić,2,99.96999616930978,0.42128449828469516
3930170,03cb9a47-ae12-4d80-be0b-23e16cc3bec5,Slovenia,Erik Janža,2,373.5215330481134,0.03887602626023405
3930170,0f4b700a-aae5-44aa-b20b-7b033b92d033,Slovenia,Žan Vipotnik,2,253.55732994359454,0.03745154402962114
3930170,e1f328af-2d60-49c8-972f-0a32f5a65e88,Slovenia,Žan Karničnik,2,220.61862812023432,0.04898814940235866
3930170,e7a1093f-4ab2-4e36-9b24-9261991ba2c8,Serbia,Nikola Milenković,2,133.1226038661993,0.06823681726545869
3930170,c685a5fd-94eb-49b5-a4db-2e1ce501c40a,Serbia,Milos Veljkovic,2,197.4935185181366,0.07970582353816144
3930170,254467f5-adaa-43f3-b813-98a4cef2d5a4,Serbia,Strahinja Pavlović,2,382.3010736152727,0.1630515743829347
3930170,9ef1098c-aa2c-407c-be46-35b1f340cbed,Serbia,Nikola Milenković,2,224.34792817468258,0.11213007845448261
3930170,901f3b1c-03ef-4c59-bf79-c7acde59504a,Serbia,Lazar Samardžić,2,288.41335397778295,0.11723739517552827
3930170,76d1eca0-e325-47c4-99f6-c277aa209f06,Serbia,Nikola Milenković,2,259.4895438220962,0.10156837298489524
3930170,9012d196-703a-44f3-81d6-249be58f4cb8,Serbia,Milos Veljkovic,2,129.93469688412227,0.10309106545936525
3930170,2eb619b4-43b1-488c-9493-ea532546b652,Slovenia,Timi Elšnik,2,428.1233705381194,0.06785338846060032
3930170,4d243d5a-6e43-4cf2-b288-166033e4aca2,Serbia,Nikola Milenković,2,166.66082406954536,0.08261411738465886
3930170,4cd825ba-46c3-45ee-960e-835f88ae8b93,Serbia,Sergej Milinković-Savić,2,261.77560158798946,0.08517485214782208
3930170,3d00047e-9906-4218-96fb-99214e18838f,Serbia,Strahinja Pavlović,2,552.6899567948356,0.08724291191844014
3930170,473a4997-dff4-45ee-a011-2f41047a57c0,Serbia,Veljko Birmančević,2,171.31796716506682,0.5399632440304628
3930170,3a88d68f-197b-4b09-9e06-62595c77c6f6,Serbia,Lazar Samardžić,2,312.5065120816257,0.21122795863596228
3930170,c2faa6b9-34c5-4b52-982c-1e992758fa27,Serbia,Sergej Milinković-Savić,2,306.0809609451395,0.25257283172473355
3930170,3df38e57-d392-4017-8a3e-78fef9807341,Serbia,Veljko Birmančević,2,358.2050272030253,0.48923087920772124
3930170,bba3f3a6-04e8-43b6-8077-97c51842e46d,Serbia,Veljko Birmančević,2,375.43757102518134,0.07148670362765665
3930170,d4a94736-1622-4805-8ac9-c47c2dfeb9e2,Serbia,Milos Veljkovic,2,317.27129767320184,0.08425300157358016
3930170,fcabf69d-6cf9-484d-8945-77bd801e8813,Serbia,Lazar Samardžić,2,250.02998054829925,0.07551887961050914
3930170,dbdaeae5-f270-4d0a-9eaa-727ed3d00409,Serbia,Mijat Gaćinović,2,248.24616109941576,0.08206753909860989
3930170,73100625-e32b-4eb6-9eff-bf06c7a9db35,Serbia,Strahinja Pavlović,2,302.7246817696109,0.059171843149370434
3930170,3ff3edc6-358b-4049-af71-9377cb97dccb,Serbia,Veljko Birmančević,2,674.4267579214734,0.08771206425442211
3930170,3b4fd2d9-a1d1-4e83-afed-6d325c6e63c1,Slovenia,Erik Janža,2,233.70193798119885,0.039934689069645216
3930170,6bf38726-51de-4723-8085-99a90c8d69a2,Serbia,Mijat Gaćinović,2,118.47845386576876,0.06908592713538864
3930170,abffd5cd-01d5-408d-8445-43a6f61de52b,Serbia,Strahinja Pavlović,2,334.9652450481651,0.17667402065783608
3930170,4ba53d60-6c86-4315-a3fa-a3fcede99a0c,Serbia,Veljko Birmančević,2,196.7245591992391,0.0785999019272136
3930170,81c52576-9fcf-4295-8295-7b07b5b9fc26,Serbia,Nikola Milenković,2,188.26674953518665,0.10235023120747698
3930170,66fca65e-bf66-4dc0-a0e8-0bbef31c36de,Serbia,Veljko Birmančević,2,367.093526519455,0.22342384366483686
3930170,ca29cce6-b615-4a15-86d1-d88d0bad4cc5,Serbia,Sergej Milinković-Savić,2,440.55348235448974,0.31819308330715484
3930170,dcf8c36c-2a3a-4b59-aaff-54e32ebcd1f3,Serbia,Mijat Gaćinović,2,221.7187405895897,0.044290069941922194
3930170,fe8a2a08-a959-4988-b278-10cc134059f2,Serbia,Nikola Milenković,2,15.120646568535058,0.036350482464005365
3930170,be5e1ee7-9469-48d9-85db-264687ee8f86,Serbia,Predrag Rajković,2,47.0202604461392,0.02422652768348332
3930170,c1b3841e-1a70-4ea9-b7db-b92210d5f315,Serbia,Aleksandar Mitrović,2,251.4492793215828,0.10332717383844213
3930170,e51e428a-1a36-46e3-849b-b335133c4837,Slovenia,Jaka Bijol,2,190.32197529969687,0.06526181565648649
3930170,d4b63243-30d2-4dca-b7db-f979ab973b7b,Serbia,Aleksandar Mitrović,2,202.39255510476156,0.15394370548311445
3930170,5a30703f-2fc4-4c24-b2e7-3b4f7f47160e,Serbia,Sergej Milinković-Savić,2,374.9265231965486,0.18209873118426856
3930170,693fd998-ae79-4134-85fd-05874060eaaf,Serbia,Milos Veljkovic,2,182.05222580576378,0.08514605839411968
3930170,a1e2eeec-584b-4b81-82b6-8804a94b2a8d,Serbia,Mijat Gaćinović,2,179.22056975186996,0.2406816163051843
3930170,41a80263-39b6-462d-b7cc-850b09c9c13d,Serbia,Aleksandar Mitrović,2,154.33366389359537,0.3755386084320616
3930170,a59785c6-92f3-4208-844d-751689290cab,Serbia,Ivan Ilić,2,349.63865427642764,0.3779059991740143
3930170,813f9bc6-7386-4943-8947-626a4cde5812,Serbia,Strahinja Pavlović,2,175.2886844516953,0.4663922292842162
3930170,7f073da6-c3c2-4962-b4cd-f3f4c4d2f9f1,Serbia,Ivan Ilić,2,41.143921116995465,2.830749984125699
3938643,29f1243c-4a66-488b-b54b-bda4e491c5db,Poland,Kacper Urbanski,1,603.4552958601093,0.1172083140197683
3938643,26c8ab82-e7b5-484c-bba7-6b13c2c4b719,Poland,Piotr Zieliński,1,450.11339116614715,0.13314709561349622
3938643,17917344-46ec-4803-b534-73f98645aa06,Poland,Robert Lewandowski,1,438.3043078227626,0.13096801132000438
3938643,c833c15b-f1f9-45f0-96af-9a9f53203820,Poland,Jan Bednarek,1,534.252380139041,0.1002607877254128
3938643,ca777cd6-134b-4e62-88fd-f86898f86862,Poland,Jakub Moder,1,547.3319999834033,0.09665236308720415
3938643,4bbfa23c-02ba-465b-83ed-8f21b543e20d,Poland,Paweł Dawidowicz,1,744.007044794835,0.08247990289572471
3938643,d815605b-21fc-4c4d-b5cd-1fd775845fb8,Poland,Jakub Piotr Kiwior,1,1036.9564238754572,0.0765268959142091
3938643,00c52e16-c709-4128-84d3-a7ca9aa1033d,Poland,Jakub Moder,1,621.9715630452904,0.0902494725085637
3938643,4726da7a-b047-4fdb-b3b0-f8e66ff4dc31,Poland,Jakub Piotr Kiwior,1,893.0059451808514,0.06941373228958828
3938643,665a46f7-765f-4c84-8adf-a012eb4e4018,Poland,Nicola Zalewski,1,519.6220540432447,0.0898288887059172
3938643,a8a64939-9b4e-4134-ac5a-9c8a74f4a893,Poland,Robert Lewandowski,1,376.36893078245396,0.08139120175274928
3938643,09765697-ff8f-4bc0-b270-f83c3fa6b6cb,France,Mike Maignan,1,499.9364296059034,0.0536620943305537
3938643,cb97ffe2-0938-4e9b-bfca-a66fdb2a3c9c,Poland,Łukasz Skorupski,1,567.7404897884209,0.043854426098294305
3938643,59f6e108-3cde-48a0-8c58-87d3c67f9c04,Poland,Jakub Piotr Kiwior,1,966.9348091250051,0.07288192732699632
3938643,9a07792a-3570-4c6f-9da6-6f066ad01d22,Poland,Łukasz Skorupski,1,773.7710847150208,0.05788203281795247
3938643,ede0e353-7b11-4582-b75c-4b4000dbcfbf,Poland,Paweł Dawidowicz,1,664.3945762310033,0.05359248992013272
3938643,41b338a3-923e-4c9b-ab38-e89b15e35673,Poland,Jan Bednarek,1,663.1991454177,0.048527476755280505
3938643,73f59e78-1bfa-4ff2-845c-f49a155bd927,France,William Saliba,1,490.99743113325155,0.2477349355657536
3938643,19b90cd3-dc7d-46a1-a2da-80e6c59895d0,France,Aurélien Djani Tchouaméni,1,305.86145220495075,0.2221587207618619
3938643,ffd2fb2c-7b3d-4b88-b05b-62494fabfabb,France,Aurélien Djani Tchouaméni,1,649.5800498714525,0.1734634698405421
3938643,9462cfce-5f13-49fd-8298-19b81862a046,France,Ousmane Dembélé,1,422.1265520975902,0.1481706351842442
3938643,44b5aec2-9c7d-460d-b6bb-1298ef1572da,France,Theo Bernard François Hernández,1,413.17810242508267,0.1490412813080594
3938643,27e79e14-5f8b-489a-9a5f-03b010acffcd,France,Aurélien Djani Tchouaméni,1,226.44910830198873,0.25938640398373675
3938643,e6e915cd-1528-4aec-b7b1-034b96f8643c,France,Adrien Rabiot,1,340.2232571302207,0.2532066762800399
3938643,840ca4c3-b401-470d-b3cd-0c931bb7c1cc,France,Kylian Mbappé Lottin,1,341.07964258861836,0.26632020091146325
3938643,66b70d01-5aaa-4837-8b41-52f06f5927b4,Poland,Przemysław Frankowski,1,312.2507347217542,0.06807811187199195
3938643,2ee8202f-c788-4254-9c3c-cabed517721e,Poland,Sebastian Szymański,1,490.28399723429595,0.06406666984731416
3938643,a754f889-1bda-483e-8671-f6081f23b376,Poland,Piotr Zieliński,1,425.58930547138664,0.06572415269806223
3938643,2649f2d7-b12f-4af1-9ef4-611c74d1b9a7,Poland,Sebastian Szymański,1,369.5791197588059,0.058757846190178
3938643,d2996ea8-c762-4cb1-bd31-1e7d26661d36,France,N'Golo Kanté,1,159.3601578399656,0.145590459282394
3938643,c64ef3a4-1064-4c04-b876-6e3d4cc40cc8,France,Ousmane Dembélé,1,237.4034281080632,0.17847425009270818
3938643,f2f26c45-5815-4394-9c2b-137042352ed2,France,Jules Koundé,1,256.2393890989796,0.14922538257208467
3938643,0c281049-fa1a-40f6-b3ad-fae26e7555c3,France,N'Golo Kanté,1,301.3652138786941,0.12452736565860281
3938643,fb50ffbb-7469-4f9a-a1c3-5a3518c9f43b,France,Ousmane Dembélé,1,428.5003428267694,0.2240805890864966
3938643,2a81682f-27e5-4398-8e97-5b76d753dfbc,France,Adrien Rabiot,1,319.04143987585206,0.15263858332646518
3938643,9f103411-ecb7-4038-8ccb-a5c57cf731fa,France,Aurélien Djani Tchouaméni,1,345.16389363609113,0.13019252247162189
3938643,d97c69eb-45dd-470c-81c4-5ccaca08c21a,France,William Saliba,1,331.7398104469055,0.0769245731309137
3938643,dc8856d1-7714-42fe-a532-0d56732196eb,France,Jules Koundé,1,614.396056670281,0.12372716172099858
3938643,8be57329-d0f2-4e85-95cc-e0c2dfaf9449,France,Ousmane Dembélé,1,551.5659304339313,0.11947626120137553
3938643,bd8179ff-f428-4199-8e3b-888b7077c3ba,France,Jules Koundé,1,628.2719431132404,0.09639489366871716
3938643,ce26d792-9234-4a58-9a6c-ac18f49cc747,France,Ousmane Dembélé,1,595.7324542687136,0.07923684577888584
3938643,10142fee-af0d-46e0-9833-4886513c880e,France,N'Golo Kanté,1,558.7921909517133,0.11930257286784143
3938643,4be56bf0-d44b-4f88-988f-30800d65b260,France,William Saliba,1,330.4355878870715,0.10000657859961622
3938643,b55b439e-1faa-4320-aa49-492ce4b75f4b,France,Theo Bernard François Hernández,1,380.2782606942679,0.11089292396825276
3938643,55512471-4265-4ce3-ae88-eba377303068,France,Kylian Mbappé Lottin,1,405.83573504056614,0.11642032571576193
3938643,05267363-2d19-49f7-ab12-f7b65f8e135b,France,Theo Bernard François Hernández,1,505.5304773920216,0.08789834803889542
3938643,6e844e32-e48a-43dc-a2e1-c82a7e94f6f3,France,Theo Bernard François Hernández,1,397.65570497248194,0.22659757360803928
3938643,c99f2433-1867-4092-acee-399044ac7eb3,France,Bradley Barcola,1,503.0414629668371,0.25390069880694316
3938643,f179fbb7-d5a1-4ab9-9e0d-7d7b2775cb35,France,Theo Bernard François Hernández,1,476.45056269628884,0.2461380500284711
3938643,b724eb19-90c1-45d9-be88-45f46063616c,France,Bradley Barcola,1,443.40503410389164,0.23398768289701666
3938643,1a8fa807-98ba-4d01-9397-30704eb1c7ab,France,Aurélien Djani Tchouaméni,1,430.9628729439578,0.21186332018524862
3938643,bae22f94-726c-46cc-8e21-8d97d9509aab,France,Jules Koundé,1,596.358864227331,0.1832652895716989
3938643,87430b3d-f9c1-4da7-9486-608b5987cbc8,France,N'Golo Kanté,1,491.37015613451683,0.18915330718534903
3938643,d74f66d6-a162-469a-9ea6-0bd7e80ce647,France,Theo Bernard François Hernández,1,471.4762675428546,0.1983851785613091
3938643,e204f0cf-05a1-4358-9bef-9f69bf59c170,France,Bradley Barcola,1,149.4077631633221,0.37725211742152215
3938643,e2654a41-194d-43f2-9041-82ffdd1a86d5,France,Ousmane Dembélé,1,106.34838645819497,0.7312219357836118
3938643,3d06a0cb-1b71-4acb-b5ee-b52467faf885,Poland,Łukasz Skorupski,1,572.2575678304565,0.04845142967424591
3938643,95984bea-fc8e-4a08-84f7-c34f211bb3a1,Poland,Piotr Zieliński,1,516.1599704478342,0.060954778943085194
3938643,b7316ac1-6d8c-4f9b-bdd4-effd83d4b5d4,Poland,Sebastian Szymański,1,899.2300428119552,0.09056379592929167
3938643,cf2659f2-78ec-4796-a09d-69fa60ad1f24,Poland,Jan Bednarek,1,846.9155637753057,0.07572902685643448
3938643,9963c714-548d-40bb-a604-57ae30916c29,Poland,Jakub Moder,1,631.8673583259585,0.08299346523573478
3938643,59d11b89-641a-4b1b-be26-b7407d256852,Poland,Jan Bednarek,1,617.3037485603122,0.08145307705013814
3938643,c1ae9590-08ec-436a-864a-b158a0694075,Poland,Jakub Moder,1,616.857182970243,0.08103221799801337
3938643,c52a130c-1606-4877-8365-b6681f866afc,Poland,Jan Bednarek,1,598.0298448943477,0.07727768661005673
3938643,2eb5f853-3e0d-4dc4-94ef-ee44e68da1fd,Poland,Paweł Dawidowicz,1,613.4125568143847,0.07902515704856708
3938643,45e719cd-14ba-468c-a1d5-b3ba09278c06,Poland,Kacper Urbanski,1,735.0965003557608,0.07975279846942286
3938643,12bca791-a53e-4eed-b179-b8dc2f7f7b9f,Poland,Sebastian Szymański,1,404.0676656036523,0.0724220214055731
3938643,3cdf61b2-b108-4bcb-a778-b28a56b270b2,Poland,Piotr Zieliński,1,465.94120032865555,0.10156977032706126
3938643,7ec35946-e435-44ca-b719-eeff3a540ea2,Poland,Robert Lewandowski,1,338.0001415625966,0.12066397285095319
3938643,0261df89-8458-41c0-ac04-aa4dc8c9f15a,France,Mike Maignan,1,131.59515128509742,0.0595621572565941
3938643,5d523559-ad4f-4f03-8b9a-97a1d4155daf,France,Theo Bernard François Hernández,1,539.7087177518446,0.0468081319999899
3938643,6ec797fb-3323-499d-8841-f8f1bb16bc1e,Poland,Łukasz Skorupski,1,302.4523328933748,0.05031910577042491
3938643,fd502467-5f0d-4fa4-8135-9ea249471095,Poland,Jakub Moder,1,548.0266329342401,0.07027168307249915
3938643,b3338e57-441d-402d-9946-5e40f64e3042,Poland,Piotr Zieliński,1,418.7992406558942,0.0771808315937125
3938643,4ef65316-ab15-44cc-bf8b-14fca7a31d03,Poland,Jakub Piotr Kiwior,1,945.7388211321024,0.07456487581791732
3938643,de35de38-2100-4f2d-862a-4b86ee297bbb,Poland,Piotr Zieliński,1,569.0894247957244,0.09341985101726889
3938643,fef62265-b0e1-4de9-812a-336d7e575e7f,Poland,Jakub Moder,1,520.5635916361173,0.1182586881770214
3938643,1567f3e5-cb94-4c3f-9377-aaf297776f02,Poland,Jan Bednarek,1,600.4810971611695,0.08937885378278611
3938643,6512c5ce-7df4-4276-95aa-56896df970b9,Poland,Jakub Moder,1,570.7366302139028,0.0939819849907426
3938643,fa8e8d1b-1d12-43df-9b6e-17bebb1dc856,France,Theo Bernard François Hernández,1,793.5918098402756,0.0873883750943255
3938643,2b550362-04be-4268-83bc-47f1d3b9c4a2,France,Adrien Rabiot,1,318.48052339402227,0.11469815012083726
3938643,28513e67-26a9-4fcb-be2f-05a2a2143eb3,France,Aurélien Djani Tchouaméni,1,382.3393602980433,0.10166358748669893
3938643,a41c387c-be5f-4d5c-884d-b2eeb0f4ba50,France,William Saliba,1,444.20677093125363,0.08187162877833923
3938643,c12ec93a-890a-4811-84c9-941be432fc7a,France,Dayotchanculle Upamecano,1,521.0643530077375,0.06968774257221731
3938643,6001d2e3-624e-4036-9c17-bfb18ad692ea,France,Jules Koundé,1,455.8219289946765,0.06952703061145792
3938643,bb2d2fde-5b11-4e67-8a54-5a9e359c2751,France,Dayotchanculle Upamecano,1,177.77639481120505,0.0531096644253369
3938643,d0372088-fb35-4df1-9685-dfef7e385100,France,William Saliba,1,689.1305027232041,0.07383965550459858
3938643,2995a342-ab81-49d6-adbd-49cdf696de19,France,Adrien Rabiot,1,610.5937253471498,0.07643899737774239
3938643,97c67c93-7fc9-453a-b320-209141b2f0ce,France,William Saliba,1,443.5791185905142,0.07175639090381304
3938643,d8d89208-477c-427c-8c41-3a589c80412d,France,Dayotchanculle Upamecano,1,438.94993265617,0.08169621125235041
3938643,bd91ea09-0f8f-4609-a4f0-bc41c8e8993f,France,Ousmane Dembélé,1,599.041146792754,0.07896665551307991
3938643,debfbcf5-5aae-4e3d-b842-f35fb102e6c1,France,N'Golo Kanté,1,343.30023649148495,0.14378856464329745
3938643,71342fee-7c5f-4be2-a9a7-b749f36e66cf,France,Kylian Mbappé Lottin,1,247.36648916551093,0.16125566882285775
3938643,56ff385b-17fe-4c3b-9efd-ce2a991e5dab,France,Kylian Mbappé Lottin,1,325.60533371894513,0.18845317650805854
3938643,23819228-c06b-46bf-b30e-0141f901d8e5,France,Ousmane Dembélé,1,192.70913910271517,0.30702412022395875
3938643,57b5538c-f039-495b-8c9d-8b4cd8745de6,Poland,Jakub Piotr Kiwior,1,594.516817311195,0.07957808016105954
3938643,c33dbffb-4525-4020-9e83-f055884bc6e3,Poland,Robert Lewandowski,1,672.5298586380943,0.07319717425892411
3938643,6a62afdd-7961-43dd-81c0-c85286644ed5,Poland,Przemysław Frankowski,1,387.58448719815783,0.12738839486834178
3938643,8ca11272-a90d-43f8-a00f-8dea532bdf27,Poland,Jakub Moder,1,347.0063562534194,0.17479135333079315
3938643,0df86840-6927-4bb0-9a7a-2b4894aa864c,Poland,Jakub Piotr Kiwior,1,413.3966968344747,0.14095043571021915
3938643,dedab5ea-03bf-43c2-8dc6-fb3306beecc0,France,Dayotchanculle Upamecano,1,272.8109777485211,0.08261792412427195
3938643,67627f49-dbcd-4daa-8284-a3d7f1d0ce93,France,Mike Maignan,1,707.9429028626635,0.05542290883583378
3938643,31d06ccf-d9f3-4b0e-9f76-ecbeb0b95477,France,Dayotchanculle Upamecano,1,376.69426692177245,0.09507820424450653
3938643,9ab38591-136b-4d52-9909-efa3c09e6027,France,William Saliba,1,488.3016183949997,0.08309181430293823
3938643,ff485fb1-f291-4b45-b7de-67a6c386513f,France,Theo Bernard François Hernández,1,688.4101737874391,0.06754787695905486
3938643,c06a05bb-961a-4b1b-9c3c-9975c5c1ac87,France,Bradley Barcola,1,595.6223071391718,0.05987130795812358
3938643,27b87312-8dc4-4ff5-9508-18198711716b,France,Adrien Rabiot,1,529.5652546673311,0.06259600904691445
3938643,94e61bcf-fe0b-489c-82b0-e0a5440d1019,France,Theo Bernard François Hernández,1,529.4620188607381,0.05867963984265152
3938643,1d3afe11-49b7-48f0-8755-2fd3f98849e7,France,Aurélien Djani Tchouaméni,1,446.812428060558,0.08628489613888074
3938643,f30882be-912f-4772-81b2-d4c158a556b9,France,Ousmane Dembélé,1,597.8494446524785,0.11801887400851642
3938643,d4d8a18a-4953-4dff-8fa3-731312cd63aa,France,N'Golo Kanté,1,425.5172406552399,0.1464130298912384
3938643,0e15d56e-ea39-4e1b-8845-754a21adf3f8,France,Ousmane Dembélé,1,393.77304484646226,0.20071546916099478
3938643,5d5d72d0-a4a0-4f28-aef3-5f1a95adf44e,Poland,Kacper Urbanski,1,547.7702256168191,0.043540983853763676
3938643,a4441a97-77ab-42ab-a257-d2c804e7e998,Poland,Przemysław Frankowski,1,483.14489621457017,0.05002958428219676
3938643,b39a9dc1-13e3-46bf-bfbb-e68099301384,Poland,Jan Bednarek,1,548.3140060380624,0.03945592062782114
3938643,79a89603-c0f8-4dd7-aab4-00a15e97af58,Poland,Jakub Moder,1,699.912701690407,0.04546866364521737
3938643,1f843643-64e6-406c-81ad-4b958888e494,Poland,Kacper Urbanski,1,502.1479394808053,0.045875472447654525
3938643,68746220-4133-482d-8179-68669134129f,Poland,Przemysław Frankowski,1,351.32850325147945,0.050397099495636526
3938643,19bd5a16-ab97-4636-8760-dcd52c5c1af8,Poland,Jakub Moder,1,638.1518897969695,0.08592807801298907
3938643,5f9abc98-fc74-4840-af55-ccf9481e44f7,France,Jules Koundé,1,430.60280768076353,0.07440814930806729
3938643,a1085e24-bc0a-490c-adc4-f37cc50d5c0e,France,William Saliba,1,371.5836153985393,0.056500259001315715
3938643,d9c8eb50-97ec-4135-8f0f-a1bce67740d6,France,Theo Bernard François Hernández,1,429.45451463856426,0.07117175466348463
3938643,7610a529-7a52-456e-97bb-661cedc650f4,France,Aurélien Djani Tchouaméni,1,243.0903875671528,0.0825210298412563
3938643,bdcfc892-6018-4b71-ab0e-2083f80fbcf2,France,Adrien Rabiot,1,534.9129130385571,0.08204303503546358
3938643,9547bf02-fcc8-4fe7-85f4-e150d33fe2c8,France,Theo Bernard François Hernández,1,631.4431040229391,0.08753650125828794
3938643,06b783b6-3ee6-4a86-ab6a-7b9738005c71,France,Kylian Mbappé Lottin,1,444.6932141003588,0.10465752343443374
3938643,6a124c37-9410-458c-afcb-19b0b203b4f3,France,Adrien Rabiot,1,402.5509689022528,0.09586255545486562
3938643,b4a289bf-3c68-45ff-9137-6a8fba1bbd75,France,Kylian Mbappé Lottin,1,633.0338720261273,0.10218678417415912
3938643,3b136e91-0d3a-483a-bca4-996a4337e149,France,Adrien Rabiot,1,563.5324093692842,0.1398181714144221
3938643,ac604e3f-35df-41e1-8fd6-de7a93afbf7d,France,N'Golo Kanté,1,502.9551775275588,0.15954164387160558
3938643,701651fa-534d-46ca-bb58-33f389841d27,France,Ousmane Dembélé,1,100.13484630073462,0.3717175641748508
3938643,25839416-b62b-43ea-ade2-64a4f67bdf2b,France,Ousmane Dembélé,1,223.10787397158288,0.7410839906019555
3938643,72be813f-0ace-425c-88eb-aabd1797c87d,France,Kylian Mbappé Lottin,1,199.74315253822886,0.3769484084401047
3938643,78d875a2-6cdf-404b-8427-81b071d60507,France,Dayotchanculle Upamecano,1,201.61231929574646,0.5568656292095376
3938643,5f842d78-b965-43be-8462-9990931d5026,France,William Saliba,1,190.40029211526792,0.40029386079314205
3938643,e8239e72-842a-4bae-a4b8-4a539f667af7,France,Jules Koundé,1,211.6470493112524,0.34546260181466204
3938643,89303e83-920e-4cb9-bb2b-d5098956c01a,France,William Saliba,1,234.4771960815669,0.2794333622156392
3938643,fabdd66a-7d71-4547-8161-0bbb6d6c5e5e,France,N'Golo Kanté,1,306.59810473673843,0.3058463708583075
3938643,f2a46fc4-3149-4d72-8e76-b978c7b11bbc,France,Jules Koundé,1,389.2433656755289,0.3325221362863966
3938643,48644015-08dd-4eb6-aae8-4bea6f1a30d5,France,Dayotchanculle Upamecano,1,287.48303477053986,0.3833913457394932
3938643,0b8430c1-ff28-4108-a97e-7da3fc058948,Poland,Robert Lewandowski,1,322.6014972514467,0.05742123203729965
3938643,be24bdcf-1923-4c65-a6cb-92968c56534b,Poland,Przemysław Frankowski,1,418.32496437966637,0.05497986525878471
3938643,5c8a7951-fd99-4e1f-994b-813f308cd616,France,Kylian Mbappé Lottin,1,185.89183229177806,0.15275889842498253
3938643,44484b60-ed58-4307-a524-3da245f76e3d,Poland,Jakub Moder,1,663.9799686889623,0.06181123360336885
3938643,c7829b1f-e19c-4475-8aea-de5e2d352059,Poland,Robert Lewandowski,1,680.6377841476983,0.049744010111991956
3938643,b93ed409-156c-4354-b67f-c4ea402e7c38,Poland,Przemysław Frankowski,1,706.1544435460356,0.05366389258047688
3938643,cc3cd957-0537-4679-aa99-8d2441cc9833,Poland,Jan Bednarek,1,306.71242058508756,0.06389318896973761
3938643,1c9d0559-d392-4bc0-a526-f3fcb30ffa5d,Poland,Piotr Zieliński,1,548.0784076444506,0.059473204733209994
3938643,61d60b12-de70-4b9b-b3c6-1194f737b3eb,Poland,Jan Bednarek,1,591.5313754992883,0.05480967621493439
3938643,c13975a7-7fed-4ba4-8aa8-1579c5173bbc,Poland,Piotr Zieliński,1,665.6529698291905,0.04790588766606441
3938643,25510851-a5f1-4fca-b621-a34e03bdbc2a,Poland,Łukasz Skorupski,1,597.4064531106806,0.05401094004692995
3938643,d17af4dc-f53e-41a1-9bfe-f86c38ad978f,Poland,Robert Lewandowski,1,796.9340820945979,0.09286457930953837
3938643,3eddd6d3-88a9-49fa-8396-b85d0c4b1cfa,France,William Saliba,1,451.96574876371346,0.07709209259020067
3938643,bbadf750-891f-457e-8458-a72a1d778d4f,France,N'Golo Kanté,1,641.2826461418495,0.08185831144314765
3938643,5651fb52-905a-4f00-a7c2-112d163908ec,France,Kylian Mbappé Lottin,1,491.9323410222604,0.08226912472754337
3938643,540841c6-0b0f-4b65-a9e1-7b72acf7bac2,France,N'Golo Kanté,1,217.70459578317565,0.06342936052461347
3938643,444f8626-9667-43d9-9012-f9737678a0b0,Poland,Paweł Dawidowicz,1,411.6316250609109,0.05038172880608159
3938643,ff11a9ba-62e2-401a-8ed0-56f64ff0959d,Poland,Jakub Moder,1,383.5693929763407,0.05748171228950208
3938643,712f18a7-599b-4b23-876d-fcc8c504a9c6,Poland,Paweł Dawidowicz,1,426.35404036252226,0.05407153356441678
3938643,38bfc762-f336-45bb-9834-02acd65c344e,Poland,Kacper Urbanski,1,860.1410573724183,0.0759539466303201
3938643,39f39f7a-4dda-49ca-a5bd-d244cc4c7fa2,Poland,Jakub Piotr Kiwior,1,577.2818833688578,0.07118300582376408
3938643,03bb58ce-cf87-4d4e-a820-2d84847f20a3,Poland,Kacper Urbanski,1,123.3037461609139,0.08444511880344893
3938643,24859f15-8889-4655-a9e5-e92c0a1eb8a1,France,Jules Koundé,1,227.03154038872862,0.04351015964684937
3938643,ef087a73-52f4-49be-9317-8ad58b4872f4,France,N'Golo Kanté,1,933.02870306371,0.04726020119150375
3938643,32f47e2f-b261-4709-a743-c843a3f16945,France,Aurélien Djani Tchouaméni,1,1082.6095624260126,0.055531807941818535
3938643,f9f2239a-d98a-4abd-b830-835501f711dc,France,Theo Bernard François Hernández,1,544.4392929171034,0.08999547239857703
3938643,9f6c3efc-eefc-441b-be13-f523eeb83d53,France,Kylian Mbappé Lottin,1,379.7728723109923,0.11135605818038233
3938643,d87ded2c-15be-48f0-8c27-59a034452514,France,Theo Bernard François Hernández,1,367.676426434569,0.1041158786847706
3938643,0622e361-8cad-4506-8558-79edc45414a0,France,Aurélien Djani Tchouaméni,1,407.66355668821126,0.11978044160724353
3938643,5cea3b78-d4dd-4d37-83a2-16497456ccb6,France,William Saliba,1,435.7923378249367,0.1067178740781315
3938643,0ba844a8-6e02-4881-abdc-4ab23dd7926c,France,Theo Bernard François Hernández,1,547.45578482346,0.0917124528731932
3938643,40022277-ab39-4bc8-9bc1-cf464d4fb469,France,Bradley Barcola,1,744.5476439852928,0.08136982826232547
3938643,d8e121c1-f044-45ac-8244-5b9c345898ee,France,Kylian Mbappé Lottin,1,322.2840923628271,0.1372194645154205
3938643,7c5259e4-6991-450a-8c38-5c357221e1a4,France,Ousmane Dembélé,1,294.054879927688,0.17355186395239747
3938643,50108199-1ec1-4a40-972d-c8ac71ed7b47,France,N'Golo Kanté,1,230.69401945849606,0.14662904967039572
3938643,3fec8b9b-3b8e-4472-8f1b-2c45130dd7ba,France,Ousmane Dembélé,1,187.04926252982298,0.1578544402571202
3938643,6bcc9730-fd98-4f51-bdf7-9ae1aeb234f2,France,Theo Bernard François Hernández,1,422.0277288479073,0.2258220918403398
3938643,a4bc3fca-113a-4f7a-9a80-221e29a64376,Poland,Kacper Urbanski,1,477.020080341357,0.048336909316530924
3938643,8b8c3622-690e-484c-b546-67ed5e5a85a6,Poland,Nicola Zalewski,1,569.8795968796633,0.11370182647963499
3938643,f7ceafd6-9703-4789-879d-e11a872ac76e,Poland,Jakub Moder,1,591.3352936327179,0.16826716751585197
3938643,ec14dd4c-e243-4c40-a7f4-1de20ec77bb4,Poland,Piotr Zieliński,1,339.56685282427026,0.12210298963229411
3938643,97955e8b-72ee-4bf2-96f6-8d5c4b7e6433,France,Aurélien Djani Tchouaméni,1,457.78134619960935,0.0917058868192516
3938643,187d6187-7ddb-40a9-b20b-e003c41a33e7,Poland,Sebastian Szymański,1,419.2932540776259,0.12686596029500236
3938643,51d65b0f-3e7b-482a-b890-8e340fc2afcb,Poland,Kacper Urbanski,1,413.92264115991566,0.12610826028417213
3938643,4c8249a5-393d-4b5f-bd08-1ba94038753d,Poland,Piotr Zieliński,1,409.11723032274153,0.13014254576789797
3938643,d8b026a4-a7ee-46c4-8018-520086b1360d,Poland,Kacper Urbanski,1,360.8004107317695,0.14530372896698265
3938643,ca53fe81-19ea-4d46-8a6b-b4aff019adb4,Poland,Jakub Moder,1,423.5706166266213,0.1534503021670031
3938643,51a9c1d2-cdee-403c-b1d5-c53d61000722,Poland,Jakub Piotr Kiwior,1,847.5948465589317,0.15379956459244012
3938643,38c6c827-e104-41bb-a35d-f9b01551ce47,France,Dayotchanculle Upamecano,1,529.3858919315483,0.05310758143921273
3938643,e1a55074-f5ec-4a94-9982-b7e6b0c9f49e,France,William Saliba,1,517.5477450257588,0.05050225232013938
3938643,dc800322-334f-4986-ba79-ffbbbb57035b,France,Mike Maignan,1,520.731418091129,0.05053087317386675
3938643,f5bf8c32-b5b5-44b6-a375-e32baf595337,France,Dayotchanculle Upamecano,1,341.4073786004064,0.05059783128137253
3938643,0cf89e34-8992-46e6-93ae-b54cc367e6d4,France,Mike Maignan,1,376.31490093120794,0.04719260295632008
3938643,d63a280c-8d60-4d84-8190-77da9c568d97,Poland,Nicola Zalewski,1,809.7324909636905,0.08143928349706386
3938643,490a18de-56ab-49fb-8f7b-d3bde07977ee,Poland,Jakub Moder,1,569.6449668429233,0.08229807910281516
3938643,1257b336-f5fd-4e46-80b7-f89e12fbf317,Poland,Sebastian Szymański,1,652.890198492576,0.07740983330441982
3938643,89712c29-0f79-4768-b781-9381c76ae7fd,Poland,Jakub Moder,1,678.5359164436919,0.0805827203669405
3938643,1e97650d-db41-46fc-be3a-8e542b1abfeb,Poland,Paweł Dawidowicz,1,441.0543077914928,0.06978222162836174
3938643,29e5224c-671d-4a06-9295-b4f333bbb7d4,Poland,Łukasz Skorupski,1,759.9214272530915,0.04653675740509535
3938643,a5d12956-eb76-4e28-849e-f096eeaa5d2f,France,William Saliba,1,651.3769790259804,0.07265227946319759
3938643,4fb40fb5-9376-44cc-a706-606b1ea37232,France,Theo Bernard François Hernández,1,365.18782229787945,0.06204228337471872
3938643,d46fe6e2-20da-49f5-8879-a779a6453be6,France,Adrien Rabiot,1,449.87003556821213,0.0780179294719171
3938643,8c82ab98-db0d-4d1b-a4c0-82a38f1e81ad,France,William Saliba,1,503.3748861648989,0.06804933288955801
3938643,63f232a7-9def-4587-b1a3-16fbb6304893,France,Aurélien Djani Tchouaméni,1,490.5864575868386,0.07966687363918606
3938643,a469a693-e709-479e-97d6-b122ec674a1f,France,Theo Bernard François Hernández,1,598.9301659255652,0.08398199718258723
3938643,2c5eedc4-8889-477d-866b-0d00dae012d9,Poland,Piotr Zieliński,1,815.9441761952747,0.1152567575908531
3938643,82c44f37-21e1-4269-a5d7-f8d75eb27887,Poland,Jan Bednarek,1,854.8800963319221,0.11004004308455373
3938643,e60bb44e-2509-431a-ac13-fd17e98af7be,Poland,Piotr Zieliński,1,653.7481503812708,0.1105362048965681
3938643,5b2ec097-0435-4663-90c5-01ad9ebfa010,Poland,Kacper Urbanski,1,255.2420083962207,0.207868033890669
3938643,d39ff233-88f3-4bc9-ad8c-2ee27ed351f3,Poland,Jakub Piotr Kiwior,1,252.25478577409032,0.1618185785233582
3938643,9fbbfa48-bd8e-4a9a-b4d3-037bbebfceb8,France,N'Golo Kanté,1,223.92105027800963,0.20211537519291548
3938643,e9d38ab9-a2f2-4603-a89e-8f022a504658,France,N'Golo Kanté,1,74.96402602179444,0.38526669487910953
3938643,6e1db5cf-aa57-4d27-a404-ed6df446ee54,Poland,Jakub Piotr Kiwior,1,405.0967848356702,0.04731630408692314
3938643,d33298a0-5ef8-4999-b917-1241aaecc93b,France,Mike Maignan,1,327.19077483055986,0.0681358551229449
3938643,97624b22-9dd5-4a0b-90f7-5c81b7dc9e2a,France,Theo Bernard François Hernández,1,721.5964887133675,0.07647810432602964
3938643,92a1f194-8839-4765-a03c-c145cb440406,France,Theo Bernard François Hernández,1,617.4424420850177,0.1303850125958895
3938643,1054edd4-738d-4bd4-a35c-f4a4ea99caee,France,Aurélien Djani Tchouaméni,1,531.9530384911782,0.12988014680817825
3938643,86451e24-0da5-4a47-8d96-00362d1651ae,France,William Saliba,1,433.3502421490082,0.10702320403771444
3938643,63f765f1-37c8-4cd1-b31c-1d3279cd39f1,France,N'Golo Kanté,1,556.0939484290677,0.111651887399807
3938643,a863457d-53b8-4b86-82d1-4991b477328b,France,Ousmane Dembélé,1,816.8317663175496,0.08561632039038553
3938643,04d8b539-f69e-4019-815d-e07d9f8632e1,France,N'Golo Kanté,1,496.3014045225371,0.110715666959164
3938643,7b86270f-6aa5-4ddd-88e2-b37f4ac8ae6f,France,Jules Koundé,1,725.5955630149356,0.11782528562495712
3938643,8154b077-d1fc-4ac9-831a-b0ead6eb39ea,France,Adrien Rabiot,1,412.9319299729211,0.17436065450868557
3938643,9debb20e-26ea-4e23-9ff3-da60f6b0bdfd,France,Theo Bernard François Hernández,1,369.7723477454375,0.1669654209183998
3938643,1c07720f-8157-46d3-827d-ae4b04b16646,France,Kylian Mbappé Lottin,1,343.31509823663504,0.16356927183789158
3938643,bf7706f5-606d-4713-9e8f-c0e088e5fde9,France,Kylian Mbappé Lottin,1,275.00868912105466,0.28883485983661084
3938643,26d5d7e7-41e1-4a47-ac98-879bcd0695d3,France,Jules Koundé,1,303.3789792227665,0.2608160698017327
3938643,f2015612-40e2-4f18-b898-320bf793ca19,France,N'Golo Kanté,1,388.60605865369627,0.21603686162979768
3938643,95687dbd-9f02-48a5-b741-613b74f5d2e5,France,Jules Koundé,1,188.5982653084525,0.2722972863449862
3938643,687527c2-5527-4e89-8279-726d0a4be6db,France,Jules Koundé,1,314.76214593484036,0.2512875883590251
3938643,e2ac4394-8182-4395-a045-b365da94bb40,France,N'Golo Kanté,1,244.4733579553356,0.18973625622473092
3938643,6c481132-b3ee-4517-813a-3bb43780ef89,France,Ousmane Dembélé,1,184.25104597934248,0.2607387548022092
3938643,d0375c52-0d6e-4f76-b029-4f9d8782ec1a,France,Dayotchanculle Upamecano,1,513.6813008336478,0.06328181074914631
3938643,18b448db-a183-495d-a770-ae5e7e7e41ab,Poland,Jakub Moder,1,592.6063222867235,0.12307049317107718
3938643,dadf0bd2-ecee-45c8-89da-7864d4ba029d,France,Jules Koundé,1,525.3482455373523,0.07317026513723052
3938643,7db441ca-63c7-4748-8aab-dde8067bc9c2,Poland,Jakub Moder,1,567.1367427814338,0.12456153926632803
3938643,6e0830fa-25d5-435d-afbc-37d5b888adf9,Poland,Piotr Zieliński,1,675.7117400421258,0.11393818946016132
3938643,8fbbe7e3-5e0f-4c66-9d1e-be78345444d0,Poland,Jakub Moder,1,703.713288334167,0.08901346624438398
3938643,f54dbe6a-58c5-4ab2-9488-dd9f0006b650,Poland,Paweł Dawidowicz,1,564.1375504553444,0.07705061714688104
3938643,7d45ce82-f02c-4d85-a336-c43691a30a91,Poland,Jan Bednarek,1,638.7931905466362,0.07566175466057418
3938643,27403e0f-4fe2-484e-9590-90d1f6ada67f,Poland,Piotr Zieliński,1,658.5927820795567,0.07918351898519432
3938643,d92c900f-e591-4cb7-8d44-814af49ff339,Poland,Przemysław Frankowski,1,856.13622520898,0.05736196698930303
3938643,574e24d2-a046-443e-b3c5-4132eed18cef,Poland,Piotr Zieliński,1,862.7144375801331,0.05920245931366097
3938643,e3cfd8ef-4eae-4feb-b8a9-4a34ac954463,Poland,Przemysław Frankowski,1,929.9088300384963,0.04757626847136655
3938643,64f38f7d-57cd-4269-93a0-fc5cf82f7363,Poland,Piotr Zieliński,1,805.3362926272921,0.0636978260486904
3938643,83b90387-7024-4eb5-aa55-edf8564d352e,Poland,Nicola Zalewski,1,255.28744526807077,0.43116855606553883
3938643,b229c9e8-3af2-4e62-8b65-6a2bcb7c3932,Poland,Sebastian Szymański,1,358.8980707219528,0.34022746468801524
3938643,37e88158-d659-4031-9f4a-4b04f8812492,France,Adrien Rabiot,1,379.1869188227163,0.0810557426656187
3938643,52feb9db-0f23-4a2a-ab33-f0c1b6c454e0,France,Aurélien Djani Tchouaméni,1,426.3692369332061,0.08356558511012725
3938643,e27278e4-2dc2-428e-82d1-a8ef065f954c,France,N'Golo Kanté,1,499.10154045856734,0.10097354439609832
3938643,16eaaa28-e130-47a4-8096-eaa49db2e7ab,France,Aurélien Djani Tchouaméni,1,411.41638235500983,0.12484717020725813
3938643,b067bd0a-0285-44c9-b9ff-415b52754ada,France,Adrien Rabiot,1,588.7335444614384,0.10037326528348355
3938643,56ece81e-c626-4cbe-9398-f63bab263a78,France,Bradley Barcola,1,604.398505694762,0.10148463551685764
3938643,76a889de-c80d-4257-89bf-6150dc63a148,France,Adrien Rabiot,1,256.0503635916967,0.13566882521718313
3938643,5d5f7368-ca68-4224-8cf8-277ef08ed812,Poland,Kacper Urbanski,1,322.78253173535495,0.06151367494360019
3938643,f596b941-94b3-465a-9d85-b7cde0432d01,Poland,Jakub Piotr Kiwior,1,354.9453793321343,0.06715721061253895
3938643,96b9f524-d60f-44c2-93e5-9639502c15b4,Poland,Łukasz Skorupski,1,492.05143920576154,0.05435246062964259
3938643,147ffd11-0a76-43ee-a952-63d98ede9624,Poland,Przemysław Frankowski,1,545.7351353916171,0.03835621742412055
3938643,03d37912-9b8f-4c94-99fb-4848906ffb44,Poland,Piotr Zieliński,1,575.2110665247501,0.06489952967680133
3938643,ba0cef94-cba7-4f62-84c1-f2b4b3d68885,Poland,Przemysław Frankowski,1,576.9967338041974,0.05138713247805446
3938643,04428c82-f590-4bd8-b0f8-5473ee1f8e3e,Poland,Piotr Zieliński,1,523.1760564057151,0.062487627552085284
3938643,2d227655-8eea-4c85-8fe7-ae4ef6784ce0,Poland,Kacper Urbanski,1,740.0430000717967,0.06453041933355697
3938643,f6f8f0f1-74e3-4bea-853c-d29c480cbb3c,Poland,Jakub Moder,1,500.8918413566944,0.05074172446573718
3938643,e152b072-8c67-481c-8ff6-454482423911,France,Ousmane Dembélé,1,567.1744212672075,0.18112795349361654
3938643,fef3396e-dea1-43e8-b4ae-59acf1dc6065,France,Bradley Barcola,1,368.68614329379744,0.2280147446737717
3938643,a1c894a4-ad24-48b5-b6d3-f47c4cdfb7a0,France,Ousmane Dembélé,1,105.3479704072294,0.854423499167255
3938643,41c5bdc9-d287-40d2-a254-5db72742f5aa,Poland,Łukasz Skorupski,1,544.0189424773023,0.05677956742799095
3938643,7c5f864e-3bb7-40b5-b74d-1197f2f0bd3c,Poland,Jakub Moder,1,853.432168946563,0.07106171420993691
3938643,0178b173-5123-4613-82ae-289b76a22781,Poland,Piotr Zieliński,1,589.6430359200743,0.055679786989534824
3938643,d5439112-faf9-4809-b597-73192e6937c6,Poland,Przemysław Frankowski,1,595.3289622010419,0.05062163144611488
3938643,585beca2-2cb3-4625-946c-a80e3f462e4e,Poland,Kacper Urbanski,1,414.7831781473535,0.0652939718084797
3938643,551db544-8f72-477c-929c-70d4ee7839ec,France,Adrien Rabiot,1,312.29170617808734,0.07456255299236059
3938643,20b70129-94a2-41b9-96dd-5f132354cf4c,France,Theo Bernard François Hernández,1,504.92054440100446,0.07956338377901206
3938643,2f01d11b-7b64-495e-9a1f-c537d3d3a24a,France,Aurélien Djani Tchouaméni,1,598.6102080580981,0.09179526436486293
3938643,096f9b8e-616b-41c3-bd21-cf27cdccf340,France,Adrien Rabiot,1,506.2063089041294,0.09567998769597409
3938643,f5efab80-2c44-4bee-8865-802d0225c095,Poland,Paweł Dawidowicz,1,838.7681773489498,0.051251314875802347
3938643,469e2b91-1a40-4920-bcec-e447dad2908b,Poland,Jakub Piotr Kiwior,1,774.3918033641205,0.04765437830836229
3938643,78ec1036-5697-4bcd-bbdf-69a242344c1d,Poland,Jakub Piotr Kiwior,1,424.5398238719225,0.04915308228831045
3938643,4dd0d1b4-2d88-474b-b245-ef3b43a45412,Poland,Jakub Moder,1,596.9975230125317,0.1006459353479092
3938643,d6e8fbe6-a801-473c-b1ac-f214609d0a58,Poland,Jakub Piotr Kiwior,1,537.9114352739696,0.09817784652302515
3938643,e7894b2c-03ca-4256-92e9-e118abaacfdc,Poland,Sebastian Szymański,1,562.2449812700096,0.09408598347172925
3938643,d73da641-9427-42e2-a4fc-d9cef2678d8e,Poland,Jakub Moder,1,594.2421789639124,0.09188815025968596
3938643,2f2d71b5-525e-4b42-ad32-d2841b7ba975,Poland,Jan Bednarek,1,725.3433363586677,0.07411163549225173
3938643,4160c81e-e103-449c-a866-c46de1eefe09,Poland,Przemysław Frankowski,1,825.6269594577724,0.067749136490918
3938643,dd031d99-21d5-48f6-ae1f-95ef8e9b5af6,Poland,Kacper Urbanski,1,532.920268265799,0.054056730253903305
3938643,33fba875-90ad-4e39-ad80-f8746f440a16,Poland,Przemysław Frankowski,1,555.7942637115942,0.06623855215236515
3938643,6e97989a-cd40-4340-8dd6-81e766add7b1,Poland,Jakub Piotr Kiwior,1,797.7635437712522,0.07924344686333513
3938643,ff1beaac-0262-4909-b8ee-20d33c6dd10b,Poland,Nicola Zalewski,1,788.2631530903328,0.06746094285203794
3938643,79e92a88-5889-4505-aedf-7955d783efe7,Poland,Jakub Piotr Kiwior,1,550.2010945987088,0.05933710844448946
3938643,3fe6c766-1ca3-4aa4-9756-ef729da54e0f,Poland,Nicola Zalewski,1,620.5507269535101,0.06267517256161077
3938643,a6cdbc1e-8890-4af5-bc2e-00be5a358eb9,France,Jules Koundé,1,578.8240140033865,0.10983554453536992
3938643,95f39000-7a9f-48ed-82c1-cb751f7ed9dd,France,Adrien Rabiot,1,556.4763859089683,0.10949506304757727
3938643,e3495f24-548b-4964-a104-553dfb7b9bd3,France,Jules Koundé,1,512.3035567843119,0.10749912716980886
3938643,06db6a5c-fd38-45dd-b377-d98f349780e1,France,N'Golo Kanté,1,699.2650980775985,0.13523209061583552
3938643,e511d742-cf85-464e-8a6e-fd7b1f2bb795,Poland,Nicola Zalewski,1,433.49152439430713,0.06365522823722632
3938643,0dfb9d6e-5ac6-4ff7-a963-bb5ab9f68362,Poland,Jakub Moder,1,387.5913014166284,0.05892805815389109
3938643,d427c395-fbbd-4fa2-a0e0-41d4623855fa,Poland,Piotr Zieliński,1,615.0746120977731,0.058169024965146296
3938643,bccec3ec-55cd-449f-a785-fd04e857d5ba,Poland,Kacper Urbanski,1,489.5389352068282,0.048226230739476274
3938643,4848e301-dd64-4f8d-9ec4-b088b99b5d29,Poland,Przemysław Frankowski,1,311.12307900212414,0.06511621968357882
3938643,984e5109-55a4-4f10-966d-1b19fbd156f7,Poland,Jakub Moder,1,754.2406457892349,0.07980857814602996
3938643,afb4ce62-1bd2-4c8e-abed-9e3412b2306d,Poland,Jan Bednarek,1,483.60041916355493,0.0959389776433439
3938643,f0b3b0ea-7152-4efd-81bb-e6ae77df1b3a,Poland,Jakub Moder,1,494.0459202924739,0.10663422123240876
3938643,33bceb33-3a82-4718-8e8c-fd5d25fbd3ba,France,William Saliba,1,510.1049675868986,0.06150665707713126
3938643,8a26e9d4-875d-4991-a62c-1e481005c085,France,Dayotchanculle Upamecano,1,268.0775874750394,0.05377507303873626
3938643,94a7d938-94f0-4bba-a448-ff43d7363211,France,Ousmane Dembélé,1,630.3204469872867,0.08254749185191361
3938643,20aed5bc-8f62-47b6-b419-c2dce90f8717,Poland,Sebastian Szymański,1,878.1438871844225,0.09971671958142457
3938643,0747a76a-c934-47f3-b206-060cd4f5f484,France,Aurélien Djani Tchouaméni,1,717.5489171793994,0.08847367888618726
3938643,83986925-aee2-4078-aa98-a41412b24bac,France,Dayotchanculle Upamecano,1,496.51653981196984,0.0897670037891831
3938643,ef38d333-e7ba-44fe-a94e-4e5e3b07514e,France,William Saliba,1,589.9015274612455,0.088367112687498
3938643,03254c1f-26b3-4a41-a07a-e4459bc95065,France,Theo Bernard François Hernández,1,494.094196979319,0.09871765160263218
3938643,e5fba5b1-8704-4335-8032-90d999110691,Poland,Przemysław Frankowski,1,577.8571631581535,0.065002809416931
3938643,c0da310a-1795-4840-a47c-d03c34d4b069,Poland,Robert Lewandowski,1,519.7052091245246,0.03333831576289149
3938643,d8187bce-b94a-4007-8fbb-a6f812d0823e,France,Adrien Rabiot,1,496.32399954062055,0.11161052008995452
3938643,4b2daaa5-b754-455e-abbf-0755427f2f7b,France,William Saliba,1,439.9106552356243,0.12792982768881814
3938643,de9144e0-7ca6-41c7-927c-6297c4f282b2,France,Kylian Mbappé Lottin,1,288.5032864958,0.15911252234043344
3938643,051c1301-e329-47fd-bd45-fb56a49d94d2,France,Adrien Rabiot,1,282.1373420717669,0.15572080533525687
3938643,76a4a1fc-dd6a-4a3f-b700-342e7dfd0d42,France,Jules Koundé,1,457.25412630048186,0.1947342085707131
3938643,a0c17702-d186-4ee4-8c2c-e367778d01eb,France,Ousmane Dembélé,1,341.23195623093306,0.2387505612262039
3938643,9168007d-5c4b-43e7-ab76-e970f26a5f7c,France,Jules Koundé,1,220.28797902138996,0.2992508027977431
3938643,05b26b41-89c4-46b1-b15f-da4d74c7cd62,Poland,Jakub Moder,1,267.2396794878962,0.06703337383655113
3938643,2f99e396-2eb4-460f-8d90-ab411c60a475,Poland,Robert Lewandowski,1,469.2981700672193,0.0752694165174682
3938643,ad2fc874-c658-4f87-b7b0-bbfcfbbeeff3,Poland,Sebastian Szymański,1,458.12472471472734,0.16711089429021636
3938643,610d1f38-62c8-4e6b-822f-33ef407e3e6d,Poland,Jakub Moder,1,748.471567763629,0.13848124573731282
3938643,f59c2bc3-c0cf-496d-96d8-917f3922ed77,Poland,Jakub Piotr Kiwior,1,716.0718656046666,0.13092052879269886
3938643,a3862cd9-f5f4-416f-9068-03189240c784,Poland,Jakub Moder,1,646.1257625144033,0.11898721198605516
3938643,ab36aa90-e9b8-4709-8550-9b44fc32d1a4,Poland,Piotr Zieliński,1,543.9907970775037,0.18056662227271125
3938643,69a97d82-a4f1-4152-a803-64b0b439a8d8,Poland,Jakub Piotr Kiwior,1,639.4757019407916,0.1480863360578897
3938643,6d2fae84-f91b-461a-a130-aa786f36bd7c,Poland,Nicola Zalewski,1,656.4127819152945,0.18441924502774812
3938643,4478ebf9-113e-455f-a84a-f9dd4cb4384b,France,Mike Maignan,1,544.8579558916149,0.04294937709521024
3938643,2e27b425-442f-434d-8572-5879c333bce0,France,Dayotchanculle Upamecano,1,301.61709896924475,0.06288939096890399
3938643,fe593c66-b227-45b9-a8e2-0c27c5666e46,France,William Saliba,1,292.53720057238974,0.06200451431800899
3938643,9da4b229-ff40-42bd-b164-0d6d15370c32,France,Theo Bernard François Hernández,1,553.7382023615772,0.05769150566597934
3938643,116de28d-adbd-4e61-a386-f03fc0cd75ce,France,Theo Bernard François Hernández,1,390.2025997139348,0.0997129452978552
3938643,7dfbf8d2-dd9c-4d2a-a446-48eb936c30f4,France,Bradley Barcola,1,374.355868748591,0.09184657232836764
3938643,e7023072-fed4-4eca-98ee-4a6edf647c83,France,Adrien Rabiot,1,362.15694514647555,0.09873476862399522
3938643,63b9d398-04e8-4317-8bd6-68cf6b7c756a,France,William Saliba,1,404.4291045851504,0.11271494728407924
3938643,710c842a-76db-488a-8a9b-8d5668701bb0,France,Theo Bernard François Hernández,1,390.4892761684518,0.0948606620801364
3938643,2c64cd32-8a8c-4ed5-badd-7eb04d65a6fe,France,Aurélien Djani Tchouaméni,1,387.24321324407794,0.11182567827715101
3938643,2e0261e6-d06b-4c27-8dbb-369818f207ee,France,Theo Bernard François Hernández,1,444.4415438756117,0.09206802842005958
3938643,98a221c7-ab13-4e75-881e-685562c5c123,Poland,Kacper Urbanski,1,192.06481307187764,0.17750019475912743
3938643,3708d4ee-40ed-4ba3-8f77-5d0c86e3567b,Poland,Sebastian Szymański,1,445.2917963579414,0.17950479764015492
3938643,a46063e4-f7cc-468e-a5eb-426ace9814c0,Poland,Przemysław Frankowski,1,343.12805652357605,0.18968692898566758
3938643,dbc21fa4-98b3-43f4-968b-55ae79ba612c,France,N'Golo Kanté,1,789.67813209794,0.060897802034229224
3938643,5e5c95c6-62e9-4a74-b69a-c0da8a7b1336,France,William Saliba,1,242.91476270126918,0.0445383868510475
3938643,1906bc6a-0c5e-4e23-a61e-7c4a2078abbd,France,Mike Maignan,1,270.5501900462871,0.041959149944359536
3938643,29a274d0-c6a4-43c9-9a98-89a51c016f72,France,Theo Bernard François Hernández,1,230.03740525771101,0.04987883170293691
3938643,e50e6629-ab16-4aa9-a237-ecba92c3cb26,France,William Saliba,1,251.06183191204425,0.05461970283674805
3938643,15d68407-02ff-4b60-88c1-720c7b3fb05d,France,Theo Bernard François Hernández,1,728.519699017391,0.06761843212407197
3938643,a7c85f79-4174-4ea9-8883-12b43c6493a7,France,Adrien Rabiot,1,750.972157016208,0.06784850827382118
3938643,6e47ce04-50dc-4c8c-a76f-bc6cf8495a91,France,Theo Bernard François Hernández,1,396.290979177816,0.0688104784442558
3938643,af17b1f2-bbf1-4065-8967-6168858a5c67,France,Aurélien Djani Tchouaméni,1,497.73060407649467,0.11959095046238025
3938643,90354bc0-ca4e-470d-80ee-84f8b1d4d837,Poland,Jan Bednarek,1,58.62596072853915,0.07194813370430886
3938643,e7021a02-5acb-4596-bfef-63ba59719ffe,France,Bradley Barcola,1,439.7541395904614,0.12063698869907372
3938643,40b39bd6-8328-4639-891e-13b5208af1b8,France,Adrien Rabiot,1,351.25907773770103,0.1195174721380655
3938643,a564a18b-ffbc-4f94-8aa2-b780132d519a,France,Bradley Barcola,1,166.4749640836477,0.19112959559338552
3938643,48edf9b9-fc34-48af-b32b-d1bd58f58c51,Poland,Piotr Zieliński,1,485.30435997276936,0.07318364068441677
3938643,b989d2bc-6d65-4420-8737-0446cfd2d6e2,France,William Saliba,1,734.3256296923928,0.14272025105920497
3938643,adceb407-8e5b-4e38-833f-0ebbadca79c6,France,Theo Bernard François Hernández,1,611.053322935926,0.10918463351618654
3938643,db9d2d74-8e64-4bbe-b6c1-1edb535fb187,France,Adrien Rabiot,1,559.8849116085131,0.1306608109069033
3938643,7f57dc3c-fc3c-48fe-8378-8dfb17e4ac83,France,Aurélien Djani Tchouaméni,1,392.60060919261787,0.15442111646404577
3938643,0787ec6b-b743-4dd8-a688-04e7af2e1fa8,France,Kylian Mbappé Lottin,1,460.99090947331575,0.10598951056852102
3938643,bf654be3-1f12-442d-b95b-d7164ffb7814,France,Ousmane Dembélé,1,109.20894133948826,0.8689972864437816
3938643,60884268-e0cc-465f-a9b3-bc6f4982f063,France,Theo Bernard François Hernández,1,144.06304889481933,0.5680294615571694
3938643,ebad5274-5028-4b9d-959b-c2b4a7bd118a,France,Dayotchanculle Upamecano,1,193.54655725276643,0.465695562529995
3938643,98e899dd-59bf-4036-899a-db1250c9fedb,France,Mike Maignan,1,605.676487064889,0.04631266159585264
3938643,80fa80ee-1fdf-4865-b68c-708b59e77903,France,Aurélien Djani Tchouaméni,1,571.1338802251232,0.06670245724033705
3938643,f133a92f-d38b-4b75-8c08-48b8c392aae4,France,Dayotchanculle Upamecano,1,620.120318194715,0.09582775294435211
3938643,cbce6ceb-99cc-490b-a7b2-18d0943dc1b1,France,N'Golo Kanté,1,341.07793163045164,0.06940887559056762
3938643,a207e413-5e63-4f4f-b047-f259628d6891,France,Ousmane Dembélé,1,441.19902949687946,0.08229423935646321
3938643,3293cc64-51cf-4bc2-afa0-33eb2f310a1e,Poland,Przemysław Frankowski,1,200.54701025622427,0.08742730356906361
3938643,ead28453-f8ae-475d-9879-c2e1bf1b1e1c,France,Adrien Rabiot,1,525.1414321785493,0.07866539408491939
3938643,628f60d8-298d-4a22-b97d-dd811b4fd527,France,Theo Bernard François Hernández,1,811.9303043448406,0.05523598953948752
3938643,be8131bf-4494-4efb-9c4c-accb34c19fe7,France,William Saliba,1,570.4916382436775,0.09372343578097081
3938643,4d6e6dd8-5013-436a-858f-a3b68c7e44e4,France,Theo Bernard François Hernández,1,499.0253602987834,0.10729527301228362
3938643,be78de8e-b70c-4a78-9d98-4d6b97465256,France,Aurélien Djani Tchouaméni,1,401.5943232425571,0.11697344696294305
3938643,ba33d8d8-43ed-4028-803e-c9cf48d694b7,France,Jules Koundé,1,518.2044644694613,0.1424458665822369
3938643,d9bfeb9e-b951-4ccf-a0e4-35ff1cb962e4,France,Ousmane Dembélé,1,268.8871908300926,0.27046185050408394
3938643,346d8e05-0883-49ad-9f2a-0b5c7643967b,France,Jules Koundé,1,195.97092581307487,0.3157057756613917
3938643,0d1c0202-3f20-4263-81e5-af27aee49dad,France,Aurélien Djani Tchouaméni,1,279.6651780804745,0.3015834420234096
3938643,c9941424-1c0a-4d21-b7ed-8450ab836d48,France,Kylian Mbappé Lottin,1,216.70935025966492,0.3700810912725063
3938643,7e6bf946-4686-41df-96a0-0b04497efd90,France,Theo Bernard François Hernández,1,243.3133037796459,0.3679977148941567
3938643,37956b2e-d12e-4285-9d74-02340ee7e92d,France,Adrien Rabiot,1,215.71120085416834,0.3806181640892864
3938643,841a4a19-7a27-4d71-a859-4c9197f37900,France,Kylian Mbappé Lottin,1,206.19551520167443,0.2964708393937352
3938643,b861fc5b-579a-47d4-a3fd-3940a19ada16,France,Ousmane Dembélé,1,204.01725240444335,0.30300046428315386
3938643,275aeabb-6ae5-453c-b4fc-9a96672792cc,France,William Saliba,1,196.93062542618074,0.07172526211493219
3938643,507f5a8a-0203-43dc-93f6-3f05e372731b,France,Dayotchanculle Upamecano,1,425.3153453951199,0.08386608642191715
3938643,1d00edcb-9179-484d-9b47-63c01c3cdaff,France,Jules Koundé,1,521.5281456905132,0.10786843660881403
3938643,68f366ee-c81c-444d-b0f2-12fb561674c0,France,N'Golo Kanté,1,445.0710139790879,0.13652860809593445
3938643,40bf84bb-f681-4dc5-b308-754291953616,France,Aurélien Djani Tchouaméni,1,414.6610773005017,0.10611604280954538
3938643,4407d3ce-260c-471f-bb6c-170f9b0605a4,France,William Saliba,1,370.9243107630756,0.1441377327698539
3938643,5f9be120-af6c-4542-a81d-c7ca23a1769b,France,Theo Bernard François Hernández,1,528.4875614153445,0.11961709234895986
3938643,ecde8de5-7eb3-4eff-b9cf-5950476eac8c,France,Bradley Barcola,1,285.0740813446435,0.21889431539797374
3938643,4b5491d5-28e3-461a-b50d-d3037419d35c,France,Adrien Rabiot,1,258.719160371361,0.2997018245747101
3938643,03592f1c-60fa-4250-8956-668112ead2bd,France,Kylian Mbappé Lottin,1,261.35602440247055,0.32844892086648764
3938643,10eff3ca-d253-4bbc-936c-9758c6638431,Poland,Jakub Moder,1,676.7980718649815,0.09774816556061154
3938643,72a102a6-0477-4d66-8aab-e11cd35b3cd5,France,Mike Maignan,1,448.5031626451698,0.04697605842374886
3938643,04f992fa-d94b-4999-9d33-ca90c9efb3e5,France,Dayotchanculle Upamecano,1,419.6402991985759,0.06387313632126469
3938643,9b254b73-02cc-4657-8b73-026560e99334,France,Theo Bernard François Hernández,1,596.3531038657843,0.07587061845097734
3938643,a1e81d86-b148-4426-985b-ad0532075784,France,Bradley Barcola,1,515.7593939379663,0.1184218828521132
3938643,d38c634b-bddc-4279-9c2f-2f1c79f68f6e,France,Adrien Rabiot,1,178.421796697547,0.17390162859363675
3938643,a7821ca3-ea22-4990-8c18-68386d37caff,France,Theo Bernard François Hernández,1,327.4353889726755,0.15293367062097848
3938643,418b54f3-9113-4f4a-9e03-1e46d92bafb2,France,Kylian Mbappé Lottin,1,443.5888367472131,0.16245788488052537
3938643,ccb99285-75c8-46e4-bfb3-863e4454089c,France,Theo Bernard François Hernández,1,141.88435538431287,0.4966301407236611
3938643,163e1ea2-b4ae-4fe0-bbef-0d0e6d869738,France,Aurélien Djani Tchouaméni,1,415.9944844536244,0.13513378339390048
3938643,39817ede-79eb-487c-90bb-0c6ef7a73d48,France,Theo Bernard François Hernández,1,520.4820288730259,0.11226044549506163
3938643,7d2cc11e-25e8-4d58-83f2-bff14cd173fb,France,William Saliba,1,350.1927196298319,0.1351822666080933
3938643,499c5f51-8973-4bbe-bc4d-616b77f4ee76,France,Aurélien Djani Tchouaméni,1,342.0659812897767,0.13645721541084477
3938643,56acff0e-9547-45b0-8b38-6eb08bbad0f0,France,Theo Bernard François Hernández,1,418.2720411340046,0.1459092061259405
3938643,570917d5-4ecf-42a1-8b65-b483d4868987,France,Bradley Barcola,1,294.51710043985696,0.16778822273558858
3938643,bb7a978c-4b5f-4906-9d19-50a4b9bb95d7,France,N'Golo Kanté,1,225.29350539038984,0.19208362010724303
3938643,497c18ab-8459-4e53-b201-ec232cb0d6c8,France,Theo Bernard François Hernández,1,323.92785353163896,0.16692181860162858
3938643,b603ebf7-7d2e-495b-a029-3f2d5790c847,France,Kylian Mbappé Lottin,1,314.10579540763484,0.20074298872629923
3938643,8a48ca90-330a-472f-820f-819a8ce4bd03,France,Bradley Barcola,1,477.52330228722354,0.16027320108327692
3938643,256b1ebf-999d-4b5c-bcc3-85f9bcc9d234,France,Theo Bernard François Hernández,1,163.3757617463149,0.5616165783032474
3938643,9784ffc4-e5d5-400a-b88e-d9c49f20c9ad,Poland,Przemysław Frankowski,1,255.85216066521298,0.061984164362313854
3938643,ab505113-751e-4e4e-8064-962b79c01641,France,Theo Bernard François Hernández,1,356.6548204508061,0.14058398623828994
3938643,f3cf7329-3d97-4f17-8c86-071cf4f655aa,France,Bradley Barcola,1,453.1932879377227,0.16553759004785493
3938643,0925249d-1805-4685-976a-e1be74290bc0,France,Adrien Rabiot,1,400.4803639582746,0.15484336126825177
3938643,6a79f9e6-fa4b-40c9-9185-a0d3b0f5d5ef,France,Adrien Rabiot,1,342.0137876069176,0.05884035550303799
3938643,d83f0168-b06f-4389-8d46-c40dc5ef61b5,Poland,Jakub Moder,1,656.2760243354683,0.13428103092313165
3938643,27f035f4-275e-4a79-82d4-804ff30c80af,Poland,Przemysław Frankowski,1,561.4886179781731,0.11861743840242527
3938643,0da71fbd-80b5-42b4-8074-01d45c278c42,Poland,Jakub Moder,1,498.88573564406283,0.11100873111433271
3938643,6f1a58a8-0c4a-4458-bd45-54a2606cbfbf,France,William Saliba,1,513.9354980817334,0.09368487891122516
3938643,a407150e-c694-41df-8ab7-a3d56380045d,France,Theo Bernard François Hernández,1,235.8947118894826,0.0920910618785574
3938643,b7522b72-e288-43ba-bd78-4a1a54616894,France,Adrien Rabiot,1,210.0262998677056,0.11094353757726953
3938643,29d39eb0-7e4b-4763-9d96-c7100ae9103c,France,Ousmane Dembélé,1,168.28388448770994,0.6137610438786885
3938643,fdc4da64-78f6-4554-bafc-b2b0a384272b,France,Kylian Mbappé Lottin,2,614.8456791595826,0.11602639572689617
3938643,f7939ad1-6465-4d15-acd6-943f12f1b511,France,Aurélien Djani Tchouaméni,2,728.3117443055735,0.10871512199028571
3938643,c47e5642-c3cf-485b-a872-f39bcae514e4,France,N'Golo Kanté,2,806.988596336244,0.10355782379916544
3938643,ae81c843-aac4-4328-bd55-da3cfd4469e5,France,Dayotchanculle Upamecano,2,504.5476490928992,0.07090979747936604
3938643,6831acd8-1671-443f-b07b-6aa8ea633975,France,Theo Bernard François Hernández,2,859.0000211347214,0.09829559674951564
3938643,48dd3b6c-2a0e-4020-9411-518ba0f51d28,France,Theo Bernard François Hernández,2,457.40158916529884,0.1453328760881218
3938643,a91a8d6d-d93a-4433-b17f-a80da598c4e1,France,William Saliba,2,468.90392676744693,0.12396643275084741
3938643,76f03dd9-57dd-44fb-af46-f617752e3ec1,France,Dayotchanculle Upamecano,2,415.40053631949695,0.1306287539544844
3938643,b784c6e0-3502-4168-ba4c-5642067700c7,France,Ousmane Dembélé,2,574.91369280278,0.13741390187337932
3938643,e3700a4d-ec1a-4eb3-a57c-7a2d07cf3777,France,N'Golo Kanté,2,339.23273696255586,0.14272756511141588
3938643,2471d31e-1faf-4d0a-bf10-c16266b4c901,France,Jules Koundé,2,303.34624765531277,0.1492038008637689
3938643,a0da369a-9ea3-44ce-96d1-d792fbe9b7e1,France,N'Golo Kanté,2,322.57078826399595,0.1290005775917866
3938643,8d6f3171-e748-4840-a36d-ff286b45c6b1,France,Ousmane Dembélé,2,431.37618289163026,0.17316637113707428
3938643,02c3a935-1934-48f4-8098-fe4e0e3856a4,France,Kylian Mbappé Lottin,2,572.9694701128966,0.16692624706662887
3938643,93c81b49-a267-4a99-8bc2-5f6eee055966,France,Theo Bernard François Hernández,2,168.48265442348222,0.33846688731842123
3938643,f81ba67d-8226-487f-bb0d-82dc265f2655,France,William Saliba,2,476.788050327098,0.2039156601811463
3938643,593b7044-2ec4-4d89-bff7-6089f940d4a0,France,Bradley Barcola,2,520.3950345163877,0.1920350524851603
3938643,929e4b3d-0a9c-42d3-b7a0-c7ab5ad5ed4c,France,Dayotchanculle Upamecano,2,496.7474637410676,0.07683863290670052
3938643,65e3a43b-42b4-4979-b059-dea24ee8af85,France,Jules Koundé,2,559.1648101213898,0.11022965875860774
3938643,17fc2aaf-9340-4f30-80b8-be8b727191cd,France,N'Golo Kanté,2,510.02772919415315,0.09369516616408524
3938643,db0b8122-d0f0-4d5e-8dfd-bceff0082088,France,Jules Koundé,2,437.18613731992684,0.09168940025733345
3938643,145348a2-337b-489e-a2a8-b3b8a8fa6ce2,France,Ousmane Dembélé,2,432.02923193066374,0.17295886371011635
3938643,e7b28148-4aa5-46cb-9267-078ae065a7df,France,N'Golo Kanté,2,314.8600604498237,0.1783044967331822
3938643,8eec5e68-37b9-4097-9789-36bb0127efdd,France,Ousmane Dembélé,2,247.9512547359824,0.18207173924882558
3938643,7eeafb1a-935e-426c-b318-0311eb535aec,France,Adrien Rabiot,2,203.3065003539743,0.1838516362606795
3938643,7d409525-eda7-4676-bee7-32cecf387212,France,Kylian Mbappé Lottin,2,204.45674931907587,0.16740651915062033
3938643,73d3cea6-ff15-466d-ae46-c10a024f561b,France,N'Golo Kanté,2,223.2784693348391,0.16712492786469266
3938643,ddc2fc11-315f-4c5d-a28d-fe819588f761,France,Kylian Mbappé Lottin,2,267.5623260009737,0.16473215847976366
3938643,0faa1ced-6b3a-44d6-b240-19d133455ef9,Poland,Paweł Dawidowicz,2,477.69250337507907,0.05951664204468703
3938643,abc89263-5f93-40b8-8712-28c5febe777b,Poland,Łukasz Skorupski,2,686.9314496764785,0.048862184889856414
3938643,69c5a1d7-62bf-447a-a8e5-884416ab050e,Poland,Jan Bednarek,2,790.7658430759702,0.04857320963948923
3938643,18643516-1084-4801-afe8-bb706c21c28c,Poland,Przemysław Frankowski,2,809.6282598901346,0.046104468815984234
3938643,2946a8da-0020-4bd5-9904-b77d4a2e99d4,Poland,Robert Lewandowski,2,1064.266494859103,0.05752562966626046
3938643,a6bbd2fe-be71-432e-9cff-d71badbc0695,Poland,Sebastian Szymański,2,870.4957933644577,0.07639411061193009
3938643,fda42849-fb32-44bb-b095-ac57540ef89a,Poland,Piotr Zieliński,2,786.2753481359741,0.07498546752649517
3938643,ae65cad6-ae9d-456b-8fab-09b994613f1b,Poland,Sebastian Szymański,2,442.1887020717444,0.10751296289235157
3938643,0f49e319-c281-44bd-9a3f-f67bb0cf9971,Poland,Przemysław Frankowski,2,383.62223788670394,0.13284191006901586
3938643,ab3e631f-f08b-4378-8fa8-5c247cc4af32,France,Adrien Rabiot,2,105.60410959452574,0.06467840077850007
3938643,e6ebfd96-de84-4c99-a450-c7a56034a7ec,France,William Saliba,2,125.63184710488525,0.05663731718226925
3938643,0c5e7a1c-68c5-4e9f-9430-5b3eaa830cb7,Poland,Jakub Moder,2,445.64551985587616,0.22116600841396755
3938643,e2833dc7-423a-4006-9e61-caa3fd7379fa,France,Adrien Rabiot,2,486.4030651184563,0.06558794199687884
3938643,4ffe2d84-05e1-44db-af33-1fa3b2c309d3,France,N'Golo Kanté,2,452.8717705490217,0.07355354839694699
3938643,7f1d4983-0098-4ee8-9fcc-93af72ec0672,France,Aurélien Djani Tchouaméni,2,501.50009885924453,0.061362330294350155
3938643,acc91c8d-8e4e-4f57-92de-0ea19b6f60a3,France,Jules Koundé,2,546.7362904403162,0.03834516427825819
3938643,94b4381f-5d17-4daf-8323-18ea3c519a07,France,Ousmane Dembélé,2,255.64854088865593,0.17533488944709819
3938643,c6fa537b-34e6-4c83-bebd-2c402af967af,France,Ousmane Dembélé,2,93.37631323497723,0.9919141006859092
3938643,af0c9c3b-53e1-4882-8cf6-35dc626b62a8,France,Jules Koundé,2,116.77290330131446,0.3559455809130262
3938643,0885601f-48fb-4b86-990e-48c1153b87a5,France,Ousmane Dembélé,2,138.95074376320272,0.5113978461971979
3938643,84fc9683-872e-4fe1-86d0-dc53289e5990,France,Theo Bernard François Hernández,2,183.99920198124687,0.41708315811975816
3938643,d1a0d12d-1440-49bc-a117-842ae2592d34,France,N'Golo Kanté,2,271.1920919649511,0.11712583385849111
3938643,01b02c78-60cc-4dc3-a99a-edbd3dc19b33,France,Jules Koundé,2,460.83744737014325,0.12104082074230788
3938643,efd74c01-b85d-44c0-b794-927d1ab5dc3f,France,Ousmane Dembélé,2,378.67123741377395,0.10857992682137617
3938643,ffed47ad-8629-4291-a854-5ad44e0b6c0a,France,Adrien Rabiot,2,268.7762551191942,0.18578914223961604
3938643,070b8cb3-5e2c-408e-b56a-949cb753e623,France,Theo Bernard François Hernández,2,458.2056109231124,0.16464390841083376
3938643,b52032f6-ff90-4ce6-9e9c-aa3554039118,Poland,Paweł Dawidowicz,2,635.5386607534879,0.05426157784684805
3938643,3a97220b-1425-4fc9-83c8-f2d25e477450,Poland,Nicola Zalewski,2,454.94115469795986,0.04323127690467631
3938643,b158ca76-c53e-4007-902d-797ea33fa04c,Poland,Jakub Piotr Kiwior,2,548.4493001038012,0.03831294163662531
3938643,aa34feac-6ab8-4cb2-a6af-2be5faeba4a9,Poland,Jakub Moder,2,491.2681513857808,0.036100078056941654
3938643,e5fdd012-2ac5-48b1-8024-15477251174a,Poland,Robert Lewandowski,2,849.2402507448937,0.04944541451408889
3938643,8d11345c-a5e9-4cae-b9d5-ed237a487765,France,Jules Koundé,2,607.1899678608005,0.12165403274389122
3938643,72b3edb0-4333-4ea4-b345-2a0892d67678,France,Aurélien Djani Tchouaméni,2,563.2604829961186,0.16538422451270596
3938643,a3344eab-26a3-4023-9498-a9a5d9daa8bb,Poland,Przemysław Frankowski,2,798.4547847258506,0.09800329634755589
3938643,c3fbcde3-a471-4a79-9b02-b00d0066d41b,France,Theo Bernard François Hernández,2,656.9601224412961,0.08793664142138882
3938643,ccb7f7de-4a35-42f7-91ec-9cab8a5b57cd,France,Adrien Rabiot,2,610.0430855694015,0.1166154125860886
3938643,196df8c1-2ea3-4295-9e31-2f0f46709e73,France,Adrien Rabiot,2,388.58984953722006,0.23770111283223344
3938643,db12853a-e19c-413a-b37b-0393b0c26ac4,France,Kylian Mbappé Lottin,2,350.24155286988344,0.25395015013229405
3938643,7cba4845-43b0-44a0-a03a-f740250cd513,France,Theo Bernard François Hernández,2,296.1444977425117,0.25155891522626717
3938643,a45b8aac-a22e-4207-a295-0a9220f9e96f,France,Kylian Mbappé Lottin,2,209.61335108240533,0.3560531111473439
3938643,1c785945-4ca5-4cf0-a19f-c359aec09ab2,France,Theo Bernard François Hernández,2,214.85918121353382,0.31466020826352187
3938643,d949872a-7a7f-4ff7-a67f-94c96d2efdbb,France,Kylian Mbappé Lottin,2,196.77983774993274,0.5366382446662595
3938643,82f9953c-e6f5-48d9-839c-f1d272e38e50,France,Aurélien Djani Tchouaméni,2,263.0087025495337,0.2868622393091062
3938643,aa5839b8-610d-49f5-976c-12f284b4d66a,France,Jules Koundé,2,347.99164110349955,0.2598362993107642
3938643,27c12388-641c-48e8-b5fd-2ee05765d14d,Poland,Jan Bednarek,2,222.3842255963309,0.07130334728067135
3938643,0a7bb19f-0950-40b3-b8b0-215c1ef108cf,France,Aurélien Djani Tchouaméni,2,205.50029087976358,0.2735899922826579
3938643,571d0434-887e-44b5-860b-80b7ee273822,Poland,Jakub Moder,2,711.550795030603,0.09277682400882527
3938643,8c26d822-4d89-4c02-afe2-37be4262f95a,Poland,Piotr Zieliński,2,566.617739610357,0.09522735127721292
3938643,2ca83083-4e53-4f48-8d81-bf6125ead091,Poland,Przemysław Frankowski,2,685.7772096833194,0.08867528182453267
3938643,426c4782-ccc7-46d1-bd17-4d4a8457d1c1,Poland,Jakub Moder,2,462.8349272114707,0.10775755441430168
3938643,99dea717-5daa-49f3-8483-f191c6233e72,France,Jules Koundé,2,353.8620949264888,0.07324985503657032
3938643,414e2b45-5805-4fe2-88ce-f77ad40e6fcd,France,Dayotchanculle Upamecano,2,593.7516359902475,0.06790347645145244
3938643,be826a8a-d6b7-4b6c-9716-65d669b91593,France,Theo Bernard François Hernández,2,777.7893953472286,0.07597491993698004
3938643,426f6e73-a696-45b4-95f2-029c78667b60,France,Theo Bernard François Hernández,2,428.6197471885683,0.10346099454846605
3938643,ce70eab1-26a9-4d17-93ce-3c235f199529,France,Kylian Mbappé Lottin,2,315.9894450893746,0.1422577670584091
3938643,ea546c67-d3b7-452f-8ce1-62ade6beb4d8,Poland,Paweł Dawidowicz,2,611.589950623628,0.08838266886380687
3938643,8f1fd166-1243-4a91-b0c1-cb8d37039729,Poland,Jan Bednarek,2,657.6871027077052,0.05618691198854352
3938643,24283b34-4342-43bc-a655-7ae7ed2ada5d,Poland,Jakub Moder,2,621.6474862156458,0.05901524720523229
3938643,4e226747-6543-486b-b8ba-ff78cf9ca64c,Poland,Przemysław Frankowski,2,678.139731298316,0.057906568782164936
3938643,0c032d6d-17e6-46ba-b314-0714541625d9,Poland,Przemysław Frankowski,2,499.7547969289692,0.08465191183937538
3938643,fc914e5d-c562-4d89-b3ab-10a9671929b4,France,Aurélien Djani Tchouaméni,2,471.4985276662736,0.08847346902581595
3938643,f1028ac9-3150-433e-8522-e08ee7dfec4e,France,Bradley Barcola,2,485.0432731115186,0.08718642002159219
3938643,ea85d578-506c-4a76-b8ec-ef260c2c9e92,France,N'Golo Kanté,2,383.29505382827074,0.09651870563300889
3938643,766e3c1b-5d69-4201-960c-2ea96481be3e,Poland,Paweł Dawidowicz,2,354.5510812318791,0.07288036968982542
3938643,368dc6c2-b0bf-4653-bc5c-528f16f03949,Poland,Jakub Moder,2,332.54153083267715,0.07795917532387059
3938643,f8597f68-ea9f-4d8c-82fb-453974bbe3fc,Poland,Jakub Piotr Kiwior,2,545.5914515139493,0.055044771387861666
3938643,963c745a-fd1c-4268-9250-de0883e834e5,Poland,Jakub Moder,2,469.3755650702724,0.08752372332929367
3938643,13a54ba5-42a2-40d6-b333-7e2630dc0aaa,Poland,Jakub Piotr Kiwior,2,478.1172453804825,0.064381250247532
3938643,772c99ff-49d8-466e-b8dc-6f7ee1c681c4,Poland,Nicola Zalewski,2,660.0161311121398,0.06117637374822273
3938643,21e11e50-85aa-4875-9d1a-3d97c5dff51b,France,Aurélien Djani Tchouaméni,2,537.875312772376,0.05655693240039454
3938643,632bc15d-0705-47cd-a28d-15de150f1a47,France,Dayotchanculle Upamecano,2,510.84038227729843,0.053582182817880186
3938643,438e10bf-baa1-4c8f-89ba-d29db3c5867d,France,Mike Maignan,2,499.7831080821905,0.06718743744436945
3938643,13ceb76d-365d-4145-994c-2c539310b203,France,Dayotchanculle Upamecano,2,629.4092717109063,0.05108661278727136
3938643,33f8e31d-24ce-408a-9051-c5320bb618c4,France,Adrien Rabiot,2,1100.8724904009507,0.04828852219185639
3938643,b22a0270-9401-4666-8d30-830adf915326,Poland,Piotr Zieliński,2,464.568829180814,0.11623596411949813
3938643,b188980d-2344-4cfd-9551-bd43ea8e1a74,Poland,Jakub Moder,2,547.0360701511995,0.10439019442871172
3938643,2937a184-bf14-462c-9b0f-220bdfc1ff93,Poland,Jakub Piotr Kiwior,2,654.2945608690973,0.07658078677402425
3938643,1370d1c1-7558-46d3-b220-f4104d0ee957,Poland,Jakub Moder,2,602.0607367020248,0.09729427014063047
3938643,f9f2cb3c-67da-4801-a5e2-b983ae087727,Poland,Robert Lewandowski,2,557.8670099542064,0.11300042774443804
3938643,fb6335b2-07ad-45df-9e4d-2d16dda037c9,Poland,Sebastian Szymański,2,238.3562702563654,0.18429133316431548
3938643,70a5ae9d-67b3-41fd-8ee5-d67c2f2ba86c,Poland,Nicola Zalewski,2,164.86233700969896,0.27248862644548155
3938643,f2201567-87df-47d4-9be0-eec85cd1aa7d,Poland,Jakub Piotr Kiwior,2,569.9734857775198,0.2932197843645446
3938643,49a1e104-ec3b-43a9-8b90-43ccbf9d6ce7,France,Jules Koundé,2,195.92458623109195,0.04070963933017122
3938643,164c2392-2ca0-4d20-90ce-d0fd3223f22c,France,Adrien Rabiot,2,372.7521935926798,0.04463172393331614
3938643,a751c48b-0e6d-4f68-b407-a377ffa1cc3b,Poland,Jakub Moder,2,296.1281077844874,0.20194892004149892
3938643,8549f223-4db5-47d9-9817-f292af50604d,Poland,Piotr Zieliński,2,344.3152480009643,0.12383226114256737
3938643,67da8bd1-6c73-47f7-849c-6a1f6322c32e,Poland,Jakub Piotr Kiwior,2,379.57374409080154,0.11139074744036565
3938643,48ddf92a-162e-4bb2-becb-2d94982ba0ba,Poland,Piotr Zieliński,2,446.5101622700448,0.11910955397774277
3938643,e72e3188-955e-4d7a-8233-f819abf4b8ad,Poland,Jakub Moder,2,424.10399428836564,0.10877366101046114
3938643,4190ddeb-3c89-4a2a-857c-c809cc553a9f,Poland,Jakub Piotr Kiwior,2,545.5433533837871,0.13112587978527582
3938643,0db3f1b9-d922-4e48-af10-54b4c502b2b1,Poland,Nicola Zalewski,2,546.7491060340603,0.147595602513143
3938643,8a5a3305-7339-42a2-9a82-d8581221db06,Poland,Piotr Zieliński,2,431.1053561698089,0.19537663686163811
3938643,1baf2b4b-b6da-4f7b-9d7e-1df463e4e082,Poland,Przemysław Frankowski,2,415.70025140850635,0.06852467752414473
3938643,46529cd2-1855-4fc2-82ef-558bee9a7aaf,Poland,Paweł Dawidowicz,2,596.995149484653,0.07892079675435879
3938643,9e26b03b-a622-4f5a-a812-e8d4f0434c30,France,Jules Koundé,2,450.28900086585213,0.08880714299961819
3938643,1daca903-4dda-4a78-a1b7-45844dfc5a1e,France,Dayotchanculle Upamecano,2,514.4757535983207,0.07111119833713957
3938643,0116e7af-4123-4d65-91b0-6762c2a45eaa,France,William Saliba,2,521.581407686527,0.06988297705447621
3938643,5c591247-9c6f-4522-a586-8a9ea79cad41,France,Kylian Mbappé Lottin,2,670.6275298319555,0.09865472559343753
3938643,cd7f6166-674a-41fd-a172-30b9ec2a6cf5,France,Theo Bernard François Hernández,2,686.5442096764349,0.12316971549674144
3938643,30582629-acb5-43a3-9bf3-51da8e157a9e,France,Adrien Rabiot,2,662.7552139674362,0.12116708382937878
3938643,dadd3540-1a69-40f0-910c-6c5cdb83068b,France,Theo Bernard François Hernández,2,549.0663189722737,0.12809784616727682
3938643,e91b2118-3adc-4129-915f-8fda4aeed4b4,France,Aurélien Djani Tchouaméni,2,606.746329061043,0.12086646408072667
3938643,51a5fbc4-5417-4a64-b52d-5bdb179f5a9a,France,N'Golo Kanté,2,627.7140575131497,0.10561025347846612
3938643,715342d8-36ba-4d4f-8f9d-342ac0b8197f,France,Jules Koundé,2,653.0502070570486,0.10927029642026029
3938643,f0bc4b45-cfcf-4f11-a108-a70fdf1ed1a6,France,N'Golo Kanté,2,596.546224632753,0.1283215752190915
3938643,ec3a9bb9-5079-4403-8a6f-180db6235c6a,France,Ousmane Dembélé,2,233.29047565920615,0.21111688094209397
3938643,94eeb4b1-e59e-44b3-8459-45d25dfbb768,France,Jules Koundé,2,209.1342819552762,0.24201358789205143
3938643,d20fcaf3-e3ac-408a-aa57-a03821eebbce,France,N'Golo Kanté,2,162.43659219901585,0.23393946824907205
3938643,284dc33f-cd6d-4c1d-9fb8-23cef420a176,France,Theo Bernard François Hernández,2,552.1955456323453,0.17557237415819257
3938643,42d33ce4-5189-4bbe-8e8a-1464cf1ccc2e,France,Kylian Mbappé Lottin,2,342.32922754819657,0.15015853067254312
3938643,b4552593-bce1-4059-9cbf-e383f06a5417,France,Theo Bernard François Hernández,2,304.213986402778,0.1630488253708638
3938643,8ebcd58b-e2ff-4892-9234-53b88845a7e9,France,Aurélien Djani Tchouaméni,2,359.1594917035557,0.19545782946219992
3938643,481a6392-fbd3-491c-aaca-0019e91095c4,France,Jules Koundé,2,285.75558833546427,0.2251474978965866
3938643,8e9b21ed-fb12-4bf4-94e1-553b71ec84f7,Poland,Paweł Dawidowicz,2,601.619597515373,0.0413647730005123
3938643,022fda5b-5e76-47d2-b5b2-5c090e79c959,Poland,Jakub Piotr Kiwior,2,1039.9022309020315,0.05686587253602529
3938643,9cbb89a9-e414-4159-9e48-2c25553c6c0f,France,Mike Maignan,2,577.4994546580799,0.04958383400054609
3938643,80487c8f-4fe9-41c2-999c-e223165ef074,France,Olivier Giroud,2,906.648581777001,0.08990013094983768
3938643,01118cc7-9de9-4902-8ffc-b83746ed2c71,Poland,Nicola Zalewski,2,946.00370262038,0.11977172122976015
3938643,be288ef1-93a5-481a-84e9-332e9c864050,France,Jules Koundé,2,660.9430181040041,0.09976521582408303
3938643,074e5037-ab28-466f-966c-d60330a147ee,Poland,Łukasz Skorupski,2,706.1487910007664,0.06383374220417348
3938643,c3d86328-a3fc-4ac2-9845-cc1bacb389d4,Poland,Jakub Moder,2,818.8329866024787,0.07123715294296548
3938643,c4ff6e93-0d7a-4014-b93a-1c0168a261c1,Poland,Paweł Dawidowicz,2,396.4704783879556,0.05103766126169785
3938643,6c918ed8-f8c4-4afc-b6b5-583e5e5f54b0,Poland,Jan Bednarek,2,599.487047596804,0.07310413317884024
3938643,e899a764-a417-467f-a247-25b4d83aa402,Poland,Kacper Urbanski,2,589.86422428433,0.07570429720204372
3938643,d5cbe416-3d6f-4734-a216-521fefa1d262,Poland,Jakub Moder,2,626.1124943787156,0.06409308701803851
3938643,e6a1818e-e4a0-4b4c-82ab-9fafce82db7f,Poland,Jakub Moder,2,634.1865754152019,0.08561415323059841
3938643,2829aa86-fadc-453f-96c5-d4230ee42472,France,Jules Koundé,2,466.19657038370264,0.06439654590679732
3938643,13f46306-0862-40d8-8e97-778b56c962ae,France,Ousmane Dembélé,2,226.10564818528204,0.2684997588293803
3938643,b581b394-8682-4d44-9eaf-bad616efaf4d,Poland,Paweł Dawidowicz,2,555.4466837869935,0.06031184274698821
3938643,817d2163-9d42-47fa-8b7d-8ecbf61a9d41,Poland,Jakub Moder,2,533.6674455229648,0.06597361057161222
3938643,77b44aee-e21d-4e62-9d8e-7d6c93d82611,Poland,Jan Bednarek,2,598.2550275213266,0.07805738522058177
3938643,9c9f28b1-9095-4ed4-98aa-f4bfce8dcf6a,Poland,Paweł Dawidowicz,2,638.1530592236317,0.057540021570472555
3938643,51b8f6a0-d5f3-4f45-a611-ec6e5dd5bfcc,Poland,Piotr Zieliński,2,626.7899702968679,0.05881346363694241
3938643,0b2a303d-1439-4f9b-b190-be6c379f0404,Poland,Jakub Moder,2,604.6574874677286,0.06405543165656045
3938643,17fb80e6-2772-4bc8-b6e1-389ce807e6d0,Poland,Paweł Dawidowicz,2,579.9055816294506,0.0659571783155628
3938643,759c0f50-7bea-4714-99d5-615091a41da0,Poland,Jakub Moder,2,556.9249407907357,0.07301109480651291
3938643,f413eb10-f05e-4a59-822e-ebe1bd7af9b6,Poland,Kacper Urbanski,2,546.3584022417689,0.0883184469352841
3938643,e68021db-53a6-4999-afa9-f897b84764e8,Poland,Paweł Dawidowicz,2,510.4491889456095,0.07828144362182687
3938643,b19d6976-88a6-4147-96b3-2f243eed002d,Poland,Jakub Moder,2,559.706975172395,0.091764517677049
3938643,6770623d-b961-4415-984c-f3903e55772a,Poland,Piotr Zieliński,2,212.15612858594378,0.17185841719520834
3938643,5026caff-ae5e-4018-b920-633ea2563602,France,Ousmane Dembélé,2,879.7026737280643,0.060579735051393295
3938643,741142c8-705e-4b60-a691-e75a7edf0e7d,France,Olivier Giroud,2,785.4528999269659,0.06934552899944729
3938643,bf926c52-f216-496c-bd2c-f6ecda229e2a,France,Antoine Griezmann,2,732.0559419864516,0.08183335315508095
3938643,879bc059-a002-49c5-b38c-0dca287a5cfb,Poland,Jan Bednarek,2,263.4379531485754,0.11878535166795556
3938643,44430586-e787-47e9-86dc-cf5644c73eae,France,Theo Bernard François Hernández,2,267.25437153469426,0.06445327957889371
3938643,00f71d73-d448-4499-8abb-378fe47dbb0e,France,Eduardo Camavinga,2,457.85657903497093,0.08977459824731192
3938643,622dd21d-abbb-478c-a17a-babccf708eb8,France,Theo Bernard François Hernández,2,740.3698276825735,0.1071813770786233
3938643,2ec019b7-30ac-4a17-a43e-28b508b3fb45,France,Kylian Mbappé Lottin,2,865.958843692049,0.09634598275038729
3938643,bf660173-6771-4dca-a144-348cad83f2c4,France,Eduardo Camavinga,2,691.8725002124264,0.09447383428382236
3938643,3df68045-36b5-47d6-b6bc-ab1a9c0c5bc8,France,Olivier Giroud,2,538.612034732497,0.12991693027959664
3938643,36738888-56f3-447f-87b8-07af31789a80,Poland,Piotr Zieliński,2,784.4536512265327,0.0707076013684114
3938643,6231d1ad-ef44-45e4-8dfa-91307d31094c,Poland,Nicola Zalewski,2,507.31567559278835,0.057628687433783084
3938643,56d5da3d-f27b-4029-ac19-0b0dd19e893f,Poland,Jakub Moder,2,550.3236307469309,0.0759254854215523
3938643,da9505c2-78c7-45c4-935e-6e24424ca313,Poland,Jakub Piotr Kiwior,2,671.0413389156431,0.05960834304037701
3938643,768f3afd-409b-438c-8d08-e6ef9f885c75,Poland,Nicola Zalewski,2,500.14110643682983,0.057118795308802234
3938643,ddc839a1-0fa4-41fc-ad04-47938fe025ad,Poland,Robert Lewandowski,2,707.0447921107525,0.051851048489604964
3938643,5732a23c-28e0-4d58-a2d7-5757ac6a1979,Poland,Jakub Moder,2,619.3029057676539,0.05670618239593313
3938643,0f5f0d19-3b82-4e2f-965e-ff234aec3eae,Poland,Jakub Piotr Kiwior,2,539.2786151140484,0.058746087304876814
3938643,88081846-9e1e-4b62-940b-fad40dd579d5,Poland,Paweł Dawidowicz,2,427.1605504487588,0.06050779461914588
3938643,9dcc11f7-ce3a-4bee-9b82-b38bd7bde93d,Poland,Jakub Piotr Kiwior,2,457.2298970479501,0.057478920297241075
3938643,1fa36522-9a34-49b6-99f4-bd60ed9d609d,France,Ousmane Dembélé,2,348.1619493094729,0.09698149834648266
3938643,2ec6d925-82f5-47c9-ad97-bf4a80633826,France,Jules Koundé,2,823.974132653747,0.1107144768406465
3938643,24e830fe-b93c-4860-9c0d-d296991d0e6f,Poland,Łukasz Skorupski,2,590.0696394544906,0.07778156586690664
3938643,b3667c84-630d-4c31-a3cc-cb93d729a7d4,Poland,Piotr Zieliński,2,598.0164778168266,0.0880659263708001
3938643,90e0d7c9-4848-412e-bd4a-6a7e1e02f72e,Poland,Kacper Urbanski,2,578.2460320059395,0.0961202121049252
3938643,38012ebc-73fd-47e6-8ba0-29ea476f68fa,Poland,Piotr Zieliński,2,642.9597569925292,0.0881184745406743
3938643,3935878c-c4dc-49de-bd93-cea282124a8d,Poland,Piotr Zieliński,2,214.33622713155978,0.1712840685324194
3938643,5049de60-0958-4e7b-918e-8746547ebea7,Poland,Kacper Urbanski,2,489.11310462994993,0.23414353065717888
3938643,7e9ffd01-c514-4947-bbf5-bc2d505cf394,Poland,Jakub Moder,2,510.1978160135614,0.19911775564740009
3938643,54b1d8bc-311e-48c1-bebf-c43cfb691147,Poland,Kacper Urbanski,2,434.4078374763998,0.2409140849997532
3938643,4f8d3dcf-3d7b-4825-8393-db0f35e4553c,Poland,Piotr Zieliński,2,399.0079486712949,0.21098813477714837
3938643,b538c427-ad37-44e8-ab58-39c4d13c5233,France,Ousmane Dembélé,2,489.5199426338439,0.06893251441160615
3938643,fc3452cf-56b6-45cf-aae5-377dc3f527c4,France,Theo Bernard François Hernández,2,607.2627289794414,0.07577500366933576
3938643,6e8d98a2-5016-4011-9127-ccb081508a96,France,Aurélien Djani Tchouaméni,2,433.49059463717725,0.15585009504858377
3938643,897185d0-a37a-41b8-b5b6-00d0e88413a1,France,Theo Bernard François Hernández,2,731.1228963952954,0.14249554625717226
3938643,61a37bd2-ffad-457f-82de-f2ed1f204d7a,France,Eduardo Camavinga,2,553.6269286290657,0.140056519088056
3938643,5cba3050-013a-43c7-a8a0-fb36d9a64f00,France,William Saliba,2,462.77620539992455,0.07142908994656239
3938643,10af52f4-d646-4d56-ba09-55eaf5f131af,France,Dayotchanculle Upamecano,2,595.7751097277229,0.08901856577185821
3938643,d3c0aa72-b155-486f-b514-b3b7369b06d8,France,Jules Koundé,2,518.5523542059015,0.07261303077090776
3938643,4cc30d9d-c77f-4175-bd8b-dfda7e000125,France,Ousmane Dembélé,2,577.0897336910344,0.07366289138986054
3938643,533707e0-d727-4778-83f0-8366978e6821,Poland,Przemysław Frankowski,2,523.8882526671106,0.08937911118395558
3938643,aedc4c77-3eb8-4d37-af58-66c350c8320d,France,William Saliba,2,356.06557744979995,0.08472657638487727
3938643,bf84e822-5297-45e3-92a1-eff23aaa7b0e,France,Eduardo Camavinga,2,569.8898478321748,0.10578382033191776
3938643,8b035fd5-1c2c-4322-b931-75b1a3f34c79,France,William Saliba,2,432.53380050412113,0.06617859346467929
3938643,64a78651-c734-4d7d-ad7a-434a79aced72,France,Aurélien Djani Tchouaméni,2,453.35603236977045,0.06676845908382369
3938643,b6136606-30c9-446d-b174-10122083eaa2,France,Dayotchanculle Upamecano,2,621.9635436491914,0.06202140507315242
3938643,8fc1a824-3584-40ce-8a34-03d30f1a7b07,France,Mike Maignan,2,298.17711752925396,0.06080608142346862
3938643,1dc738b0-7e79-4273-8809-53fe6c48f23c,France,Ousmane Dembélé,2,567.2598719522703,0.060853273765305006
3938643,697993a2-af82-4e17-930c-7b298fa579eb,France,Jules Koundé,2,570.2823755653399,0.08880742536408039
3938643,a9078d4b-7ef2-474f-ba9a-e9b291592a4b,France,Dayotchanculle Upamecano,2,452.4567840045844,0.09060894667426093
3938643,b47975cb-becc-4413-a1b2-20660e70fa13,France,Kylian Mbappé Lottin,2,467.4791092191252,0.06645005659055289
3938643,3ee2db82-6dd6-48c5-acb2-f23ad2de4307,France,Theo Bernard François Hernández,2,250.39973160302515,0.26006451673211617
3938643,0d8cce70-33ea-47b7-ab24-bb6632b3bb5e,Poland,Przemysław Frankowski,2,144.82397117371679,0.049751419383634095
3938643,3692fd92-ee6f-4c66-9b04-73fd24cfce9a,Poland,Jan Bednarek,2,482.88675098361693,0.06208942750019928
3938643,d1df11fe-73b0-459c-b266-7ec9c559a866,Poland,Kacper Urbanski,2,386.628810071723,0.07822750734407384
3938643,ddc019b8-0f10-4bf9-a8ee-d880b4d30b87,Poland,Paweł Dawidowicz,2,717.7969191715126,0.06930342171479059
3938643,c63d3bc7-ba0f-4f63-9c7b-13384bff990b,Poland,Jakub Piotr Kiwior,2,661.0431764734267,0.06775851981792795
3938643,347e19a7-7ec2-43da-bbb5-4b9710aea920,Poland,Jakub Moder,2,338.2134849001651,0.0750490327815347
3938643,681816bd-3956-4c24-87f0-de6d6c3effb6,Poland,Kacper Urbanski,2,309.08909474040894,0.07847491966651464
3938643,a54fb6d3-e1ec-4982-b967-126de89396ba,Poland,Paweł Dawidowicz,2,247.13299017275347,0.04938554027774831
3938643,d414d660-c237-4bf9-b1e9-11d5cbc493cd,Poland,Jan Bednarek,2,497.5001765181052,0.0785436560131891
3938643,bd7e1b00-ee72-4d26-83b0-eea10f7f68d2,Poland,Jakub Moder,2,529.5467741637258,0.09244394236646787
3938643,943a308e-8c44-4b2d-839f-7d3a07fe09fb,Poland,Piotr Zieliński,2,556.4990525122132,0.08158098631442262
3938643,b397b629-e371-48d2-be41-2e46bf102bdb,Poland,Jakub Piotr Kiwior,2,384.1390577821355,0.06689466170354545
3938643,56c05264-de52-4d5a-a69b-8dfb38840fc1,Poland,Piotr Zieliński,2,301.1447958978805,0.07220060118951989
3938643,050452e5-fecd-4334-8b50-0f1f939985ba,Poland,Jakub Moder,2,366.00952224306343,0.07864253381479172
3938643,7f731695-200e-4bda-a6bb-3056ae2e33fd,Poland,Jakub Piotr Kiwior,2,511.6301254742357,0.0820104307318544
3938643,ef466faa-2e59-453c-be36-8a4933dc0b2d,Poland,Piotr Zieliński,2,444.09117180764514,0.08325562651374467
3938643,05878e6f-e3a7-4613-bd7c-5d6c8a738648,Poland,Przemysław Frankowski,2,593.3296073310826,0.06188559954689423
3938643,3d43b31f-f98b-466d-ba5a-581b46eb1cb8,Poland,Jakub Piotr Kiwior,2,594.4674138875355,0.07497279835971171
3938643,15674a27-0782-4a12-80c5-52fce6596981,Poland,Przemysław Frankowski,2,505.0934864830207,0.06848083243682056
3938643,c23e7250-98f0-44a7-9183-2b678002bbac,France,Eduardo Camavinga,2,423.888203889451,0.062205667233913194
3938643,4686330b-a8cf-4a71-a31e-1830984c8a4c,Poland,Michał Skóraś,2,327.1548242464412,0.14328006272684185
3938643,1ffa1472-3fed-4caf-9757-4b23566d136d,France,Theo Bernard François Hernández,2,326.5909901466731,0.061662044269706756
3938643,f93853f2-7fb3-4182-94a4-9408d08254d1,France,Kylian Mbappé Lottin,2,645.172780427899,0.050912234398782175
3938643,aab1f7f7-5c04-45e6-a3ef-281775374f6b,Poland,Paweł Dawidowicz,2,652.8152961992507,0.0814503572329748
3938643,6cb79064-efa5-4005-b3e3-90a69af3a86f,Poland,Jakub Piotr Kiwior,2,328.2033495847332,0.08866253490160761
3938643,dca233ee-6f05-47a1-9177-c01255cb6d56,France,Ousmane Dembélé,2,548.7323243069081,0.07466204238595911
3938643,3dc2c9da-c729-40f5-84db-4d8b0fb9bdbd,France,Antoine Griezmann,2,370.8103823717205,0.08329971566840219
3938643,58e6dbc2-d584-49c9-8553-aa9441119e76,France,Jules Koundé,2,577.6640761617197,0.08197753102560267
3938643,5b76e7c4-56af-43f8-a072-fd3d6cd3708c,France,Kylian Mbappé Lottin,2,770.8047181658665,0.14415646871415688
3938643,b92321bc-1fe1-4e11-b800-dac54d053f51,France,Theo Bernard François Hernández,2,763.2340454828874,0.16842742035280014
3938643,a5a94a55-097b-4c33-99f6-236dcc08c2ca,France,Eduardo Camavinga,2,589.0143400673339,0.15006241678615803
3938643,f5ee4931-9936-4519-80a0-f8cc740ecc81,France,Theo Bernard François Hernández,2,568.1650524006843,0.15577794598380257
3938643,d991630e-05be-4436-9229-9fe7e04900c5,France,Kylian Mbappé Lottin,2,513.7763603508913,0.1845942209598694
3938643,2f0c1bd7-53c0-42c8-b9a0-8c363be3c924,France,Theo Bernard François Hernández,2,619.7337695953788,0.16443552783510185
3938643,1d09df0e-5623-4f60-bbbc-3d337957af26,France,Eduardo Camavinga,2,426.5029687606579,0.18522890585110813
3938643,bb1911cf-2a76-4509-97b2-b328e89e5a2a,Poland,Jakub Moder,2,596.374997025489,0.08674007627023494
3938643,6767a148-bee4-466c-b4b3-010117c44d3f,France,Olivier Giroud,2,617.9843592112784,0.1465298391031981
3938643,f1d647c9-0246-48b9-807f-8deeebc13351,France,Aurélien Djani Tchouaméni,2,596.2365441366477,0.16276484200987662
3938643,7c615c78-df5c-48c1-b3fa-3ef661e42909,France,Theo Bernard François Hernández,2,634.208876417359,0.14946666173263878
3938643,e19a0e1b-c22d-4fb1-ae96-43400046635a,France,Eduardo Camavinga,2,302.8828509233377,0.19606998124818475
3938643,3b0548c2-a719-4915-bbe2-4123391d81a7,France,Kylian Mbappé Lottin,2,162.69764535911017,0.28394521042449145
3938643,03e324fd-6bdc-40bf-b30a-a5ee630ff78e,France,Aurélien Djani Tchouaméni,2,261.1693850520275,0.3168401506221646
3938643,94100e3f-785d-415d-a197-14da9933c801,Poland,Przemysław Frankowski,2,415.28868390991477,0.06587010817588579
3938643,501ae2ab-583b-4ab6-8d8e-c85fe0e04316,Poland,Piotr Zieliński,2,398.40419781580067,0.06099313137939398
3938643,09933b5b-f90b-44ff-97cb-08e6b91951ac,Poland,Robert Lewandowski,2,356.713499002779,0.05864036061600155
3938643,e84b2425-bd08-4476-89e8-13aa4a7c6e55,Poland,Kacper Urbanski,2,321.2614261938615,0.06148646734323094
3938643,43c02ba9-3d1a-4007-abeb-30c95a837979,Poland,Piotr Zieliński,2,615.8025339942876,0.14887046039821422
3938643,cb25bf6a-d67a-4824-84be-5e3b412d7a01,Poland,Kacper Urbanski,2,559.919534736026,0.14164022479526855
3938643,2c2ff3a3-0206-4830-abf7-53fa63a73b5e,Poland,Przemysław Frankowski,2,255.71084486766995,0.1917376716388588
3938643,f8741b49-50df-45f9-9d66-47add064a6e4,Poland,Przemysław Frankowski,2,178.68521633737254,0.21066127346816654
3938643,0271611d-d219-4a9e-9a4c-a7cbc02601bc,Poland,Robert Lewandowski,2,386.68125727418214,0.21868035720006346
3938643,61a371eb-b623-4984-8758-422a01a28634,France,Aurélien Djani Tchouaméni,2,568.8233950394932,0.11356087391010562
3938643,74464d91-2cf9-48cb-bdf7-4076a03bc3a7,France,Jules Koundé,2,657.8944280398699,0.08507686526986419
3938643,ca98f1e7-5a7c-4c03-a55f-881d42a72ecf,France,Dayotchanculle Upamecano,2,733.6197752743632,0.08756722837405223
3938643,5f457f04-0400-4fab-9643-d43afb7d111b,France,Theo Bernard François Hernández,2,697.0010051494144,0.0900055422635031
3938643,39fbce55-429f-4bf9-aee0-c79f327d2a28,Poland,Michał Skóraś,2,1267.892735703006,0.10974250269847793
3938643,168541d1-bdf0-46a2-b874-bc224d495c4c,Poland,Robert Lewandowski,2,933.9694772194692,0.12619658351832846
3938643,0da6009c-5fb0-43df-83c4-2d9e0da4306c,Poland,Jakub Moder,2,1083.5539638584958,0.13897140639963743
3938643,7db519cf-d02e-47f5-a733-5e118e3ce6b2,Poland,Piotr Zieliński,2,789.218271843531,0.1347045449516271
3938643,8bc74496-1f74-4be5-81f8-2cd2f37f42ac,Poland,Paweł Dawidowicz,2,672.0672970863136,0.13438554407993827
3938643,358263cb-8fed-4472-bc11-5ad737e86337,Poland,Jakub Moder,2,639.0766055907693,0.1133832040123156
3938643,134af552-af5d-4431-b0d2-2757b3dfd782,Poland,Jakub Moder,2,405.85062461733673,0.08203440380134312
3938643,8f003e98-9e39-446a-bc70-6677d15d6322,Poland,Przemysław Frankowski,2,333.94583461041424,0.10915732287735729
3938643,2a8456ef-20a4-47bb-b335-a9a2f7326571,Poland,Piotr Zieliński,2,440.202923905869,0.09465018888977844
3938643,47607581-47a3-4b79-bf24-d66b2216d1d1,Poland,Jakub Moder,2,830.1166444844065,0.09395792243548794
3938643,3999c7b3-4dd2-4b86-9a8b-85f472952412,Poland,Jakub Piotr Kiwior,2,700.1513309151696,0.06292395558153267
3938643,b626b592-cb8e-42e0-aed4-181fdd198736,Poland,Paweł Dawidowicz,2,395.82286019648177,0.06832944503644205
3938643,0959f732-6923-44e9-82fc-dd31efbe7902,Poland,Jan Bednarek,2,292.4776075976175,0.05468200137059171
3938643,3a857c9d-44e6-4918-a48c-45ce70432578,Poland,Jakub Moder,2,205.06970238124882,0.05016474786609282
3938643,1da6a8e2-7752-4802-a153-e885b3fb3277,Poland,Paweł Dawidowicz,2,186.61981758150543,0.0443260972772683
3938643,1e54581a-0020-4af2-95f9-1fa0547615d0,Poland,Jakub Piotr Kiwior,2,442.38148284156944,0.04001125735551118
3938643,e8175c71-01a1-4775-8a61-1e18acde01bd,Poland,Robert Lewandowski,2,669.0330992474353,0.07280944476114067
3938643,a84f57bb-d81f-4c28-a532-3374f7b11ed2,France,Jules Koundé,2,549.0133624585603,0.0396932632698237
3938643,721b03b7-5507-48bb-8328-5ec506bccea6,Poland,Przemysław Frankowski,2,631.3898277773305,0.15394239188427486
3938643,8792bb90-d591-40db-b4ac-b6880ab203e9,Poland,Jakub Moder,2,518.9084221719967,0.15442576130585747
3938643,238f14aa-7185-4234-952c-572f0629beeb,Poland,Paweł Dawidowicz,2,452.6811120424404,0.12132340843327447
3938643,a933479e-8392-47fc-88a3-e632ec77095a,Poland,Przemysław Frankowski,2,568.8842273100458,0.11207408714159536
3938643,4f971afa-aebb-4931-b8f5-0a68941b380f,Poland,Jakub Moder,2,556.114703419,0.1127319171262772
3938643,35248b18-157e-4bbe-bcad-e1fc74901d53,Poland,Przemysław Frankowski,2,126.48070711406827,0.17241913080526958
3938643,6ec5bc6c-4f4d-4c73-8a73-8fc10b558230,Poland,Piotr Zieliński,2,158.51343771776035,0.2156686346155513
3938643,2dababfe-a07d-4d76-9e4e-b72a4e4f9825,France,Mike Maignan,2,645.9658176130607,0.051125554355240396
3938643,fa0a9f71-9e3b-4502-8e2d-b7771b3469fa,France,Dayotchanculle Upamecano,2,629.5430022918626,0.05651386453722891
3938643,735cbef3-ad16-4a2a-83a7-01708602830d,France,Youssouf Fofana,2,597.7902409879389,0.05378470008557592
3938643,34405ea1-d50c-4cef-b71d-c70fce895019,France,William Saliba,2,740.4364340821793,0.06222479759592115
3938643,68b48586-c9fc-408d-bb43-372f3eaab7d6,France,Jules Koundé,2,456.11483709362153,0.07028742715363688
3938643,f8359303-cc3b-461b-b6de-43b0a0b0ac24,France,Youssouf Fofana,2,473.6921895281433,0.07471026014652513
3938643,6966d801-ca18-4a85-8c5a-d705643dff86,France,Antoine Griezmann,2,523.6031252916227,0.08105734667239137
3938643,382c7d78-765a-478a-a905-fa3334b95f93,France,Youssouf Fofana,2,503.3195746020024,0.06898762464784884
3938643,66820a92-d169-4feb-b282-17168a931cc3,Poland,Jakub Moder,2,587.6259074295476,0.10617408636512038
3938643,52ba995b-5065-4293-8e6f-247434e80ba7,Poland,Przemysław Frankowski,2,537.3584159588379,0.0855741831613104
3938643,84ee418d-8170-402f-94af-3f7e0e5df0d6,Poland,Jakub Piotr Kiwior,2,520.8289862626492,0.08548275885775221
3938643,9bd1f542-3e41-46b5-ab7e-09c1de268d2a,Poland,Karol Świderski,2,471.8036769951711,0.0924101885249417
3938643,d5dbe26e-5265-44fc-ab94-555408027266,France,Dayotchanculle Upamecano,2,518.6191845188155,0.05288293615415316
3938643,990739e2-6c8d-46ba-ad58-e9ee5e509ccc,France,Mike Maignan,2,344.8659215785562,0.04945641184594947
3938643,c0658817-225e-46ce-8863-908d3b5ddd5f,Poland,Piotr Zieliński,2,498.15750616441284,0.078200286632477
3938643,09ce4621-57da-4f33-8a46-0eb77fbae231,France,Mike Maignan,2,485.8190574326965,0.045094020750489835
3938643,4254717e-a7f5-44cf-939a-1dfe6dd96732,Poland,Paweł Dawidowicz,2,719.2953357449422,0.1043135732733348
3938643,57cb799e-7d94-4678-a467-43eb7d0fadb4,Poland,Jakub Piotr Kiwior,2,508.43200855575503,0.10055756999538731
3938643,f0c51eb8-0f7d-465d-b9b8-164e0e58b949,Poland,Paweł Dawidowicz,2,599.2226241148651,0.07720348859733232
3938643,2f2711db-258d-4a7b-ade0-11cee6c816f8,Poland,Przemysław Frankowski,2,927.7588736294985,0.06850176882741202
3938643,93b1b471-8a09-41da-9d71-b7f633d429d7,Poland,Jakub Piotr Kiwior,2,417.00734727849135,0.2155301184145714
3938643,e7e74d34-e510-4d11-a535-a37a90286df8,Poland,Jakub Moder,2,411.5475482497657,0.2792025711428084
3938643,9951958a-6b30-4faf-9c08-399ded42bddd,France,Dayotchanculle Upamecano,2,411.57356568935666,0.09373917161693372
3938643,dbc7f71d-87d9-4df8-b6dc-6fb3cc1b75cd,France,Antoine Griezmann,2,391.342407918159,0.11122308964818212
3938643,eabc7923-604c-446e-b82b-dcdc2b2fdb06,France,Jules Koundé,2,461.51159660822134,0.11439179044059312
3938643,5e54ebe0-ee06-4e7a-a40f-9adb0c2e9dc4,France,Dayotchanculle Upamecano,2,386.55594275133853,0.13525135296727048
3938643,6b3d3e4f-41b6-4c4b-99f1-7d8729ed103f,France,Eduardo Camavinga,2,642.0325924677855,0.13649468532698025
3938643,37e55d61-ddbf-4689-b07c-bb0b923db909,France,Eduardo Camavinga,2,571.3371775685649,0.1375707843505483
3938643,2884d78c-a03e-4d05-a1f2-6a829047b5d0,France,Kylian Mbappé Lottin,2,712.2718715915657,0.1595324393044156
3938643,287e9296-4fb8-4bff-b3f1-1d2912490860,France,Ousmane Dembélé,2,395.6754378758182,0.236124812036967
3938643,7119d367-a977-4474-8740-9dab5ac4dd70,France,Jules Koundé,2,284.1079636869968,0.26806504322890123
3938643,154196f7-61a4-46ec-81e1-72f33f36641e,France,Kylian Mbappé Lottin,2,291.8762856789973,0.372837796491492
3938643,31a7c2ce-727a-45d0-b2a1-0e9c789ce85c,France,Jules Koundé,2,275.76145848003705,0.35699116995216684
3938643,5991697a-6bdc-41ac-8d11-65f038743f6e,France,Theo Bernard François Hernández,2,391.4396083069156,0.38119624383349365
3938643,defaf8c8-6ae0-40a0-9389-f1d374c04e33,France,Youssouf Fofana,2,467.9835719563226,0.2488185069577132
3938643,5d19da92-bbc7-41e8-8c6b-33386aecaa23,France,Theo Bernard François Hernández,2,339.20269905645165,0.256898215266144
3938643,586a6636-776c-4e8b-bcc0-240d7dcc0710,France,Antoine Griezmann,2,376.5364612311283,0.32935106225794814
3938643,824c6c19-4afa-4079-89ba-a7352f3b62ab,France,Kylian Mbappé Lottin,2,89.39988348872859,1.084819932280646
3938643,1ba993f0-07fc-4a15-8f99-d3f3b052f22e,France,Antoine Griezmann,2,121.6230529983317,0.6580940004589433
3938643,82c3ad40-e8f3-487a-8a44-6b8becc31231,Poland,Robert Lewandowski,2,493.36162781096385,0.06362878298870946
3938643,ca296c81-609f-4142-93d7-b88efe8707ff,France,Jules Koundé,2,646.9840912,0.15185684419981815
3938643,c8191b19-3051-463d-b642-619f90a70a1a,France,Eduardo Camavinga,2,526.0344775385938,0.21524437485993625
3938643,df9cb0f4-09d6-43ad-9025-3f92be1f9c27,France,Youssouf Fofana,2,442.36979211534214,0.22566639187090676
3938643,cc71aa23-e51d-49c2-919c-15102df343b0,France,Olivier Giroud,2,370.6295225938349,0.23848481756228218
3938643,30f12e5f-5834-4468-9c44-6198afccda00,Poland,Piotr Zieliński,2,308.0113290417138,0.05606760488862811
3938643,1aa503c3-636e-421d-a260-9ecd8de01576,Poland,Jan Bednarek,2,350.87123006104025,0.05485324166617539
3938643,90772d9b-f7b4-4402-9109-e2388aa00968,Poland,Piotr Zieliński,2,352.38277652470856,0.059407629457458595
3938643,71e2e45a-fa0b-40b0-b9ac-2f4b2d55c795,Poland,Jakub Moder,2,330.81396191867117,0.0620890680692659
3938643,2f6c2d9f-2813-44a2-8679-b3866c3a8920,Poland,Jan Bednarek,2,332.7857132071835,0.058230389392800216
3938643,3332baa6-6b64-462e-86a4-6bc386806adc,Poland,Michał Skóraś,2,295.4583707886588,0.06382062146581223
3938643,6a65982d-137f-4d49-b55a-86cab6371da9,Poland,Piotr Zieliński,2,455.7758216468563,0.07188065867971585
3938643,8c5b34d2-d418-40cc-b5b3-f999c0d678b2,Poland,Jakub Piotr Kiwior,2,521.6083562524421,0.06764725912734325
3938643,1bc8c9e3-a7ae-44b5-b68d-20588db7daf5,Poland,Przemysław Frankowski,2,504.41456909267333,0.06367931023620226
3938643,e3087c84-9a97-4403-9115-27873f4a4291,Poland,Jakub Piotr Kiwior,2,288.5191852073302,0.0868027848476597
3938643,b17e2bcc-c8ba-49a5-a9f4-74a5d3ce2890,Poland,Przemysław Frankowski,2,363.9278433462575,0.07550129811835679
3938643,c303b804-6646-459c-8da5-d6672d5541d1,France,Jules Koundé,2,543.5463507977552,0.048559797709471934
3938643,f415779f-bd71-45aa-b918-70ed5b8b2d7a,France,Kylian Mbappé Lottin,2,598.0686918026039,0.09990736644962703
3938643,65ceaf52-2217-4d84-9659-8ec453c0c2d4,France,Theo Bernard François Hernández,2,496.79573565564533,0.21980511798091362
3938643,416ea0e5-30eb-4f37-8dbb-92a73b34e3df,France,Eduardo Camavinga,2,385.51682110153143,0.232536999865944
3938643,07bbfd7d-bc8c-45c9-b6db-3daffb792372,Poland,Jakub Moder,2,708.9977674282278,0.07123626149658416
3938643,6ae6be71-0563-464a-a046-60c3ef20eb3a,Poland,Kacper Urbanski,2,749.9364808718077,0.06680162687880377
3938643,f4ca588a-2c2a-454c-8338-66b642f7603c,France,Youssouf Fofana,2,549.6463216874538,0.08979397700510022
3938643,15ebe4ac-71d7-46d4-9800-e04c7e9c9a05,France,Mike Maignan,2,189.7875671915984,0.07000496239013537
3938643,3fbfb0ba-2860-4846-8d82-4d2f86ec5d0d,France,Jules Koundé,2,365.9319261380286,0.09920321422349396
3938643,da672654-0872-450e-9060-c14b048eca14,France,Dayotchanculle Upamecano,2,444.12359314667094,0.11682672326986925
3938643,2dbf0bb3-346b-400d-b0f3-897dcbd1d4a5,France,Youssouf Fofana,2,518.6749709091252,0.14239005690862738
3938643,db630e23-87ca-48e3-8463-a9c24602a410,France,Kylian Mbappé Lottin,2,347.45544901184945,0.2303547872647028
3938643,c3600893-3074-4e40-b718-4e8ffb105ad1,Poland,Jan Bednarek,2,151.97674380895992,0.06991498029382368
3938643,50c20ed1-2bf8-4d23-a68d-5538fbdc2631,Poland,Kacper Urbanski,2,308.5678904933575,0.08125209342180514
3938643,d1bb54f0-6fc7-4f3c-985e-32490b1b8419,Poland,Kacper Urbanski,2,539.6850140669419,0.132873985745783
3938643,481389ea-f44f-49f2-aba2-3e85bebe1c08,Poland,Jakub Piotr Kiwior,2,607.6017722321109,0.10208855728077257
3938643,c7732a61-33a2-4ef0-a1c9-77708a0c3887,Poland,Jakub Piotr Kiwior,2,665.950295310985,0.0888871316803215
3938643,11922c71-f767-4954-822f-30c8fa9813d0,Poland,Łukasz Skorupski,2,346.98852366517633,0.03933260907901285
3938643,31bd0138-8e77-48f6-a2d9-e43c96ad1b09,France,Kylian Mbappé Lottin,2,427.73455638701193,0.47196012644480073
3938643,519356d5-1713-4028-85a8-8c0fc76e02e0,France,William Saliba,2,172.69592539897275,0.6535416300325898
3938643,89d71aef-7127-446f-b44b-b148bf6c47e6,France,Youssouf Fofana,2,467.42525974701306,0.33787637926967534
3938643,e015fee7-51e2-4790-a07e-4eb6925e0e00,France,Theo Bernard François Hernández,2,660.5894440511967,0.17385590860532937
3938643,3ce41d67-d812-4130-aa84-36fac5de78c1,France,Mike Maignan,2,395.9729939897193,0.14126974544949472
3938643,672b93e9-7d72-45fe-979e-ce21f4e6f476,France,William Saliba,2,580.8233575411856,0.1101072465357945
3938643,74557d1d-74d3-45e5-a2b9-1f86baea7f37,France,Eduardo Camavinga,2,522.712745873025,0.11811784959303605
3938643,4fbf937d-dcf2-4929-b035-998572a4dbc8,France,Antoine Griezmann,2,514.5341087202473,0.1157477377542106
3938643,0d302b08-682a-4e04-a230-82c316413b5a,Poland,Michał Skóraś,2,650.435690350104,0.07335915418382219
3938643,008c6d87-83bd-42d6-8e8a-06671bcc8fc2,France,Theo Bernard François Hernández,2,760.4594600826177,0.11429597818123527
3938643,056c839e-39da-4c93-a6bd-9b26a6d2e074,France,Jules Koundé,2,716.4984035827626,0.10832503527524091
3938643,8d7e1224-8346-4031-b9c1-3965fa2fdfa8,France,Eduardo Camavinga,2,607.5981149377983,0.11418741685300565
3938643,86bee3f9-7f47-46b8-9f09-87e3f93308be,France,Dayotchanculle Upamecano,2,506.3428526747536,0.10486277843034096
3938643,6691b5fd-3155-4996-9a18-df11dffe24bb,Poland,Michał Skóraś,2,497.2001848779128,0.1009340835997608
3938643,edc411e6-68a8-4424-997e-6267fa7857c7,France,Kylian Mbappé Lottin,2,715.6883407134824,0.11688721266261595
3938643,c7042f79-e2fa-46d1-a492-0e09f510cb34,Poland,Łukasz Skorupski,2,294.7050455453146,0.07074158788749285
3938643,aaf91b94-7fa7-4ac4-9eaf-317fbe4cf203,Poland,Jakub Moder,2,437.4131655682471,0.10835202695594313
3938643,80ba50cf-23d3-4a2f-8d47-d55c77f56fc2,Poland,Piotr Zieliński,2,435.8555660462702,0.09840924149434158
3938643,61b756e5-ec71-402a-9591-62e9043f125f,Poland,Michał Skóraś,2,580.7889799184619,0.08178558224269934
3938643,02d105f3-e9e5-4d52-a128-8ddfb495eb6e,Poland,Piotr Zieliński,2,602.6456405011147,0.10182413672806145
3938643,c85a71cf-aad9-4c54-bf47-c5fef54a2182,France,William Saliba,2,167.37552503687323,0.05078167740625838
3938643,ae816ec0-82b2-49c4-a937-2e2f012045ec,France,Jules Koundé,2,485.62866649317283,0.0790398325974217
3938643,2090246a-affb-464b-a834-9dc98c2ca86b,France,Dayotchanculle Upamecano,2,420.02891345627864,0.10176960559515716
3938643,0108bb15-ef8e-4a07-b2b9-a9546abd9014,France,Theo Bernard François Hernández,2,642.7455596138183,0.12700167015355224
3938643,c4446152-5deb-48ed-984f-6136d53885ad,France,Kylian Mbappé Lottin,2,270.81829496666893,0.26301598157352385
3938643,8446403c-2916-4d51-b9f6-55f56b66e0bf,France,Jules Koundé,2,156.85708248699999,0.6681843936529137
3938643,67c890dc-d094-4a0f-b0e5-2d945f5aaa27,Poland,Jakub Piotr Kiwior,2,840.8575673129951,0.08955808068024726
3938643,838625c4-bea1-4263-9523-7c11512f5270,France,Mike Maignan,2,305.4726728683375,0.0743353500379812
3938643,9c4492b8-46e1-45a8-8fb8-3362ee6e8f8c,France,Olivier Giroud,2,494.5174222565473,0.1832135429165091
3938643,ddb06793-fa45-4787-a63c-8e2fb502272e,France,Youssouf Fofana,2,436.2275637723096,0.1879511803132497
3938643,376c5086-0a7f-4868-9ca3-694b3f6f2058,Poland,Karol Świderski,2,585.2354988419432,0.07987146769903743
3938643,8deac3aa-f24a-4fbb-80ab-73883355a7cf,Poland,Jakub Moder,2,673.0974756389667,0.12837305507836624
